{
"type": "FeatureCollection",
"name": "mo_house_districts",
"crs": { "type": "name", "properties": { "name": "urn:ogc:def:crs:OGC:1.3:CRS84" } },
"features": [
{ "type": "Feature", "properties": { "district": "041", "name": "State House District 41" }, "geometry": { "type": "Polygon", "coordinates": [ [ [ -91.111251, 38.872709 ], [ -91.110603, 38.909615 ], [ -91.072651, 38.910394 ], [ -91.069902, 39.051652 ], [ -91.050281, 39.051274 ], [ -91.049946, 39.058173 ], [ -91.060863, 39.058336 ], [ -91.061075, 39.054468 ], [ -91.067355, 39.0546 ], [ -91.064411, 39.066291 ], [ -91.044286, 39.067523 ], [ -91.044107, 39.072146 ], [ -91.033231, 39.073135 ], [ -91.029213, 39.077972 ], [ -91.02394, 39.077995 ], [ -91.024159, 39.069388 ], [ -91.014007, 39.067056 ], [ -91.013452, 39.070339 ], [ -91.017947, 39.072638 ], [ -91.01388, 39.07836 ], [ -91.014632, 39.084002 ], [ -91.023568, 39.090974 ], [ -91.022029, 39.09367 ], [ -91.011033, 39.093261 ], [ -91.010912, 39.100636 ], [ -91.007224, 39.100403 ], [ -91.007426, 39.093026 ], [ -90.991779, 39.091918 ], [ -90.991723, 39.095364 ], [ -90.986614, 39.095232 ], [ -90.986487, 39.099158 ], [ -90.981647, 39.09899 ], [ -90.981598, 39.102217 ], [ -90.985716, 39.102387 ], [ -90.985517, 39.106287 ], [ -90.97249, 39.105936 ], [ -90.972098, 39.098628 ], [ -90.953368, 39.098049 ], [ -90.953694, 39.089796 ], [ -90.916344, 39.09012 ], [ -90.916056, 39.097814 ], [ -90.897582, 39.097923 ], [ -90.897656, 39.090516 ], [ -90.887383, 39.090562 ], [ -90.887493, 39.083053 ], [ -90.892377, 39.083051 ], [ -90.892406, 39.075509 ], [ -90.887639, 39.075545 ], [ -90.888028, 39.056651 ], [ -90.892415, 39.05676 ], [ -90.892534, 39.050106 ], [ -90.878731, 39.050855 ], [ -90.879293, 39.046552 ], [ -90.866691, 39.04534 ], [ -90.841198, 39.046304 ], [ -90.841423, 39.039404 ], [ -90.846037, 39.039397 ], [ -90.846511, 39.032019 ], [ -90.841537, 39.03133 ], [ -90.841637, 39.024168 ], [ -90.850626, 39.024103 ], [ -90.850786, 39.006211 ], [ -90.854907, 39.006318 ], [ -90.852977, 38.990882 ], [ -90.855859, 38.990942 ], [ -90.855956, 38.987727 ], [ -90.853275, 38.987841 ], [ -90.857021, 38.986615 ], [ -90.846593, 38.986181 ], [ -90.842218, 38.972519 ], [ -90.802008, 38.972175 ], [ -90.802304, 38.969186 ], [ -90.79219, 38.968806 ], [ -90.792361, 38.964714 ], [ -90.783088, 38.964484 ], [ -90.783442, 38.95323 ], [ -90.788426, 38.953919 ], [ -90.78961, 38.949104 ], [ -90.794191, 38.950067 ], [ -90.800191, 38.936134 ], [ -90.808108, 38.937195 ], [ -90.809047, 38.934612 ], [ -90.801479, 38.932844 ], [ -90.802794, 38.923079 ], [ -90.819672, 38.928912 ], [ -90.846231, 38.926431 ], [ -90.843943, 38.914279 ], [ -90.84872, 38.910368 ], [ -90.842163, 38.909179 ], [ -90.837603, 38.901038 ], [ -90.823945, 38.890861 ], [ -90.832549, 38.885182 ], [ -90.827168, 38.880823 ], [ -90.830178, 38.877923 ], [ -90.836594, 38.884118 ], [ -90.835431, 38.879968 ], [ -90.844492, 38.884072 ], [ -90.851301, 38.883574 ], [ -90.850463, 38.880146 ], [ -90.85528, 38.884759 ], [ -90.859594, 38.881718 ], [ -90.86291, 38.887263 ], [ -90.870788, 38.888707 ], [ -90.900496, 38.885993 ], [ -90.902177, 38.889743 ], [ -90.912138, 38.89064 ], [ -90.933455, 38.885049 ], [ -90.937757, 38.888199 ], [ -90.940387, 38.88653 ], [ -90.950312, 38.895083 ], [ -90.957555, 38.893285 ], [ -90.958536, 38.870865 ], [ -91.111251, 38.872709 ] ] ] } },
{ "type": "Feature", "properties": { "district": "079", "name": "State House District 79" }, "geometry": { "type": "Polygon", "coordinates": [ [ [ -90.268224, 38.609853 ], [ -90.266484, 38.618486 ], [ -90.250348, 38.617743 ], [ -90.253172, 38.618882 ], [ -90.24442, 38.621287 ], [ -90.242135, 38.627109 ], [ -90.247659, 38.628193 ], [ -90.236296, 38.645403 ], [ -90.241631, 38.649591 ], [ -90.226271, 38.670048 ], [ -90.222019, 38.668197 ], [ -90.219644, 38.671557 ], [ -90.207346, 38.66409 ], [ -90.199955, 38.665525 ], [ -90.197826, 38.661739 ], [ -90.204991, 38.659372 ], [ -90.202802, 38.655531 ], [ -90.205618, 38.650699 ], [ -90.209247, 38.65199 ], [ -90.211683, 38.64483 ], [ -90.215901, 38.645716 ], [ -90.212807, 38.63676 ], [ -90.204234, 38.634965 ], [ -90.207732, 38.624734 ], [ -90.21778, 38.62739 ], [ -90.218136, 38.624018 ], [ -90.224139, 38.62498 ], [ -90.225165, 38.622728 ], [ -90.218898, 38.621418 ], [ -90.221309, 38.613776 ], [ -90.233144, 38.612553 ], [ -90.234545, 38.605867 ], [ -90.268224, 38.609853 ] ] ] } },
{ "type": "Feature", "properties": { "district": "042", "name": "State House District 42" }, "geometry": { "type": "Polygon", "coordinates": [ [ [ -91.485654, 39.069832 ], [ -91.484936, 39.144857 ], [ -91.260232, 39.139845 ], [ -91.264287, 38.992762 ], [ -91.18839, 38.992141 ], [ -91.189348, 38.932151 ], [ -91.110187, 38.931901 ], [ -91.111251, 38.872709 ], [ -90.958536, 38.870865 ], [ -90.964469, 38.547241 ], [ -91.01029, 38.563891 ], [ -91.02143, 38.57352 ], [ -91.037222, 38.598576 ], [ -91.055898, 38.608267 ], [ -91.077324, 38.609343 ], [ -91.125148, 38.597704 ], [ -91.182957, 38.607896 ], [ -91.223683, 38.620149 ], [ -91.228444, 38.629823 ], [ -91.227035, 38.64171 ], [ -91.232986, 38.65134 ], [ -91.259813, 38.666601 ], [ -91.313093, 38.706715 ], [ -91.326092, 38.708057 ], [ -91.34912, 38.695435 ], [ -91.397327, 38.708444 ], [ -91.418637, 38.709778 ], [ -91.411371, 39.00766 ], [ -91.392637, 39.00736 ], [ -91.39209, 39.067465 ], [ -91.485654, 39.069832 ] ] ] } },
{ "type": "Feature", "properties": { "district": "044", "name": "State House District 44" }, "geometry": { "type": "Polygon", "coordinates": [ [ [ -92.480317, 38.881306 ], [ -92.473246, 38.901734 ], [ -92.439358, 38.90122 ], [ -92.44961, 38.890295 ], [ -92.445005, 38.886142 ], [ -92.42137, 38.88126 ], [ -92.41973, 38.885966 ], [ -92.414553, 38.883702 ], [ -92.412756, 38.886856 ], [ -92.402723, 38.88575 ], [ -92.400899, 38.883416 ], [ -92.392576, 38.892184 ], [ -92.38244, 38.89206 ], [ -92.383154, 38.881439 ], [ -92.380001, 38.881389 ], [ -92.382844, 38.870662 ], [ -92.398763, 38.869333 ], [ -92.395599, 38.873812 ], [ -92.401061, 38.876298 ], [ -92.401376, 38.867591 ], [ -92.392169, 38.867366 ], [ -92.390894, 38.863712 ], [ -92.373903, 38.863341 ], [ -92.373305, 38.885073 ], [ -92.366491, 38.884944 ], [ -92.368851, 38.881353 ], [ -92.364253, 38.881264 ], [ -92.364306, 38.87822 ], [ -92.36148, 38.878173 ], [ -92.362948, 38.875111 ], [ -92.355456, 38.873 ], [ -92.349408, 38.874795 ], [ -92.34541, 38.8806 ], [ -92.345707, 38.869741 ], [ -92.342613, 38.874626 ], [ -92.332811, 38.874052 ], [ -92.329584, 38.879212 ], [ -92.326919, 38.878623 ], [ -92.33142, 38.884525 ], [ -92.330462, 38.891765 ], [ -92.295529, 38.89119 ], [ -92.29592, 38.876722 ], [ -92.291145, 38.876657 ], [ -92.28647, 38.878412 ], [ -92.286163, 38.887818 ], [ -92.276242, 38.894773 ], [ -92.278367, 38.8961 ], [ -92.270638, 38.896253 ], [ -92.270701, 38.891306 ], [ -92.25802, 38.88158 ], [ -92.25739, 38.91232 ], [ -92.276237, 38.912516 ], [ -92.275732, 38.925303 ], [ -92.268333, 38.926935 ], [ -92.268508, 38.923384 ], [ -92.257062, 38.923401 ], [ -92.256854, 38.929079 ], [ -92.23809, 38.926701 ], [ -92.237575, 38.941258 ], [ -92.256154, 38.943244 ], [ -92.246572, 38.953403 ], [ -92.237131, 38.953351 ], [ -92.23731, 38.94824 ], [ -92.227877, 38.94838 ], [ -92.227669, 38.95574 ], [ -92.237064, 38.955901 ], [ -92.2369, 38.9597 ], [ -92.227509, 38.959907 ], [ -92.227441, 38.963025 ], [ -92.236747, 38.96319 ], [ -92.229779, 38.968517 ], [ -92.217961, 38.968935 ], [ -92.217818, 38.977273 ], [ -92.229378, 38.977485 ], [ -92.229492, 38.972634 ], [ -92.236581, 38.973503 ], [ -92.236682, 38.970376 ], [ -92.240476, 38.970471 ], [ -92.240659, 38.963213 ], [ -92.236887, 38.960442 ], [ -92.246274, 38.960394 ], [ -92.247073, 38.964403 ], [ -92.255692, 38.963209 ], [ -92.25537, 38.972859 ], [ -92.24583, 38.97277 ], [ -92.24575, 38.97653 ], [ -92.255439, 38.978046 ], [ -92.255497, 38.985309 ], [ -92.241435, 38.988571 ], [ -92.241387, 38.991219 ], [ -92.253479, 38.995206 ], [ -92.25545, 38.9892 ], [ -92.263239, 38.98614 ], [ -92.269469, 38.989656 ], [ -92.268875, 38.995799 ], [ -92.26739, 39.00009 ], [ -92.24557, 39.00287 ], [ -92.24476, 39.02889 ], [ -92.26631, 39.02912 ], [ -92.269128, 39.02192 ], [ -92.278087, 39.022071 ], [ -92.27458, 39.02929 ], [ -92.282828, 39.029443 ], [ -92.282875, 39.020303 ], [ -92.292315, 39.020267 ], [ -92.287639, 39.016166 ], [ -92.296748, 39.018222 ], [ -92.297256, 39.007425 ], [ -92.292547, 39.007403 ], [ -92.292756, 39.000068 ], [ -92.302207, 39.000293 ], [ -92.304875, 39.014465 ], [ -92.302862, 39.01478 ], [ -92.306727, 39.015342 ], [ -92.306645, 39.022342 ], [ -92.311146, 39.022408 ], [ -92.311197, 39.018333 ], [ -92.315402, 39.020598 ], [ -92.315532, 39.015121 ], [ -92.31131, 39.01501 ], [ -92.311374, 39.007534 ], [ -92.313362, 39.014151 ], [ -92.319979, 39.014371 ], [ -92.320649, 39.01697 ], [ -92.323026, 39.014092 ], [ -92.32352, 39.0008 ], [ -92.331521, 39.001066 ], [ -92.331409, 39.004868 ], [ -92.32815, 39.0048 ], [ -92.33133, 39.006793 ], [ -92.329254, 39.008497 ], [ -92.34156, 39.01255 ], [ -92.345043, 39.019127 ], [ -92.33323, 39.02272 ], [ -92.335626, 39.024688 ], [ -92.331012, 39.038352 ], [ -92.33015, 39.07693 ], [ -92.323474, 39.075888 ], [ -92.32093, 39.078939 ], [ -92.31988, 39.105807 ], [ -92.31048, 39.1052 ], [ -92.30996, 39.11212 ], [ -92.30354, 39.11222 ], [ -92.29817, 39.12666 ], [ -92.299798, 39.132964 ], [ -92.295663, 39.13695 ], [ -92.28636, 39.13668 ], [ -92.286362, 39.140994 ], [ -92.25155, 39.14018 ], [ -92.24436, 39.13277 ], [ -92.2378, 39.13255 ], [ -92.23496, 39.15538 ], [ -92.23114, 39.15665 ], [ -92.2301, 39.16683 ], [ -92.201908, 39.165989 ], [ -92.19863, 39.242346 ], [ -92.104374, 39.239809 ], [ -92.110387, 39.064204 ], [ -92.131512, 39.064484 ], [ -92.129555, 39.062605 ], [ -92.132564, 39.059465 ], [ -92.132269, 39.051533 ], [ -92.128575, 39.047832 ], [ -92.133467, 39.044652 ], [ -92.135974, 39.032397 ], [ -92.140784, 39.030135 ], [ -92.140653, 39.027382 ], [ -92.134589, 39.027377 ], [ -92.13022, 39.023642 ], [ -92.133939, 39.011004 ], [ -92.14047, 39.00683 ], [ -92.138028, 39.005694 ], [ -92.140143, 39.000741 ], [ -92.138006, 39.002725 ], [ -92.136623, 38.999633 ], [ -92.139944, 38.988556 ], [ -92.138125, 38.985316 ], [ -92.141914, 38.980352 ], [ -92.146429, 38.980732 ], [ -92.143265, 38.967854 ], [ -92.148756, 38.96146 ], [ -92.14678, 38.958706 ], [ -92.152776, 38.946638 ], [ -92.153889, 38.9384 ], [ -92.151108, 38.937461 ], [ -92.154109, 38.934491 ], [ -92.153907, 38.924315 ], [ -92.160838, 38.925438 ], [ -92.155003, 38.915546 ], [ -92.164108, 38.907026 ], [ -92.168962, 38.896578 ], [ -92.158735, 38.894567 ], [ -92.155395, 38.88445 ], [ -92.148188, 38.885533 ], [ -92.148654, 38.880283 ], [ -92.156132, 38.880652 ], [ -92.1625, 38.865585 ], [ -92.149272, 38.866238 ], [ -92.147845, 38.857306 ], [ -92.154172, 38.853504 ], [ -92.150047, 38.851455 ], [ -92.145404, 38.854305 ], [ -92.148502, 38.845594 ], [ -92.14028, 38.845301 ], [ -92.142367, 38.841378 ], [ -92.15055, 38.839203 ], [ -92.145404, 38.833128 ], [ -92.152881, 38.826288 ], [ -92.142821, 38.821772 ], [ -92.145655, 38.815016 ], [ -92.138365, 38.817783 ], [ -92.135196, 38.814128 ], [ -92.142984, 38.813032 ], [ -92.144053, 38.806443 ], [ -92.150957, 38.806043 ], [ -92.145235, 38.796269 ], [ -92.150459, 38.797496 ], [ -92.152043, 38.803771 ], [ -92.158282, 38.80205 ], [ -92.155507, 38.795181 ], [ -92.160127, 38.790059 ], [ -92.158159, 38.785089 ], [ -92.164207, 38.78387 ], [ -92.16384, 38.779803 ], [ -92.167812, 38.776786 ], [ -92.162353, 38.775972 ], [ -92.162859, 38.765206 ], [ -92.171904, 38.764423 ], [ -92.175868, 38.754059 ], [ -92.186123, 38.747878 ], [ -92.181814, 38.738616 ], [ -92.186124, 38.735888 ], [ -92.194159, 38.736647 ], [ -92.192431, 38.726132 ], [ -92.201963, 38.720859 ], [ -92.212186, 38.720117 ], [ -92.216778, 38.713578 ], [ -92.215691, 38.702487 ], [ -92.226015, 38.698554 ], [ -92.21846, 38.689051 ], [ -92.220661, 38.643167 ], [ -92.229401, 38.646027 ], [ -92.259091, 38.645347 ], [ -92.275806, 38.658215 ], [ -92.29337, 38.666564 ], [ -92.345315, 38.674882 ], [ -92.36091, 38.681848 ], [ -92.363606, 38.68621 ], [ -92.36143, 38.69204 ], [ -92.343265, 38.705073 ], [ -92.344093, 38.715069 ], [ -92.360216, 38.730133 ], [ -92.387808, 38.735433 ], [ -92.397456, 38.740523 ], [ -92.404738, 38.74819 ], [ -92.408636, 38.758243 ], [ -92.407078, 38.772598 ], [ -92.390782, 38.780612 ], [ -92.38298, 38.789725 ], [ -92.37958, 38.801546 ], [ -92.384391, 38.815488 ], [ -92.394089, 38.819576 ], [ -92.418877, 38.819171 ], [ -92.432079, 38.825069 ], [ -92.443773, 38.836709 ], [ -92.456717, 38.860269 ], [ -92.477794, 38.874107 ], [ -92.480317, 38.881306 ] ] ] } },
{ "type": "Feature", "properties": { "district": "050", "name": "State House District 50" }, "geometry": { "type": "Polygon", "coordinates": [ [ [ -92.420987, 38.890714 ], [ -92.419417, 38.895414 ], [ -92.414574, 38.895383 ], [ -92.41448, 38.899304 ], [ -92.409863, 38.901527 ], [ -92.409717, 38.906171 ], [ -92.400436, 38.905421 ], [ -92.399985, 38.912643 ], [ -92.403492, 38.913133 ], [ -92.403813, 38.916924 ], [ -92.390354, 38.918739 ], [ -92.382016, 38.924106 ], [ -92.365263, 38.923695 ], [ -92.352014, 38.927134 ], [ -92.34503, 38.923783 ], [ -92.343019, 38.928761 ], [ -92.325787, 38.924302 ], [ -92.323574, 38.92614 ], [ -92.325043, 38.931443 ], [ -92.31559, 38.91696 ], [ -92.29382, 38.91286 ], [ -92.29509, 38.9321 ], [ -92.29491, 38.935606 ], [ -92.29063, 38.94882 ], [ -92.279536, 38.948777 ], [ -92.278551, 38.945184 ], [ -92.275744, 38.948808 ], [ -92.251713, 38.948707 ], [ -92.256085, 38.941483 ], [ -92.237575, 38.941258 ], [ -92.23809, 38.926701 ], [ -92.256854, 38.929079 ], [ -92.257062, 38.923401 ], [ -92.268508, 38.923384 ], [ -92.268333, 38.926935 ], [ -92.275732, 38.925303 ], [ -92.276237, 38.912516 ], [ -92.25739, 38.91232 ], [ -92.258085, 38.881552 ], [ -92.270701, 38.891306 ], [ -92.270638, 38.896253 ], [ -92.278367, 38.8961 ], [ -92.276242, 38.894773 ], [ -92.286163, 38.887818 ], [ -92.28647, 38.878412 ], [ -92.291145, 38.876657 ], [ -92.29592, 38.876722 ], [ -92.295529, 38.89119 ], [ -92.330462, 38.891765 ], [ -92.33142, 38.884525 ], [ -92.326919, 38.878623 ], [ -92.329584, 38.879212 ], [ -92.332811, 38.874052 ], [ -92.342613, 38.874626 ], [ -92.345707, 38.869741 ], [ -92.34541, 38.8806 ], [ -92.349408, 38.874795 ], [ -92.355456, 38.873 ], [ -92.362948, 38.875111 ], [ -92.36148, 38.878173 ], [ -92.364306, 38.87822 ], [ -92.364253, 38.881264 ], [ -92.368851, 38.881353 ], [ -92.366491, 38.884944 ], [ -92.373305, 38.885073 ], [ -92.373903, 38.863341 ], [ -92.390894, 38.863712 ], [ -92.392169, 38.867366 ], [ -92.401376, 38.867591 ], [ -92.401061, 38.876298 ], [ -92.395599, 38.873812 ], [ -92.398763, 38.869333 ], [ -92.382844, 38.870662 ], [ -92.380001, 38.881389 ], [ -92.383154, 38.881439 ], [ -92.38244, 38.89206 ], [ -92.392576, 38.892184 ], [ -92.400899, 38.883416 ], [ -92.412756, 38.886856 ], [ -92.41542, 38.883758 ], [ -92.420987, 38.890714 ] ] ] } },
{ "type": "Feature", "properties": { "district": "056", "name": "State House District 56" }, "geometry": { "type": "Polygon", "coordinates": [ [ [ -94.591528, 38.835683 ], [ -94.584594, 38.835336 ], [ -94.585572, 38.8462 ], [ -94.441401, 38.839943 ], [ -94.441836, 38.832996 ], [ -94.446352, 38.833094 ], [ -94.446837, 38.82595 ], [ -94.437675, 38.826557 ], [ -94.438803, 38.803663 ], [ -94.456971, 38.804171 ], [ -94.457407, 38.796855 ], [ -94.497166, 38.798472 ], [ -94.49838, 38.783814 ], [ -94.51386, 38.784469 ], [ -94.513318, 38.795334 ], [ -94.521783, 38.795208 ], [ -94.522172, 38.799442 ], [ -94.53133, 38.797547 ], [ -94.527004, 38.794244 ], [ -94.535925, 38.790895 ], [ -94.549826, 38.793679 ], [ -94.549582, 38.797327 ], [ -94.558533, 38.797846 ], [ -94.558326, 38.801482 ], [ -94.567693, 38.80204 ], [ -94.567014, 38.812406 ], [ -94.57111, 38.812549 ], [ -94.569453, 38.8168 ], [ -94.576283, 38.817259 ], [ -94.575372, 38.824665 ], [ -94.580102, 38.824873 ], [ -94.580644, 38.817548 ], [ -94.58575, 38.817866 ], [ -94.583634, 38.81868 ], [ -94.584327, 38.832376 ], [ -94.591528, 38.835683 ] ] ] } },
{ "type": "Feature", "properties": { "district": "007", "name": "State House District 7" }, "geometry": { "type": "Polygon", "coordinates": [ [ [ -94.210882, 39.455502 ], [ -94.208423, 39.5272 ], [ -93.759183, 39.524558 ], [ -93.758868, 39.8171 ], [ -93.761973, 39.959552 ], [ -93.361957, 39.967606 ], [ -93.361951, 40.033098 ], [ -92.847477, 40.037301 ], [ -92.85792, 39.699985 ], [ -93.082306, 39.706714 ], [ -93.262762, 39.703732 ], [ -93.267095, 39.703426 ], [ -93.266545, 39.700288 ], [ -93.263545, 39.700758 ], [ -93.264396, 39.697843 ], [ -93.273129, 39.69529 ], [ -93.285255, 39.685179 ], [ -93.283453, 39.683006 ], [ -93.287446, 39.6833 ], [ -93.278936, 39.681245 ], [ -93.283501, 39.679879 ], [ -93.280526, 39.677712 ], [ -93.284968, 39.673419 ], [ -93.281913, 39.671416 ], [ -93.285892, 39.666819 ], [ -93.283603, 39.661441 ], [ -93.273392, 39.654842 ], [ -93.277127, 39.651736 ], [ -93.283863, 39.656199 ], [ -93.28385, 39.651991 ], [ -93.260581, 39.627509 ], [ -93.265772, 39.620025 ], [ -93.277746, 39.622912 ], [ -93.281391, 39.620233 ], [ -93.269856, 39.599925 ], [ -93.275055, 39.590096 ], [ -93.26908, 39.583561 ], [ -93.270306, 39.575685 ], [ -93.266367, 39.57326 ], [ -93.270739, 39.565084 ], [ -93.270014, 39.560196 ], [ -93.258024, 39.555218 ], [ -93.266864, 39.546862 ], [ -93.253605, 39.54354 ], [ -93.26595, 39.541666 ], [ -93.27165, 39.53404 ], [ -93.275762, 39.539092 ], [ -93.285858, 39.537857 ], [ -93.284253, 39.533502 ], [ -93.275663, 39.528079 ], [ -93.283532, 39.520467 ], [ -93.265863, 39.500023 ], [ -93.267986, 39.496489 ], [ -93.276539, 39.496705 ], [ -93.276591, 39.486123 ], [ -93.266338, 39.478358 ], [ -93.261638, 39.469973 ], [ -93.264322, 39.461182 ], [ -93.274867, 39.465108 ], [ -93.275848, 39.458302 ], [ -93.271687, 39.456936 ], [ -93.258051, 39.462856 ], [ -93.253969, 39.461918 ], [ -93.249982, 39.45936 ], [ -93.249434, 39.451895 ], [ -93.254582, 39.445083 ], [ -93.247935, 39.442594 ], [ -93.245047, 39.450553 ], [ -93.247415, 39.458092 ], [ -93.237541, 39.464423 ], [ -93.239212, 39.470877 ], [ -93.224576, 39.472124 ], [ -93.221593, 39.467662 ], [ -93.224471, 39.458794 ], [ -93.219546, 39.450793 ], [ -93.223402, 39.447141 ], [ -93.229918, 39.44724 ], [ -93.228755, 39.436297 ], [ -93.217176, 39.430556 ], [ -93.216267, 39.434646 ], [ -93.222133, 39.440618 ], [ -93.217426, 39.443296 ], [ -93.210653, 39.44005 ], [ -93.213581, 39.430507 ], [ -93.205943, 39.429689 ], [ -93.197752, 39.4343 ], [ -93.206142, 39.438133 ], [ -93.203021, 39.440823 ], [ -93.183537, 39.432473 ], [ -93.16555, 39.436335 ], [ -93.15475, 39.421723 ], [ -93.13913, 39.423478 ], [ -93.120646, 39.417923 ], [ -93.114914, 39.412498 ], [ -93.118503, 39.403739 ], [ -93.115685, 39.389455 ], [ -93.104485, 39.383656 ], [ -93.125199, 39.377675 ], [ -93.139631, 39.378643 ], [ -93.151992, 39.387158 ], [ -93.167221, 39.407253 ], [ -93.177451, 39.411714 ], [ -93.193101, 39.409278 ], [ -93.200951, 39.398891 ], [ -93.19018, 39.381753 ], [ -93.189569, 39.370383 ], [ -93.221204, 39.331656 ], [ -93.230079, 39.327877 ], [ -93.241505, 39.337037 ], [ -93.252565, 39.338874 ], [ -93.263813, 39.331009 ], [ -93.267795, 39.325117 ], [ -93.266509, 39.319721 ], [ -93.277725, 39.311549 ], [ -93.294161, 39.309214 ], [ -93.324764, 39.310615 ], [ -93.336856, 39.307032 ], [ -93.344109, 39.297179 ], [ -93.34443, 39.289364 ], [ -93.328962, 39.265483 ], [ -93.329121, 39.255081 ], [ -93.334957, 39.248875 ], [ -93.353637, 39.242763 ], [ -93.369166, 39.232752 ], [ -93.396335, 39.22634 ], [ -93.40952, 39.229887 ], [ -93.415882, 39.237824 ], [ -93.403728, 39.255828 ], [ -93.404775, 39.263274 ], [ -93.413924, 39.267753 ], [ -93.444231, 39.268525 ], [ -93.450714, 39.272975 ], [ -93.458652, 39.288314 ], [ -93.473272, 39.293296 ], [ -93.485806, 39.288759 ], [ -93.49434, 39.278359 ], [ -93.496221, 39.264891 ], [ -93.486573, 39.233861 ], [ -93.489284, 39.226297 ], [ -93.500211, 39.218005 ], [ -93.528432, 39.214892 ], [ -93.551528, 39.217017 ], [ -93.563192, 39.22002 ], [ -93.568926, 39.228605 ], [ -93.585829, 39.24076 ], [ -93.627455, 39.242972 ], [ -93.636381, 39.247172 ], [ -93.644407, 39.245202 ], [ -93.652237, 39.24834 ], [ -93.657469, 39.245525 ], [ -93.656291, 39.240428 ], [ -93.661901, 39.235782 ], [ -93.685553, 39.228552 ], [ -93.695418, 39.213664 ], [ -93.702335, 39.208799 ], [ -93.71121, 39.206262 ], [ -93.738956, 39.209655 ], [ -93.758463, 39.207021 ], [ -93.758881, 39.249782 ], [ -93.782268, 39.249775 ], [ -93.782752, 39.25342 ], [ -93.800848, 39.253772 ], [ -93.816457, 39.264817 ], [ -93.82351, 39.264963 ], [ -93.82356, 39.261633 ], [ -93.851357, 39.261634 ], [ -93.856357, 39.257953 ], [ -93.87145, 39.257498 ], [ -93.861415, 39.275335 ], [ -93.861197, 39.293793 ], [ -93.88996, 39.294155 ], [ -93.889857, 39.332462 ], [ -93.884849, 39.332454 ], [ -93.884959, 39.34446 ], [ -93.889636, 39.344957 ], [ -93.890767, 39.351314 ], [ -93.927146, 39.350708 ], [ -93.927451, 39.365387 ], [ -93.946334, 39.365002 ], [ -93.94643, 39.372347 ], [ -93.955447, 39.374119 ], [ -93.95596, 39.368576 ], [ -93.97739, 39.370645 ], [ -93.984241, 39.36856 ], [ -93.988605, 39.379246 ], [ -94.02117, 39.379755 ], [ -94.021374, 39.394328 ], [ -94.039781, 39.39459 ], [ -94.039757, 39.401975 ], [ -94.058534, 39.402034 ], [ -94.060431, 39.463875 ], [ -94.079776, 39.46415 ], [ -94.085069, 39.459364 ], [ -94.097442, 39.457546 ], [ -94.097465, 39.453732 ], [ -94.153969, 39.45435 ], [ -94.153846, 39.465146 ], [ -94.181836, 39.465394 ], [ -94.181847, 39.46909 ], [ -94.199803, 39.469202 ], [ -94.200783, 39.458812 ], [ -94.205088, 39.458162 ], [ -94.205606, 39.454767 ], [ -94.210882, 39.455502 ] ] ] } },
{ "type": "Feature", "properties": { "district": "019", "name": "State House District 19" }, "geometry": { "type": "Polygon", "coordinates": [ [ [ -94.607354, 39.113444 ], [ -94.595725, 39.110004 ], [ -94.558317, 39.125757 ], [ -94.53079, 39.147082 ], [ -94.495411, 39.150394 ], [ -94.484616, 39.145504 ], [ -94.46933, 39.130704 ], [ -94.467849, 39.114352 ], [ -94.471093, 39.111123 ], [ -94.481363, 39.111249 ], [ -94.4815, 39.108042 ], [ -94.479031, 39.108701 ], [ -94.476383, 39.101567 ], [ -94.478247, 39.08964 ], [ -94.470151, 39.08201 ], [ -94.468969, 39.066795 ], [ -94.474706, 39.067085 ], [ -94.474982, 39.061438 ], [ -94.487963, 39.063273 ], [ -94.490392, 39.059299 ], [ -94.504886, 39.066005 ], [ -94.496545, 39.074699 ], [ -94.495791, 39.082672 ], [ -94.506068, 39.082937 ], [ -94.505711, 39.091028 ], [ -94.519464, 39.091691 ], [ -94.519338, 39.09407 ], [ -94.523382, 39.094122 ], [ -94.523151, 39.097897 ], [ -94.536715, 39.097487 ], [ -94.535277, 39.10578 ], [ -94.55081, 39.106295 ], [ -94.552242, 39.113577 ], [ -94.556734, 39.115157 ], [ -94.563873, 39.106785 ], [ -94.59201, 39.106141 ], [ -94.594016, 39.101039 ], [ -94.590767, 39.091814 ], [ -94.594482, 39.071405 ], [ -94.606624, 39.071846 ], [ -94.607354, 39.113444 ] ] ] } },
{ "type": "Feature", "properties": { "district": "028", "name": "State House District 28" }, "geometry": { "type": "Polygon", "coordinates": [ [ [ -94.499009, 38.966403 ], [ -94.482757, 38.983173 ], [ -94.482124, 39.026636 ], [ -94.48591, 39.027802 ], [ -94.485815, 39.031253 ], [ -94.490288, 39.031444 ], [ -94.490163, 39.038873 ], [ -94.486284, 39.043397 ], [ -94.476348, 39.03681 ], [ -94.475821, 39.044151 ], [ -94.452038, 39.044336 ], [ -94.452592, 39.05096 ], [ -94.433316, 39.041693 ], [ -94.437239, 39.036002 ], [ -94.437686, 39.026777 ], [ -94.443475, 39.024395 ], [ -94.445273, 38.98712 ], [ -94.440341, 38.986616 ], [ -94.441319, 38.963688 ], [ -94.499009, 38.966403 ] ] ] } },
{ "type": "Feature", "properties": { "district": "016", "name": "State House District 16" }, "geometry": { "type": "Polygon", "coordinates": [ [ [ -94.600099, 39.224609 ], [ -94.600358, 39.296755 ], [ -94.492221, 39.295804 ], [ -94.492632, 39.267429 ], [ -94.518639, 39.267157 ], [ -94.520545, 39.245502 ], [ -94.539352, 39.246251 ], [ -94.54364, 39.242913 ], [ -94.542888, 39.233704 ], [ -94.585247, 39.235166 ], [ -94.589544, 39.232987 ], [ -94.589512, 39.227778 ], [ -94.600099, 39.224609 ] ] ] } },
{ "type": "Feature", "properties": { "district": "015", "name": "State House District 15" }, "geometry": { "type": "Polygon", "coordinates": [ [ [ -94.601093, 39.206755 ], [ -94.600809, 39.225459 ], [ -94.589512, 39.227778 ], [ -94.589544, 39.232987 ], [ -94.585247, 39.235166 ], [ -94.542888, 39.233704 ], [ -94.54364, 39.242913 ], [ -94.539352, 39.246251 ], [ -94.520545, 39.245502 ], [ -94.521052, 39.203974 ], [ -94.5303, 39.200388 ], [ -94.530312, 39.195168 ], [ -94.567457, 39.195614 ], [ -94.56747, 39.198364 ], [ -94.576418, 39.198428 ], [ -94.5765, 39.19571 ], [ -94.581076, 39.195662 ], [ -94.581138, 39.181223 ], [ -94.585952, 39.181214 ], [ -94.585954, 39.174028 ], [ -94.594338, 39.174085 ], [ -94.592564, 39.183119 ], [ -94.588211, 39.183137 ], [ -94.586355, 39.190262 ], [ -94.586471, 39.194446 ], [ -94.589869, 39.195745 ], [ -94.58935, 39.214783 ], [ -94.601093, 39.206755 ] ] ] } },
{ "type": "Feature", "properties": { "district": "001", "name": "State House District 1" }, "geometry": { "type": "Polygon", "coordinates": [ [ [ -95.774704, 40.573574 ], [ -95.772506, 40.579521 ], [ -95.763855, 40.585207 ], [ -94.63203, 40.571367 ], [ -94.631889, 40.472513 ], [ -94.608409, 40.472443 ], [ -94.608571, 40.386705 ], [ -94.214278, 40.384254 ], [ -94.2188, 40.034885 ], [ -94.331892, 40.0393 ], [ -94.606596, 40.039203 ], [ -94.606158, 40.126316 ], [ -95.04308, 40.130096 ], [ -95.048028, 40.128123 ], [ -95.039297, 40.127435 ], [ -95.043469, 40.126041 ], [ -95.040375, 40.124 ], [ -95.045531, 40.118808 ], [ -95.036152, 40.114547 ], [ -95.042911, 40.111762 ], [ -95.033467, 40.108946 ], [ -95.03758, 40.10348 ], [ -95.040291, 40.105997 ], [ -95.044373, 40.101948 ], [ -95.038237, 40.099637 ], [ -95.044225, 40.098883 ], [ -95.040561, 40.096915 ], [ -95.043034, 40.094513 ], [ -95.040076, 40.092018 ], [ -95.043542, 40.088909 ], [ -95.042645, 40.08133 ], [ -95.045307, 40.080603 ], [ -95.043139, 40.078949 ], [ -95.04971, 40.0769 ], [ -95.046418, 40.074133 ], [ -95.052771, 40.076412 ], [ -95.051256, 40.072021 ], [ -95.053571, 40.070477 ], [ -95.058275, 40.075013 ], [ -95.057429, 40.070607 ], [ -95.060797, 40.070262 ], [ -95.057451, 40.064822 ], [ -95.046763, 40.063952 ], [ -95.03941, 40.059741 ], [ -95.035484, 40.051825 ], [ -95.037562, 40.049465 ], [ -95.034004, 40.048847 ], [ -95.035379, 40.044933 ], [ -95.031972, 40.04869 ], [ -95.019111, 40.052177 ], [ -95.010542, 40.046761 ], [ -95.015952, 40.041835 ], [ -95.00876, 40.040258 ], [ -95.01095, 40.03574 ], [ -95.006822, 40.03447 ], [ -95.009925, 40.032225 ], [ -95.004226, 40.026878 ], [ -95.010395, 40.021949 ], [ -95.011972, 40.014986 ], [ -95.007836, 40.008412 ], [ -95.010933, 40.001259 ], [ -95.003803, 39.996727 ], [ -95.005242, 39.980073 ], [ -94.99392, 39.969964 ], [ -95.003009, 39.958337 ], [ -95.00025, 39.956725 ], [ -94.996266, 39.961395 ], [ -94.991212, 39.949335 ], [ -94.997048, 39.945501 ], [ -94.990776, 39.947638 ], [ -94.987978, 39.944156 ], [ -95.002516, 39.932624 ], [ -95.005432, 39.927432 ], [ -95.001574, 39.922489 ], [ -95.006743, 39.923361 ], [ -94.993392, 39.915031 ], [ -94.993382, 39.897906 ], [ -95.006817, 39.900601 ], [ -95.017606, 39.898254 ], [ -95.02524, 39.8897 ], [ -95.026747, 39.872273 ], [ -95.039403, 39.864832 ], [ -95.08156, 39.861539 ], [ -95.124529, 39.872857 ], [ -95.140601, 39.881688 ], [ -95.142838, 39.900402 ], [ -95.149657, 39.905948 ], [ -95.159834, 39.906984 ], [ -95.181222, 39.899996 ], [ -95.202745, 39.905076 ], [ -95.206063, 39.912061 ], [ -95.200382, 39.931031 ], [ -95.205266, 39.93975 ], [ -95.21644, 39.943953 ], [ -95.236761, 39.943931 ], [ -95.250254, 39.948644 ], [ -95.269886, 39.969396 ], [ -95.305803, 39.987899 ], [ -95.309332, 40.004473 ], [ -95.315271, 40.01207 ], [ -95.333731, 40.017832 ], [ -95.351507, 40.030232 ], [ -95.363983, 40.031498 ], [ -95.391527, 40.027058 ], [ -95.413589, 40.038424 ], [ -95.419322, 40.048442 ], [ -95.42134, 40.060746 ], [ -95.409367, 40.074998 ], [ -95.4101, 40.093975 ], [ -95.394216, 40.108263 ], [ -95.393347, 40.119212 ], [ -95.400266, 40.127293 ], [ -95.427409, 40.134608 ], [ -95.432165, 40.141025 ], [ -95.436348, 40.15872 ], [ -95.463831, 40.171201 ], [ -95.479193, 40.185652 ], [ -95.482319, 40.200667 ], [ -95.4699, 40.2227 ], [ -95.470349, 40.230819 ], [ -95.476241, 40.241257 ], [ -95.488999, 40.248739 ], [ -95.521035, 40.250083 ], [ -95.552473, 40.261904 ], [ -95.556275, 40.270761 ], [ -95.551488, 40.281061 ], [ -95.55162, 40.288666 ], [ -95.562157, 40.297359 ], [ -95.581787, 40.29958 ], [ -95.610439, 40.31397 ], [ -95.645329, 40.305693 ], [ -95.657328, 40.310856 ], [ -95.653729, 40.322582 ], [ -95.627648, 40.332412 ], [ -95.622684, 40.342323 ], [ -95.627124, 40.3528 ], [ -95.641027, 40.366399 ], [ -95.643935, 40.386851 ], [ -95.660602, 40.412409 ], [ -95.656575, 40.438701 ], [ -95.667714, 40.453463 ], [ -95.694651, 40.471452 ], [ -95.696756, 40.478849 ], [ -95.694823, 40.494705 ], [ -95.699969, 40.505275 ], [ -95.661681, 40.517312 ], [ -95.655674, 40.523557 ], [ -95.652269, 40.538108 ], [ -95.655848, 40.546609 ], [ -95.662107, 40.549967 ], [ -95.671776, 40.562628 ], [ -95.678715, 40.562561 ], [ -95.694147, 40.556942 ], [ -95.697377, 40.541389 ], [ -95.695495, 40.532021 ], [ -95.708591, 40.521551 ], [ -95.717537, 40.527783 ], [ -95.73725, 40.52393 ], [ -95.752743, 40.524893 ], [ -95.762857, 40.528371 ], [ -95.768693, 40.534106 ], [ -95.763833, 40.553873 ], [ -95.774704, 40.573574 ] ] ] } },
{ "type": "Feature", "properties": { "district": "034", "name": "State House District 34" }, "geometry": { "type": "Polygon", "coordinates": [ [ [ -94.431168, 38.839615 ], [ -94.430429, 38.854044 ], [ -94.417199, 38.853682 ], [ -94.416284, 38.868404 ], [ -94.397747, 38.8678 ], [ -94.395898, 38.911316 ], [ -94.393802, 38.911275 ], [ -94.401058, 38.918191 ], [ -94.408957, 38.944251 ], [ -94.382773, 38.946629 ], [ -94.382562, 38.950392 ], [ -94.387109, 38.95052 ], [ -94.385564, 38.968784 ], [ -94.358122, 38.968017 ], [ -94.359952, 38.93159 ], [ -94.343915, 38.931325 ], [ -94.349661, 38.929887 ], [ -94.351114, 38.924112 ], [ -94.354597, 38.923946 ], [ -94.35943, 38.917503 ], [ -94.339056, 38.916865 ], [ -94.341811, 38.865999 ], [ -94.36043, 38.866591 ], [ -94.361971, 38.837602 ], [ -94.431168, 38.839615 ] ] ] } },
{ "type": "Feature", "properties": { "district": "006", "name": "State House District 6" }, "geometry": { "type": "Polygon", "coordinates": [ [ [ -92.85792, 39.699985 ], [ -92.847477, 40.037301 ], [ -92.342968, 40.037198 ], [ -92.344708, 39.953297 ], [ -92.287882, 39.95249 ], [ -92.314471, 39.246454 ], [ -92.430291, 39.248797 ], [ -92.448559, 39.253586 ], [ -92.448358, 39.278177 ], [ -92.443432, 39.278168 ], [ -92.442393, 39.307202 ], [ -92.475048, 39.307885 ], [ -92.473308, 39.357997 ], [ -92.49715, 39.360817 ], [ -92.49662, 39.358589 ], [ -92.506243, 39.358889 ], [ -92.506055, 39.363401 ], [ -92.500952, 39.363334 ], [ -92.500862, 39.373097 ], [ -92.511803, 39.373222 ], [ -92.513118, 39.376446 ], [ -92.508616, 39.376319 ], [ -92.50863, 39.380368 ], [ -92.481654, 39.380209 ], [ -92.481003, 39.401521 ], [ -92.499443, 39.401972 ], [ -92.498907, 39.421554 ], [ -92.522792, 39.420869 ], [ -92.565137, 39.426259 ], [ -92.607333, 39.424321 ], [ -92.618875, 39.432229 ], [ -92.633235, 39.433529 ], [ -92.63373, 39.437278 ], [ -92.628177, 39.437017 ], [ -92.632418, 39.439617 ], [ -92.625845, 39.438565 ], [ -92.626819, 39.441932 ], [ -92.623536, 39.442323 ], [ -92.62155, 39.438869 ], [ -92.616932, 39.439607 ], [ -92.610048, 39.44585 ], [ -92.606641, 39.558963 ], [ -92.642181, 39.55995 ], [ -92.640058, 39.609544 ], [ -92.692149, 39.610265 ], [ -92.689331, 39.698094 ], [ -92.85792, 39.699985 ] ] ] } },
{ "type": "Feature", "properties": { "district": "058", "name": "State House District 58" }, "geometry": { "type": "Polygon", "coordinates": [ [ [ -93.077692, 38.263092 ], [ -93.059974, 38.693077 ], [ -92.950512, 38.68577 ], [ -92.726692, 38.684077 ], [ -92.725844, 38.713579 ], [ -92.704655, 38.712872 ], [ -92.704654, 38.734509 ], [ -92.690134, 38.735546 ], [ -92.689028, 38.728383 ], [ -92.681149, 38.722856 ], [ -92.681361, 38.712534 ], [ -92.672185, 38.711792 ], [ -92.67141, 38.735816 ], [ -92.659693, 38.731714 ], [ -92.646548, 38.733799 ], [ -92.618918, 38.727888 ], [ -92.616901, 38.730747 ], [ -92.603738, 38.733056 ], [ -92.594969, 38.737625 ], [ -92.498377, 38.922084 ], [ -92.474586, 38.902371 ], [ -92.47964, 38.877439 ], [ -92.456717, 38.860269 ], [ -92.439906, 38.831346 ], [ -92.42118, 38.819754 ], [ -92.394089, 38.819576 ], [ -92.384391, 38.815488 ], [ -92.37958, 38.801546 ], [ -92.38298, 38.789725 ], [ -92.390782, 38.780612 ], [ -92.407078, 38.772598 ], [ -92.40922, 38.767566 ], [ -92.404738, 38.74819 ], [ -92.394866, 38.73913 ], [ -92.495185, 38.427829 ], [ -92.63019, 38.430958 ], [ -92.633756, 38.348082 ], [ -92.689834, 38.348472 ], [ -92.695886, 38.222031 ], [ -92.707187, 38.224031 ], [ -92.718587, 38.220131 ], [ -92.732661, 38.221617 ], [ -92.750193, 38.217025 ], [ -92.761704, 38.201857 ], [ -92.764963, 38.189534 ], [ -92.962994, 38.197229 ], [ -92.957893, 38.203329 ], [ -92.935993, 38.210129 ], [ -92.931993, 38.216229 ], [ -92.931993, 38.220229 ], [ -92.937143, 38.224879 ], [ -92.956898, 38.229508 ], [ -92.963744, 38.225487 ], [ -92.975699, 38.203481 ], [ -92.986555, 38.190761 ], [ -93.0062, 38.186002 ], [ -93.01834, 38.193088 ], [ -93.022399, 38.19915 ], [ -93.02, 38.204797 ], [ -93.01204, 38.210224 ], [ -92.985794, 38.210928 ], [ -92.983995, 38.219528 ], [ -93.00565, 38.222705 ], [ -93.014892, 38.243188 ], [ -93.046306, 38.267757 ], [ -93.061136, 38.271616 ], [ -93.077692, 38.263092 ] ] ] } },
{ "type": "Feature", "properties": { "district": "021", "name": "State House District 21" }, "geometry": { "type": "Polygon", "coordinates": [ [ [ -94.481428, 39.109387 ], [ -94.467849, 39.114352 ], [ -94.467546, 39.12478 ], [ -94.46159, 39.120372 ], [ -94.455429, 39.123104 ], [ -94.460732, 39.116856 ], [ -94.453135, 39.117014 ], [ -94.45374, 39.102775 ], [ -94.432386, 39.102673 ], [ -94.430513, 39.113383 ], [ -94.416083, 39.115885 ], [ -94.416695, 39.101429 ], [ -94.3975, 39.102949 ], [ -94.39213, 39.107565 ], [ -94.361184, 39.108216 ], [ -94.360695, 39.092363 ], [ -94.355707, 39.091721 ], [ -94.361889, 39.089966 ], [ -94.362409, 39.079633 ], [ -94.415584, 39.079156 ], [ -94.419074, 39.077355 ], [ -94.414614, 39.064576 ], [ -94.422015, 39.070279 ], [ -94.428175, 39.065143 ], [ -94.432929, 39.065257 ], [ -94.432638, 39.071792 ], [ -94.443571, 39.072538 ], [ -94.446359, 39.074381 ], [ -94.44616, 39.08035 ], [ -94.47121, 39.082108 ], [ -94.478247, 39.08964 ], [ -94.476273, 39.100895 ], [ -94.481428, 39.109387 ] ] ] } },
{ "type": "Feature", "properties": { "district": "010", "name": "State House District 10" }, "geometry": { "type": "Polygon", "coordinates": [ [ [ -94.934506, 39.772862 ], [ -94.934021, 39.785083 ], [ -94.926229, 39.789594 ], [ -94.89318, 39.790915 ], [ -94.884652, 39.793997 ], [ -94.876344, 39.806894 ], [ -94.876558, 39.820883 ], [ -94.80548, 39.821321 ], [ -94.796096, 39.792136 ], [ -94.810512, 39.792081 ], [ -94.806159, 39.788049 ], [ -94.806026, 39.761691 ], [ -94.817702, 39.75896 ], [ -94.8247, 39.761933 ], [ -94.824602, 39.74769 ], [ -94.839697, 39.745681 ], [ -94.856101, 39.745662 ], [ -94.860579, 39.748817 ], [ -94.860639, 39.762983 ], [ -94.869655, 39.772899 ], [ -94.882161, 39.771043 ], [ -94.898263, 39.761622 ], [ -94.910949, 39.759178 ], [ -94.934506, 39.772862 ] ] ] } },
{ "type": "Feature", "properties": { "district": "025", "name": "State House District 25" }, "geometry": { "type": "Polygon", "coordinates": [ [ [ -94.607995, 38.93709 ], [ -94.607403, 39.042818 ], [ -94.58229, 39.042151 ], [ -94.583071, 39.027508 ], [ -94.578445, 39.027347 ], [ -94.579913, 38.999018 ], [ -94.58222, 38.999119 ], [ -94.582592, 38.991849 ], [ -94.587237, 38.992042 ], [ -94.587987, 38.977695 ], [ -94.590285, 38.977698 ], [ -94.590421, 38.97401 ], [ -94.585796, 38.97383 ], [ -94.585937, 38.966527 ], [ -94.595406, 38.966933 ], [ -94.596665, 38.940518 ], [ -94.607995, 38.93709 ] ] ] } },
{ "type": "Feature", "properties": { "district": "038", "name": "State House District 38" }, "geometry": { "type": "Polygon", "coordinates": [ [ [ -94.479855, 39.207657 ], [ -94.473924, 39.215607 ], [ -94.465815, 39.216813 ], [ -94.465658, 39.223452 ], [ -94.469983, 39.223482 ], [ -94.45605, 39.247707 ], [ -94.455299, 39.266584 ], [ -94.473984, 39.267764 ], [ -94.473344, 39.281698 ], [ -94.467444, 39.281364 ], [ -94.474162, 39.29024 ], [ -94.473406, 39.301973 ], [ -94.444817, 39.303076 ], [ -94.444927, 39.288666 ], [ -94.441342, 39.288096 ], [ -94.421322, 39.28817 ], [ -94.42137, 39.295394 ], [ -94.374623, 39.295629 ], [ -94.379654, 39.290045 ], [ -94.379886, 39.186859 ], [ -94.384828, 39.187204 ], [ -94.395028, 39.196303 ], [ -94.418201, 39.193587 ], [ -94.420482, 39.190347 ], [ -94.43148, 39.194638 ], [ -94.445955, 39.185449 ], [ -94.448631, 39.175762 ], [ -94.45431, 39.186624 ], [ -94.445737, 39.194529 ], [ -94.456725, 39.194694 ], [ -94.456734, 39.201993 ], [ -94.470532, 39.201892 ], [ -94.470468, 39.205622 ], [ -94.479855, 39.207657 ] ] ] } },
{ "type": "Feature", "properties": { "district": "008", "name": "State House District 8" }, "geometry": { "type": "Polygon", "coordinates": [ [ [ -94.602244, 39.645635 ], [ -94.456233, 39.645186 ], [ -94.456711, 39.588138 ], [ -94.451666, 39.580419 ], [ -94.442832, 39.575593 ], [ -94.440862, 39.567911 ], [ -94.443037, 39.564657 ], [ -94.434563, 39.571718 ], [ -94.415361, 39.571729 ], [ -94.37737, 39.557432 ], [ -94.338191, 39.557247 ], [ -94.33802, 39.565309 ], [ -94.333056, 39.565325 ], [ -94.333179, 39.568137 ], [ -94.328341, 39.568151 ], [ -94.328433, 39.564593 ], [ -94.314893, 39.564678 ], [ -94.314667, 39.571537 ], [ -94.282431, 39.571649 ], [ -94.282673, 39.564362 ], [ -94.273084, 39.564406 ], [ -94.273181, 39.5572 ], [ -94.267509, 39.557164 ], [ -94.264161, 39.542589 ], [ -94.273345, 39.542681 ], [ -94.287072, 39.513001 ], [ -94.209004, 39.512743 ], [ -94.211892, 39.34953 ], [ -94.225749, 39.349287 ], [ -94.225649, 39.363748 ], [ -94.220992, 39.363782 ], [ -94.221017, 39.367662 ], [ -94.225666, 39.364914 ], [ -94.227642, 39.371812 ], [ -94.225134, 39.378528 ], [ -94.23072, 39.378544 ], [ -94.232866, 39.374869 ], [ -94.230224, 39.374869 ], [ -94.230275, 39.371776 ], [ -94.248911, 39.371956 ], [ -94.249187, 39.353178 ], [ -94.323536, 39.351363 ], [ -94.323528, 39.395331 ], [ -94.320744, 39.396192 ], [ -94.323237, 39.404539 ], [ -94.370308, 39.40465 ], [ -94.373274, 39.386246 ], [ -94.398394, 39.386424 ], [ -94.39842, 39.375257 ], [ -94.403679, 39.373463 ], [ -94.403655, 39.367935 ], [ -94.388898, 39.366744 ], [ -94.388895, 39.363058 ], [ -94.405239, 39.364292 ], [ -94.405229, 39.360645 ], [ -94.39826, 39.360622 ], [ -94.398241, 39.353263 ], [ -94.380898, 39.353239 ], [ -94.38484, 39.346326 ], [ -94.388654, 39.346294 ], [ -94.388646, 39.338914 ], [ -94.395883, 39.324384 ], [ -94.421222, 39.324233 ], [ -94.421209, 39.331579 ], [ -94.417179, 39.331576 ], [ -94.416619, 39.338785 ], [ -94.43595, 39.338738 ], [ -94.435925, 39.353342 ], [ -94.491716, 39.353691 ], [ -94.492221, 39.295804 ], [ -94.600358, 39.296755 ], [ -94.602244, 39.645635 ] ] ] } },
{ "type": "Feature", "properties": { "district": "040", "name": "State House District 40" }, "geometry": { "type": "Polygon", "coordinates": [ [ [ -91.460442, 39.450722 ], [ -91.203712, 39.598355 ], [ -91.178012, 39.598196 ], [ -91.168419, 39.564928 ], [ -91.158606, 39.553048 ], [ -91.148275, 39.545798 ], [ -91.100307, 39.538695 ], [ -91.079769, 39.507728 ], [ -91.064305, 39.494643 ], [ -91.059439, 39.46886 ], [ -91.03827, 39.448435 ], [ -90.993789, 39.422959 ], [ -90.940766, 39.403984 ], [ -90.928745, 39.387544 ], [ -90.904862, 39.379403 ], [ -90.893777, 39.367343 ], [ -90.8475, 39.345272 ], [ -90.816851, 39.320496 ], [ -90.793461, 39.309498 ], [ -90.790675, 39.302908 ], [ -90.775673, 39.292811 ], [ -90.767648, 39.280025 ], [ -90.751599, 39.265432 ], [ -90.72996, 39.255894 ], [ -90.717113, 39.213912 ], [ -90.717404, 39.197414 ], [ -90.71048, 39.176366 ], [ -90.707902, 39.15086 ], [ -90.702923, 39.138749 ], [ -90.686051, 39.117785 ], [ -90.681086, 39.10059 ], [ -90.682744, 39.088348 ], [ -90.698282, 39.074649 ], [ -90.702136, 39.065568 ], [ -90.713629, 39.053977 ], [ -90.679027, 38.993867 ], [ -90.675715, 38.981066 ], [ -90.675949, 38.96214 ], [ -90.663181, 38.934224 ], [ -90.696582, 38.932784 ], [ -90.697481, 38.928151 ], [ -90.683773, 38.915986 ], [ -90.696243, 38.91563 ], [ -90.705896, 38.921543 ], [ -90.714309, 38.918164 ], [ -90.716725, 38.912851 ], [ -90.70623, 38.913506 ], [ -90.699434, 38.908411 ], [ -90.707557, 38.902652 ], [ -90.714198, 38.909892 ], [ -90.724073, 38.908825 ], [ -90.724578, 38.915181 ], [ -90.735611, 38.915832 ], [ -90.735242, 38.919291 ], [ -90.723764, 38.925175 ], [ -90.728841, 38.931141 ], [ -90.74377, 38.930118 ], [ -90.756746, 38.919811 ], [ -90.776406, 38.923016 ], [ -90.782656, 38.918295 ], [ -90.791344, 38.917895 ], [ -90.804418, 38.911139 ], [ -90.797541, 38.904429 ], [ -90.799706, 38.901161 ], [ -90.808241, 38.899978 ], [ -90.806926, 38.895244 ], [ -90.810283, 38.886358 ], [ -90.806345, 38.87871 ], [ -90.822724, 38.876392 ], [ -90.832608, 38.884863 ], [ -90.824369, 38.888469 ], [ -90.825333, 38.893164 ], [ -90.837603, 38.901038 ], [ -90.842163, 38.909179 ], [ -90.849062, 38.911034 ], [ -90.843943, 38.914279 ], [ -90.846231, 38.926431 ], [ -90.819672, 38.928912 ], [ -90.802794, 38.923079 ], [ -90.801479, 38.932844 ], [ -90.809047, 38.934612 ], [ -90.808108, 38.937195 ], [ -90.800191, 38.936134 ], [ -90.794191, 38.950067 ], [ -90.78961, 38.949104 ], [ -90.788426, 38.953919 ], [ -90.783442, 38.95323 ], [ -90.783088, 38.964484 ], [ -90.792361, 38.964714 ], [ -90.79219, 38.968806 ], [ -90.802304, 38.969186 ], [ -90.802008, 38.972175 ], [ -90.842218, 38.972519 ], [ -90.846593, 38.986181 ], [ -90.857021, 38.986615 ], [ -90.853275, 38.987841 ], [ -90.855956, 38.987727 ], [ -90.855859, 38.990942 ], [ -90.852977, 38.990882 ], [ -90.854907, 39.006318 ], [ -90.850786, 39.006211 ], [ -90.850626, 39.024103 ], [ -90.841637, 39.024168 ], [ -90.841537, 39.03133 ], [ -90.846511, 39.032019 ], [ -90.846037, 39.039397 ], [ -90.841423, 39.039404 ], [ -90.841198, 39.046304 ], [ -90.866691, 39.04534 ], [ -90.879293, 39.046552 ], [ -90.878731, 39.050855 ], [ -90.892534, 39.050106 ], [ -90.892415, 39.05676 ], [ -90.888028, 39.056651 ], [ -90.887639, 39.075545 ], [ -90.892406, 39.075509 ], [ -90.892377, 39.083051 ], [ -90.887493, 39.083053 ], [ -90.887383, 39.090562 ], [ -90.897656, 39.090516 ], [ -90.897582, 39.097923 ], [ -90.916056, 39.097814 ], [ -90.916344, 39.09012 ], [ -90.953694, 39.089796 ], [ -90.953368, 39.098049 ], [ -90.972098, 39.098628 ], [ -90.97249, 39.105936 ], [ -90.985517, 39.106287 ], [ -90.985716, 39.102387 ], [ -90.981598, 39.102217 ], [ -90.981647, 39.09899 ], [ -90.986487, 39.099158 ], [ -90.986614, 39.095232 ], [ -90.991723, 39.095364 ], [ -90.991779, 39.091918 ], [ -91.007426, 39.093026 ], [ -91.008035, 39.10048 ], [ -91.010912, 39.100636 ], [ -91.011033, 39.093261 ], [ -91.022029, 39.09367 ], [ -91.022103, 39.088673 ], [ -91.014064, 39.082456 ], [ -91.017947, 39.072638 ], [ -91.013452, 39.070339 ], [ -91.014007, 39.067056 ], [ -91.024159, 39.069388 ], [ -91.02394, 39.077995 ], [ -91.029213, 39.077972 ], [ -91.033231, 39.073135 ], [ -91.044107, 39.072146 ], [ -91.044286, 39.067523 ], [ -91.064411, 39.066291 ], [ -91.067355, 39.0546 ], [ -91.061075, 39.054468 ], [ -91.060863, 39.058336 ], [ -91.049946, 39.058173 ], [ -91.050281, 39.051274 ], [ -91.069902, 39.051652 ], [ -91.072733, 38.910323 ], [ -91.110603, 38.909615 ], [ -91.110187, 38.931901 ], [ -91.189348, 38.932151 ], [ -91.18839, 38.992141 ], [ -91.264287, 38.992762 ], [ -91.260232, 39.139845 ], [ -91.409033, 39.142542 ], [ -91.460442, 39.450722 ] ] ] } },
{ "type": "Feature", "properties": { "district": "002", "name": "State House District 2" }, "geometry": { "type": "Polygon", "coordinates": [ [ [ -94.631889, 40.472513 ], [ -94.63203, 40.571367 ], [ -94.270456, 40.571531 ], [ -93.774344, 40.577548 ], [ -93.774548, 40.47235 ], [ -93.764823, 40.472515 ], [ -93.763324, 40.263988 ], [ -93.367214, 40.266314 ], [ -93.366556, 40.033099 ], [ -93.361951, 40.033098 ], [ -93.361957, 39.967606 ], [ -93.761973, 39.959552 ], [ -93.758868, 39.8171 ], [ -93.759183, 39.524558 ], [ -94.208423, 39.5272 ], [ -94.203457, 40.034539 ], [ -94.2188, 40.034885 ], [ -94.214278, 40.384254 ], [ -94.608571, 40.386705 ], [ -94.608409, 40.472443 ], [ -94.631889, 40.472513 ] ] ] } },
{ "type": "Feature", "properties": { "district": "131", "name": "State House District 131" }, "geometry": { "type": "MultiPolygon", "coordinates": [ [ [ [ -93.2122, 37.250134 ], [ -93.187961, 37.25031 ], [ -93.187991, 37.248807 ], [ -93.199894, 37.247944 ], [ -93.2122, 37.250134 ] ] ], [ [ [ -93.625842, 37.282047 ], [ -93.621153, 37.427423 ], [ -93.182489, 37.417204 ], [ -93.18787, 37.25607 ], [ -93.21185, 37.25675 ], [ -93.212185, 37.251063 ], [ -93.212091, 37.256718 ], [ -93.21974, 37.260676 ], [ -93.223327, 37.248249 ], [ -93.228844, 37.260928 ], [ -93.236846, 37.25974 ], [ -93.235604, 37.253773 ], [ -93.238098, 37.253946 ], [ -93.23794, 37.26122 ], [ -93.242515, 37.261392 ], [ -93.244025, 37.257806 ], [ -93.243917, 37.261423 ], [ -93.24918, 37.26605 ], [ -93.25099, 37.26351 ], [ -93.248214, 37.257938 ], [ -93.262683, 37.258466 ], [ -93.260311, 37.262866 ], [ -93.264769, 37.26296 ], [ -93.269434, 37.262243 ], [ -93.269563, 37.258568 ], [ -93.289453, 37.262539 ], [ -93.29674, 37.261455 ], [ -93.296788, 37.259043 ], [ -93.310286, 37.259143 ], [ -93.310404, 37.256056 ], [ -93.326398, 37.259499 ], [ -93.324258, 37.252179 ], [ -93.320459, 37.250662 ], [ -93.32074, 37.244781 ], [ -93.342881, 37.245133 ], [ -93.342743, 37.248683 ], [ -93.35275, 37.24521 ], [ -93.365514, 37.248914 ], [ -93.365653, 37.245716 ], [ -93.37456, 37.253084 ], [ -93.374253, 37.260092 ], [ -93.381053, 37.260252 ], [ -93.383598, 37.263363 ], [ -93.383788, 37.260282 ], [ -93.38967, 37.26024 ], [ -93.387046, 37.267592 ], [ -93.39103, 37.271955 ], [ -93.397194, 37.271249 ], [ -93.39759, 37.27701 ], [ -93.401449, 37.275789 ], [ -93.401691, 37.271247 ], [ -93.410493, 37.274952 ], [ -93.407208, 37.272556 ], [ -93.410577, 37.27262 ], [ -93.411417, 37.256792 ], [ -93.40696, 37.256719 ], [ -93.410148, 37.234936 ], [ -93.403354, 37.23489 ], [ -93.40376, 37.22483 ], [ -93.412991, 37.224566 ], [ -93.413181, 37.220338 ], [ -93.403716, 37.220264 ], [ -93.4043, 37.21291 ], [ -93.43178, 37.21319 ], [ -93.43219, 37.19897 ], [ -93.42298, 37.20201 ], [ -93.42308, 37.19853 ], [ -93.423527, 37.199798 ], [ -93.430026, 37.19861 ], [ -93.427682, 37.19858 ], [ -93.42796, 37.191287 ], [ -93.44624, 37.19155 ], [ -93.446481, 37.184193 ], [ -93.460229, 37.184502 ], [ -93.460602, 37.177279 ], [ -93.446891, 37.176984 ], [ -93.44705, 37.16967 ], [ -93.44235, 37.16951 ], [ -93.44258, 37.16189 ], [ -93.42428, 37.16161 ], [ -93.4246, 37.15491 ], [ -93.434216, 37.143704 ], [ -93.461744, 37.132213 ], [ -93.46615, 37.13473 ], [ -93.475403, 37.13303 ], [ -93.475194, 37.140319 ], [ -93.47972, 37.14035 ], [ -93.481127, 37.133102 ], [ -93.491374, 37.133367 ], [ -93.489424, 37.126961 ], [ -93.49402, 37.12615 ], [ -93.494142, 37.122516 ], [ -93.499976, 37.126379 ], [ -93.500081, 37.122753 ], [ -93.506942, 37.122198 ], [ -93.50709, 37.11548 ], [ -93.498258, 37.111609 ], [ -93.498275, 37.100631 ], [ -93.492453, 37.100457 ], [ -93.49144, 37.0967 ], [ -93.608899, 37.098153 ], [ -93.605095, 37.281482 ], [ -93.625842, 37.282047 ] ] ] ] } },
{ "type": "Feature", "properties": { "district": "139", "name": "State House District 139" }, "geometry": { "type": "Polygon", "coordinates": [ [ [ -93.610126, 36.99581 ], [ -93.607685, 37.098222 ], [ -93.354462, 37.094952 ], [ -93.357603, 37.090707 ], [ -93.356241, 37.08447 ], [ -93.371021, 37.076085 ], [ -93.367245, 37.068967 ], [ -93.353312, 37.072938 ], [ -93.353646, 37.058787 ], [ -93.326301, 37.05835 ], [ -93.326065, 37.065703 ], [ -93.309564, 37.061932 ], [ -93.30664, 37.067049 ], [ -93.312146, 37.070633 ], [ -93.309823, 37.072703 ], [ -93.311994, 37.072828 ], [ -93.311842, 37.079923 ], [ -93.298249, 37.076609 ], [ -93.302937, 37.061969 ], [ -93.296462, 37.061895 ], [ -93.298534, 37.069255 ], [ -93.294036, 37.069121 ], [ -93.293967, 37.072732 ], [ -93.289286, 37.072607 ], [ -93.293769, 37.070894 ], [ -93.293863, 37.065438 ], [ -93.288449, 37.061618 ], [ -93.288331, 37.065285 ], [ -93.280336, 37.065047 ], [ -93.280037, 37.075737 ], [ -93.268995, 37.075816 ], [ -93.269094, 37.071478 ], [ -93.274469, 37.071591 ], [ -93.273715, 37.067957 ], [ -93.269218, 37.067842 ], [ -93.269946, 37.049756 ], [ -93.265145, 37.049687 ], [ -93.264955, 37.056853 ], [ -93.255848, 37.056606 ], [ -93.256748, 37.049333 ], [ -93.260539, 37.049465 ], [ -93.260695, 37.042222 ], [ -93.265321, 37.041269 ], [ -93.257831, 37.038475 ], [ -93.245944, 37.023517 ], [ -93.247475, 37.020088 ], [ -93.234126, 37.017368 ], [ -93.229416, 37.019432 ], [ -93.232802, 36.991151 ], [ -93.287628, 36.992119 ], [ -93.301458, 36.981127 ], [ -93.327419, 36.974842 ], [ -93.337912, 36.974871 ], [ -93.337451, 36.992494 ], [ -93.610126, 36.99581 ] ] ] } },
{ "type": "Feature", "properties": { "district": "052", "name": "State House District 52" }, "geometry": { "type": "Polygon", "coordinates": [ [ [ -93.503759, 38.723222 ], [ -93.49311, 38.899016 ], [ -93.498616, 38.8993 ], [ -93.496377, 38.942837 ], [ -93.050453, 38.928244 ], [ -93.067291, 38.529995 ], [ -93.179307, 38.534071 ], [ -93.175859, 38.600212 ], [ -93.217309, 38.599901 ], [ -93.218035, 38.624115 ], [ -93.267713, 38.626144 ], [ -93.267725, 38.605277 ], [ -93.26902, 38.607725 ], [ -93.286632, 38.608188 ], [ -93.282307, 38.707186 ], [ -93.294461, 38.707674 ], [ -93.293459, 38.715012 ], [ -93.503759, 38.723222 ] ] ] } },
{ "type": "Feature", "properties": { "district": "118", "name": "State House District 118" }, "geometry": { "type": "Polygon", "coordinates": [ [ [ -91.365436, 38.33147 ], [ -91.367622, 38.480272 ], [ -91.340895, 38.478363 ], [ -91.339165, 38.483191 ], [ -91.325743, 38.492636 ], [ -91.322215, 38.499707 ], [ -91.316835, 38.49969 ], [ -91.317742, 38.488493 ], [ -91.283691, 38.497523 ], [ -91.243266, 38.486747 ], [ -91.231505, 38.506367 ], [ -91.207045, 38.500797 ], [ -91.171099, 38.49835 ], [ -91.15675, 38.504986 ], [ -91.124726, 38.505489 ], [ -91.124826, 38.468606 ], [ -91.064665, 38.469336 ], [ -91.064882, 38.448434 ], [ -91.030563, 38.439431 ], [ -91.035398, 38.439242 ], [ -91.035509, 38.431689 ], [ -91.032519, 38.43367 ], [ -91.030738, 38.43163 ], [ -91.028121, 38.436655 ], [ -91.029291, 38.432081 ], [ -91.024342, 38.423238 ], [ -91.02586, 38.420507 ], [ -91.046985, 38.425889 ], [ -91.039712, 38.41144 ], [ -91.048338, 38.396067 ], [ -91.036392, 38.395759 ], [ -91.027588, 38.387285 ], [ -91.019013, 38.386843 ], [ -91.012083, 38.392835 ], [ -91.006171, 38.38922 ], [ -91.022326, 38.382493 ], [ -91.024948, 38.372468 ], [ -91.01617, 38.367893 ], [ -91.015748, 38.351971 ], [ -91.007473, 38.348117 ], [ -90.996385, 38.347936 ], [ -90.995214, 38.344241 ], [ -91.005242, 38.340043 ], [ -91.006243, 38.344421 ], [ -91.015958, 38.344546 ], [ -91.017333, 38.337386 ], [ -91.024759, 38.343415 ], [ -91.031968, 38.343597 ], [ -91.031184, 38.337342 ], [ -91.035502, 38.33737 ], [ -91.035555, 38.334871 ], [ -91.030744, 38.333431 ], [ -91.030695, 38.329934 ], [ -91.04045, 38.326364 ], [ -91.037045, 38.320628 ], [ -91.054673, 38.314946 ], [ -91.062083, 38.309575 ], [ -91.047259, 38.315104 ], [ -91.036725, 38.312865 ], [ -91.031752, 38.319052 ], [ -91.006713, 38.31893 ], [ -91.006807, 38.313076 ], [ -90.994619, 38.309447 ], [ -90.984414, 38.297649 ], [ -90.987834, 38.28429 ], [ -90.984553, 38.286342 ], [ -90.968726, 38.284447 ], [ -90.957457, 38.28882 ], [ -90.966825, 38.298499 ], [ -90.966933, 38.306908 ], [ -90.951094, 38.31139 ], [ -90.944803, 38.299683 ], [ -90.949878, 38.281443 ], [ -90.939844, 38.27486 ], [ -90.933315, 38.282612 ], [ -90.917239, 38.285869 ], [ -90.916037, 38.296715 ], [ -90.904566, 38.304377 ], [ -90.907331, 38.309617 ], [ -90.925131, 38.31707 ], [ -90.912178, 38.330816 ], [ -90.933311, 38.343166 ], [ -90.92006, 38.344419 ], [ -90.910555, 38.334761 ], [ -90.906176, 38.336629 ], [ -90.906365, 38.345581 ], [ -90.899503, 38.349026 ], [ -90.891502, 38.340827 ], [ -90.883469, 38.34325 ], [ -90.885174, 38.35777 ], [ -90.872144, 38.35227 ], [ -90.867987, 38.345018 ], [ -90.86353, 38.34552 ], [ -90.859494, 38.350644 ], [ -90.862152, 38.355695 ], [ -90.86809, 38.353341 ], [ -90.872496, 38.356171 ], [ -90.869774, 38.360455 ], [ -90.871983, 38.366802 ], [ -90.862692, 38.372125 ], [ -90.866701, 38.37484 ], [ -90.857022, 38.383316 ], [ -90.861397, 38.384808 ], [ -90.868552, 38.380707 ], [ -90.885342, 38.382671 ], [ -90.886012, 38.387981 ], [ -90.889542, 38.389423 ], [ -90.889302, 38.398853 ], [ -90.883586, 38.400507 ], [ -90.874147, 38.410015 ], [ -90.839393, 38.408396 ], [ -90.83053, 38.417252 ], [ -90.82629, 38.435184 ], [ -90.801764, 38.438776 ], [ -90.800274, 38.432792 ], [ -90.803663, 38.430106 ], [ -90.800801, 38.429678 ], [ -90.798107, 38.417552 ], [ -90.790977, 38.417374 ], [ -90.793456, 38.413358 ], [ -90.79109, 38.395271 ], [ -90.77114, 38.395092 ], [ -90.77116, 38.398766 ], [ -90.765851, 38.401222 ], [ -90.760344, 38.40064 ], [ -90.756387, 38.395435 ], [ -90.747649, 38.401259 ], [ -90.740674, 38.399353 ], [ -90.780185, 38.204112 ], [ -90.681399, 38.102681 ], [ -90.676262, 38.094122 ], [ -90.685366, 38.091058 ], [ -90.684776, 38.08627 ], [ -90.663179, 38.087825 ], [ -90.658082, 38.0975 ], [ -90.651375, 38.091509 ], [ -90.661624, 38.086532 ], [ -90.661653, 38.08383 ], [ -90.63998, 38.076548 ], [ -90.641238, 37.992157 ], [ -90.65975, 37.995332 ], [ -90.67026, 37.986705 ], [ -90.685922, 37.984241 ], [ -90.68848, 37.986939 ], [ -90.702396, 37.98261 ], [ -90.705197, 37.979406 ], [ -90.693316, 37.977173 ], [ -90.694246, 37.97479 ], [ -90.706532, 37.971988 ], [ -90.712013, 37.965345 ], [ -90.718628, 37.956094 ], [ -90.726716, 37.932847 ], [ -90.72877, 37.935547 ], [ -90.731827, 37.934329 ], [ -90.742389, 37.924547 ], [ -90.758918, 37.926428 ], [ -90.763614, 37.920418 ], [ -90.773045, 37.921451 ], [ -90.775513, 37.917439 ], [ -90.774701, 37.92661 ], [ -90.777844, 37.92397 ], [ -90.792294, 37.933442 ], [ -90.802472, 37.932512 ], [ -90.80033, 37.942421 ], [ -90.806436, 37.944564 ], [ -90.800582, 37.947698 ], [ -90.805859, 37.95413 ], [ -90.810371, 37.951647 ], [ -90.813993, 37.955531 ], [ -90.820015, 37.955364 ], [ -90.818662, 37.961763 ], [ -90.82241, 37.964718 ], [ -90.85474, 37.967628 ], [ -90.855723, 37.973966 ], [ -90.850817, 37.988092 ], [ -90.86557, 37.999231 ], [ -90.862768, 38.006153 ], [ -90.854007, 38.002386 ], [ -90.856182, 38.015207 ], [ -90.852309, 38.024898 ], [ -90.871504, 38.033574 ], [ -90.845285, 38.040209 ], [ -90.844829, 38.050997 ], [ -90.839967, 38.054956 ], [ -90.843147, 38.058058 ], [ -90.887363, 38.058808 ], [ -90.886101, 38.065952 ], [ -90.888726, 38.067647 ], [ -90.882123, 38.074193 ], [ -90.883929, 38.077573 ], [ -90.879948, 38.081794 ], [ -90.881824, 38.08616 ], [ -90.878683, 38.101243 ], [ -90.901127, 38.136973 ], [ -90.894453, 38.147803 ], [ -90.901474, 38.153672 ], [ -90.901363, 38.15727 ], [ -90.927278, 38.164789 ], [ -90.934102, 38.162599 ], [ -90.934015, 38.205244 ], [ -91.36763, 38.204013 ], [ -91.365436, 38.33147 ] ] ] } },
{ "type": "Feature", "properties": { "district": "156", "name": "State House District 156" }, "geometry": { "type": "Polygon", "coordinates": [ [ [ -93.313319, 36.572059 ], [ -93.30956, 36.729997 ], [ -93.304359, 36.816866 ], [ -93.146858, 36.814088 ], [ -93.149333, 36.703306 ], [ -93.13496, 36.711285 ], [ -93.129031, 36.711074 ], [ -93.127146, 36.70739 ], [ -93.130205, 36.693995 ], [ -93.127563, 36.677005 ], [ -93.146838, 36.662739 ], [ -93.144679, 36.658751 ], [ -93.134912, 36.654843 ], [ -93.134684, 36.651316 ], [ -93.14854, 36.651424 ], [ -93.146281, 36.650952 ], [ -93.150017, 36.647971 ], [ -93.147193, 36.647852 ], [ -93.149988, 36.637333 ], [ -93.16798, 36.63749 ], [ -93.164746, 36.641469 ], [ -93.189655, 36.641807 ], [ -93.191057, 36.645442 ], [ -93.210971, 36.642273 ], [ -93.20941, 36.638102 ], [ -93.203748, 36.638017 ], [ -93.199258, 36.630807 ], [ -93.192579, 36.630718 ], [ -93.193405, 36.623478 ], [ -93.185934, 36.623403 ], [ -93.1948, 36.61988 ], [ -93.194958, 36.612627 ], [ -93.199359, 36.61267 ], [ -93.202696, 36.61991 ], [ -93.197075, 36.619899 ], [ -93.197037, 36.62533 ], [ -93.201541, 36.621772 ], [ -93.203738, 36.623599 ], [ -93.20378, 36.609205 ], [ -93.21044, 36.609326 ], [ -93.209183, 36.599384 ], [ -93.203778, 36.598414 ], [ -93.203832, 36.591186 ], [ -93.206567, 36.591253 ], [ -93.212704, 36.57575 ], [ -93.208756, 36.569866 ], [ -93.295457, 36.571803 ], [ -93.295658, 36.564674 ], [ -93.304583, 36.564767 ], [ -93.304447, 36.57058 ], [ -93.313319, 36.572059 ] ] ] } },
{ "type": "Feature", "properties": { "district": "145", "name": "State House District 145" }, "geometry": { "type": "Polygon", "coordinates": [ [ [ -90.459133, 37.878924 ], [ -90.32287, 37.981731 ], [ -90.416022, 38.042315 ], [ -90.32939, 38.09436 ], [ -90.321016, 38.094938 ], [ -90.295999, 38.087979 ], [ -90.288177, 38.091539 ], [ -90.280283, 38.098764 ], [ -90.280911, 38.103968 ], [ -90.262716, 38.107519 ], [ -90.256496, 38.116956 ], [ -90.25008, 38.114225 ], [ -90.256115, 38.125912 ], [ -90.252666, 38.127812 ], [ -90.240713, 38.110375 ], [ -90.188115, 38.076851 ], [ -90.17222, 38.069636 ], [ -90.158273, 38.07495 ], [ -90.130788, 38.062341 ], [ -90.126396, 38.054897 ], [ -90.126196, 38.040706 ], [ -90.11424, 38.029061 ], [ -90.08826, 38.015772 ], [ -90.065045, 38.016875 ], [ -90.057269, 38.014362 ], [ -90.051941, 38.005432 ], [ -90.031795, 37.995126 ], [ -90.00011, 37.964563 ], [ -89.982228, 37.962111 ], [ -89.940687, 37.970874 ], [ -89.935885, 37.959581 ], [ -89.924597, 37.959849 ], [ -89.924853, 37.954906 ], [ -89.931267, 37.948277 ], [ -89.947322, 37.940283 ], [ -89.959772, 37.940083 ], [ -89.962057, 37.933918 ], [ -89.974799, 37.926525 ], [ -89.973762, 37.918016 ], [ -89.953008, 37.884037 ], [ -89.938608, 37.874304 ], [ -89.917544, 37.869895 ], [ -89.898753, 37.87078 ], [ -89.879688, 37.880736 ], [ -89.861877, 37.897684 ], [ -89.842638, 37.905197 ], [ -89.799329, 37.881516 ], [ -89.797696, 37.874392 ], [ -89.800353, 37.868626 ], [ -89.797542, 37.862128 ], [ -89.786326, 37.851689 ], [ -89.781991, 37.855053 ], [ -89.754099, 37.846353 ], [ -89.739875, 37.846921 ], [ -89.717442, 37.825723 ], [ -89.671255, 37.801144 ], [ -89.66038, 37.786296 ], [ -89.66119, 37.775732 ], [ -89.667993, 37.759484 ], [ -89.663352, 37.750052 ], [ -89.64953, 37.745496 ], [ -89.617278, 37.74972 ], [ -89.615744, 37.742725 ], [ -89.597481, 37.733477 ], [ -89.583316, 37.713261 ], [ -89.531427, 37.700334 ], [ -89.516469, 37.692539 ], [ -89.51204, 37.680985 ], [ -89.516146, 37.667975 ], [ -89.517718, 37.641217 ], [ -89.506563, 37.62505 ], [ -89.478399, 37.598869 ], [ -89.476511, 37.588156 ], [ -89.48906, 37.580318 ], [ -89.518007, 37.583961 ], [ -89.520804, 37.581154 ], [ -89.521855, 37.566214 ], [ -89.528591, 37.563953 ], [ -89.538905, 37.574391 ], [ -89.541453, 37.572169 ], [ -89.538324, 37.568617 ], [ -89.542713, 37.566962 ], [ -89.554583, 37.576823 ], [ -89.581641, 37.57107 ], [ -89.585256, 37.574445 ], [ -89.58223, 37.576006 ], [ -89.583456, 37.58188 ], [ -89.592305, 37.574757 ], [ -89.596748, 37.579345 ], [ -89.593382, 37.583897 ], [ -89.603574, 37.592056 ], [ -89.603865, 37.603384 ], [ -89.616663, 37.592541 ], [ -89.624322, 37.593679 ], [ -89.626243, 37.588097 ], [ -89.634139, 37.590755 ], [ -89.636182, 37.586867 ], [ -89.639843, 37.587025 ], [ -89.641581, 37.592183 ], [ -89.637733, 37.597669 ], [ -89.638927, 37.603595 ], [ -89.647141, 37.59772 ], [ -89.665005, 37.598389 ], [ -89.664504, 37.590395 ], [ -89.672184, 37.58338 ], [ -89.675732, 37.591556 ], [ -89.677392, 37.584872 ], [ -89.681055, 37.584609 ], [ -89.68635, 37.588351 ], [ -89.683966, 37.592758 ], [ -89.687026, 37.595577 ], [ -89.696695, 37.594012 ], [ -89.710149, 37.599452 ], [ -89.716206, 37.594963 ], [ -89.714967, 37.588993 ], [ -89.719313, 37.587857 ], [ -89.722143, 37.595405 ], [ -89.734951, 37.601558 ], [ -89.740659, 37.599193 ], [ -89.735892, 37.592872 ], [ -89.737144, 37.590624 ], [ -89.757109, 37.592232 ], [ -89.760665, 37.587789 ], [ -89.765494, 37.591571 ], [ -89.782099, 37.591837 ], [ -89.786534, 37.59875 ], [ -89.791911, 37.592388 ], [ -89.800999, 37.592487 ], [ -89.797051, 37.602162 ], [ -89.799977, 37.606461 ], [ -89.8038, 37.601948 ], [ -89.816318, 37.599883 ], [ -90.146763, 37.597434 ], [ -90.146778, 37.641699 ], [ -90.110537, 37.67134 ], [ -90.154187, 37.699766 ], [ -90.200208, 37.669628 ], [ -90.34833, 37.793495 ], [ -90.459133, 37.878924 ] ] ] } },
{ "type": "Feature", "properties": { "district": "051", "name": "State House District 51" }, "geometry": { "type": "Polygon", "coordinates": [ [ [ -94.035869, 38.91626 ], [ -94.035413, 38.921702 ], [ -94.03093, 38.92231 ], [ -94.029551, 38.951106 ], [ -94.024693, 38.953086 ], [ -94.024238, 38.962028 ], [ -94.016654, 38.96182 ], [ -94.016482, 38.958176 ], [ -93.945099, 38.956253 ], [ -93.939982, 39.043421 ], [ -93.923448, 39.042791 ], [ -93.922586, 39.057317 ], [ -93.919704, 39.057219 ], [ -93.918605, 39.042642 ], [ -93.904767, 39.042029 ], [ -93.902908, 39.085646 ], [ -93.828851, 39.083196 ], [ -93.828967, 39.085607 ], [ -93.823901, 39.085452 ], [ -93.771776, 39.081571 ], [ -93.769141, 39.088563 ], [ -93.77107, 39.090638 ], [ -93.768744, 39.091095 ], [ -93.771357, 39.093292 ], [ -93.766196, 39.096275 ], [ -93.770598, 39.097834 ], [ -93.770758, 39.100932 ], [ -93.767333, 39.10264 ], [ -93.770193, 39.108218 ], [ -93.764804, 39.113182 ], [ -93.765688, 39.119142 ], [ -93.763482, 39.118713 ], [ -93.766081, 39.122427 ], [ -93.761562, 39.12605 ], [ -93.761901, 39.129917 ], [ -93.755598, 39.131562 ], [ -93.755494, 39.135785 ], [ -93.752985, 39.135813 ], [ -93.751927, 39.148311 ], [ -93.749439, 39.152539 ], [ -93.745198, 39.151877 ], [ -93.750168, 39.155044 ], [ -93.744244, 39.158035 ], [ -93.738444, 39.167988 ], [ -93.637859, 39.166504 ], [ -93.635172, 39.209857 ], [ -93.674204, 39.210477 ], [ -93.669388, 39.214499 ], [ -93.663959, 39.214447 ], [ -93.663549, 39.221545 ], [ -93.658421, 39.221478 ], [ -93.657603, 39.245185 ], [ -93.654936, 39.247489 ], [ -93.585829, 39.24076 ], [ -93.568926, 39.228605 ], [ -93.563192, 39.22002 ], [ -93.551528, 39.217017 ], [ -93.528432, 39.214892 ], [ -93.500211, 39.218005 ], [ -93.489284, 39.226297 ], [ -93.486573, 39.233861 ], [ -93.496221, 39.264891 ], [ -93.49434, 39.278359 ], [ -93.4837, 39.290249 ], [ -93.470529, 39.293256 ], [ -93.458652, 39.288314 ], [ -93.450714, 39.272975 ], [ -93.444231, 39.268525 ], [ -93.413924, 39.267753 ], [ -93.404775, 39.263274 ], [ -93.404498, 39.254222 ], [ -93.41523, 39.241797 ], [ -93.415226, 39.234923 ], [ -93.411414, 39.231058 ], [ -93.396335, 39.22634 ], [ -93.373137, 39.231331 ], [ -93.353637, 39.242763 ], [ -93.334957, 39.248875 ], [ -93.329121, 39.255081 ], [ -93.328962, 39.265483 ], [ -93.34443, 39.289364 ], [ -93.344109, 39.297179 ], [ -93.336856, 39.307032 ], [ -93.324764, 39.310615 ], [ -93.294161, 39.309214 ], [ -93.277725, 39.311549 ], [ -93.266509, 39.319721 ], [ -93.267795, 39.325117 ], [ -93.263813, 39.331009 ], [ -93.252565, 39.338874 ], [ -93.241505, 39.337037 ], [ -93.230079, 39.327877 ], [ -93.221204, 39.331656 ], [ -93.189569, 39.370383 ], [ -93.19018, 39.381753 ], [ -93.200951, 39.398891 ], [ -93.199282, 39.404312 ], [ -93.189435, 39.410486 ], [ -93.177451, 39.411714 ], [ -93.167221, 39.407253 ], [ -93.151992, 39.387158 ], [ -93.139631, 39.378643 ], [ -93.125199, 39.377675 ], [ -93.106071, 39.383724 ], [ -93.087759, 39.378912 ], [ -93.077083, 39.3655 ], [ -93.078053, 39.347977 ], [ -93.072915, 39.33552 ], [ -93.048228, 39.319047 ], [ -93.023776, 39.313115 ], [ -92.971592, 39.3156 ], [ -92.959801, 39.312526 ], [ -92.953402, 39.302752 ], [ -92.957766, 39.279336 ], [ -92.947403, 39.270094 ], [ -92.923617, 39.263376 ], [ -92.916749, 39.25794 ], [ -92.915681, 39.250031 ], [ -92.919968, 39.232953 ], [ -92.911669, 39.223946 ], [ -92.892788, 39.222507 ], [ -92.862851, 39.236437 ], [ -92.854935, 39.235537 ], [ -92.84907, 39.230612 ], [ -92.851402, 39.217889 ], [ -92.861077, 39.200151 ], [ -92.875186, 39.187007 ], [ -92.894181, 39.177905 ], [ -92.904802, 39.166155 ], [ -92.906073, 39.147639 ], [ -92.911696, 39.138173 ], [ -92.922615, 39.130789 ], [ -92.939797, 39.126919 ], [ -92.94385, 39.121738 ], [ -92.945232, 39.107089 ], [ -92.942786, 39.103531 ], [ -92.934053, 39.099329 ], [ -92.90897, 39.095547 ], [ -92.907362, 39.084206 ], [ -92.917762, 39.073584 ], [ -92.930482, 39.068532 ], [ -93.048471, 38.972418 ], [ -93.050453, 38.928244 ], [ -93.496377, 38.942837 ], [ -93.497576, 38.928302 ], [ -93.834719, 38.937909 ], [ -93.836319, 38.908709 ], [ -94.035869, 38.91626 ] ] ] } },
{ "type": "Feature", "properties": { "district": "054", "name": "State House District 54" }, "geometry": { "type": "Polygon", "coordinates": [ [ [ -94.121312, 38.804311 ], [ -94.113306, 38.917481 ], [ -93.836319, 38.908709 ], [ -93.834719, 38.937909 ], [ -93.497278, 38.92843 ], [ -93.498616, 38.8993 ], [ -93.49311, 38.899016 ], [ -93.498271, 38.811182 ], [ -93.600507, 38.814331 ], [ -93.600154, 38.821824 ], [ -93.60949, 38.822026 ], [ -93.608378, 38.843913 ], [ -93.636762, 38.844627 ], [ -93.637614, 38.823224 ], [ -93.666072, 38.824575 ], [ -93.674297, 38.68528 ], [ -93.805857, 38.689541 ], [ -93.807591, 38.674875 ], [ -94.033492, 38.682406 ], [ -94.026879, 38.80032 ], [ -94.121312, 38.804311 ] ] ] } },
{ "type": "Feature", "properties": { "district": "031", "name": "State House District 31" }, "geometry": { "type": "Polygon", "coordinates": [ [ [ -94.337147, 39.029229 ], [ -94.33707, 39.032684 ], [ -94.33236, 39.032992 ], [ -94.331944, 39.03832 ], [ -94.305436, 39.035596 ], [ -94.312661, 39.044616 ], [ -94.315305, 39.054104 ], [ -94.269796, 39.053403 ], [ -94.277472, 39.066233 ], [ -94.26336, 39.063394 ], [ -94.261269, 39.057879 ], [ -94.256666, 39.057732 ], [ -94.261311, 39.056938 ], [ -94.25822, 39.048683 ], [ -94.256859, 39.052217 ], [ -94.250312, 39.052042 ], [ -94.250454, 39.048373 ], [ -94.247863, 39.048273 ], [ -94.243257, 39.048303 ], [ -94.243122, 39.051939 ], [ -94.233913, 39.051394 ], [ -94.234133, 39.045586 ], [ -94.22949, 39.045323 ], [ -94.229627, 39.040356 ], [ -94.222861, 39.039497 ], [ -94.225091, 39.036573 ], [ -94.252908, 39.037556 ], [ -94.253169, 39.02793 ], [ -94.271803, 39.030147 ], [ -94.274492, 38.965714 ], [ -94.283845, 38.965998 ], [ -94.283467, 38.976851 ], [ -94.288144, 38.976939 ], [ -94.285632, 38.980592 ], [ -94.291966, 38.980796 ], [ -94.296234, 38.984898 ], [ -94.28718, 38.990839 ], [ -94.287214, 38.99368 ], [ -94.293823, 38.99524 ], [ -94.291861, 38.998798 ], [ -94.29644, 38.998907 ], [ -94.293727, 39.008419 ], [ -94.296161, 39.005338 ], [ -94.29785, 39.008495 ], [ -94.298602, 39.00266 ], [ -94.300862, 39.002714 ], [ -94.299649, 39.008563 ], [ -94.302076, 39.008654 ], [ -94.310413, 39.002986 ], [ -94.309974, 39.006599 ], [ -94.319205, 39.006794 ], [ -94.319099, 39.010456 ], [ -94.3239, 39.010506 ], [ -94.321563, 39.014339 ], [ -94.318947, 39.010464 ], [ -94.310053, 39.009109 ], [ -94.312322, 39.013998 ], [ -94.300372, 39.01457 ], [ -94.306349, 39.016417 ], [ -94.301822, 39.019344 ], [ -94.319549, 39.026686 ], [ -94.337147, 39.029229 ] ] ] } },
{ "type": "Feature", "properties": { "district": "070", "name": "State House District 70" }, "geometry": { "type": "Polygon", "coordinates": [ [ [ -90.482299, 38.764348 ], [ -90.473188, 38.790978 ], [ -90.449556, 38.819892 ], [ -90.440031, 38.827211 ], [ -90.427475, 38.828896 ], [ -90.395115, 38.822683 ], [ -90.353493, 38.797818 ], [ -90.357441, 38.793443 ], [ -90.343229, 38.786171 ], [ -90.339576, 38.787049 ], [ -90.337682, 38.776231 ], [ -90.328298, 38.774632 ], [ -90.329198, 38.769437 ], [ -90.318141, 38.771377 ], [ -90.319613, 38.7672 ], [ -90.316056, 38.76324 ], [ -90.339974, 38.764874 ], [ -90.343854, 38.773297 ], [ -90.349328, 38.773859 ], [ -90.349394, 38.764718 ], [ -90.352624, 38.764804 ], [ -90.353442, 38.759333 ], [ -90.368999, 38.764495 ], [ -90.368875, 38.758982 ], [ -90.374893, 38.759273 ], [ -90.383604, 38.752646 ], [ -90.37863, 38.752281 ], [ -90.376878, 38.749632 ], [ -90.38064, 38.748617 ], [ -90.37699, 38.746494 ], [ -90.386165, 38.741831 ], [ -90.391766, 38.733584 ], [ -90.399454, 38.737024 ], [ -90.406576, 38.722211 ], [ -90.414051, 38.722734 ], [ -90.42072, 38.729046 ], [ -90.429254, 38.729038 ], [ -90.4298, 38.737442 ], [ -90.439486, 38.742923 ], [ -90.435906, 38.746515 ], [ -90.440878, 38.745561 ], [ -90.450121, 38.752594 ], [ -90.482299, 38.764348 ] ] ] } },
{ "type": "Feature", "properties": { "district": "130", "name": "State House District 130" }, "geometry": { "type": "Polygon", "coordinates": [ [ [ -93.507081, 37.1156 ], [ -93.506942, 37.122198 ], [ -93.500081, 37.122753 ], [ -93.499976, 37.126379 ], [ -93.494142, 37.122516 ], [ -93.49402, 37.12615 ], [ -93.489424, 37.126961 ], [ -93.491374, 37.133367 ], [ -93.481127, 37.133102 ], [ -93.47972, 37.14035 ], [ -93.475194, 37.140319 ], [ -93.475403, 37.13303 ], [ -93.46615, 37.13473 ], [ -93.461744, 37.132213 ], [ -93.434216, 37.143704 ], [ -93.4246, 37.15491 ], [ -93.42428, 37.16161 ], [ -93.44258, 37.16189 ], [ -93.44235, 37.16951 ], [ -93.44705, 37.16967 ], [ -93.446891, 37.176984 ], [ -93.460602, 37.177279 ], [ -93.460229, 37.184502 ], [ -93.446481, 37.184193 ], [ -93.44624, 37.19155 ], [ -93.42796, 37.191287 ], [ -93.427682, 37.19858 ], [ -93.430026, 37.19861 ], [ -93.42308, 37.19853 ], [ -93.42298, 37.20201 ], [ -93.43219, 37.19897 ], [ -93.43178, 37.21319 ], [ -93.4043, 37.21291 ], [ -93.403716, 37.220264 ], [ -93.413181, 37.220338 ], [ -93.412991, 37.224566 ], [ -93.40376, 37.22483 ], [ -93.403354, 37.23489 ], [ -93.410148, 37.234936 ], [ -93.40696, 37.256719 ], [ -93.411417, 37.256792 ], [ -93.410577, 37.27262 ], [ -93.407208, 37.272556 ], [ -93.410493, 37.274952 ], [ -93.401691, 37.271247 ], [ -93.401449, 37.275789 ], [ -93.39759, 37.27701 ], [ -93.397194, 37.271249 ], [ -93.39103, 37.271955 ], [ -93.387046, 37.267592 ], [ -93.38967, 37.26024 ], [ -93.383788, 37.260282 ], [ -93.383598, 37.263363 ], [ -93.381053, 37.260252 ], [ -93.374253, 37.260092 ], [ -93.37456, 37.253084 ], [ -93.365653, 37.245716 ], [ -93.365514, 37.248914 ], [ -93.35275, 37.24521 ], [ -93.342743, 37.248683 ], [ -93.342881, 37.245133 ], [ -93.338489, 37.245079 ], [ -93.33887, 37.23041 ], [ -93.34345, 37.23048 ], [ -93.34848, 37.21884 ], [ -93.349231, 37.195818 ], [ -93.341112, 37.195743 ], [ -93.341893, 37.169226 ], [ -93.34579, 37.169271 ], [ -93.350344, 37.162851 ], [ -93.35342, 37.16838 ], [ -93.362731, 37.167866 ], [ -93.362219, 37.155479 ], [ -93.368989, 37.153516 ], [ -93.369547, 37.142565 ], [ -93.374048, 37.141219 ], [ -93.36951, 37.13896 ], [ -93.369626, 37.135348 ], [ -93.365827, 37.135267 ], [ -93.366166, 37.132378 ], [ -93.369665, 37.129427 ], [ -93.374372, 37.131685 ], [ -93.376107, 37.124506 ], [ -93.381067, 37.124614 ], [ -93.381035, 37.120836 ], [ -93.388968, 37.119092 ], [ -93.389108, 37.112602 ], [ -93.384149, 37.112419 ], [ -93.384121, 37.116537 ], [ -93.381034, 37.116484 ], [ -93.37954, 37.10975 ], [ -93.3705, 37.10968 ], [ -93.375182, 37.102483 ], [ -93.3707, 37.10241 ], [ -93.37092, 37.09514 ], [ -93.49144, 37.0967 ], [ -93.492453, 37.100457 ], [ -93.498275, 37.100631 ], [ -93.498258, 37.111609 ], [ -93.507081, 37.1156 ] ] ] } },
{ "type": "Feature", "properties": { "district": "149", "name": "State House District 149" }, "geometry": { "type": "Polygon", "coordinates": [ [ [ -89.972478, 36.389597 ], [ -89.963539, 36.412378 ], [ -89.965985, 36.417444 ], [ -89.957155, 36.457893 ], [ -89.96068, 36.463284 ], [ -89.956629, 36.480619 ], [ -89.960766, 36.500059 ], [ -89.960492, 36.527459 ], [ -89.953664, 36.54968 ], [ -89.956988, 36.56085 ], [ -89.957937, 36.588265 ], [ -89.963248, 36.601212 ], [ -89.962532, 36.626277 ], [ -89.958786, 36.629331 ], [ -89.700952, 36.627453 ], [ -89.702677, 36.739077 ], [ -89.700129, 36.742754 ], [ -89.704833, 36.859285 ], [ -89.605893, 36.861661 ], [ -89.604596, 36.866218 ], [ -89.56757, 36.870909 ], [ -89.519809, 36.869617 ], [ -89.519865, 36.876937 ], [ -89.501515, 36.876926 ], [ -89.501526, 36.906262 ], [ -89.465233, 36.906239 ], [ -89.465393, 36.935776 ], [ -89.42995, 36.935609 ], [ -89.429899, 36.950263 ], [ -89.411479, 36.950135 ], [ -89.411289, 36.964787 ], [ -89.375064, 36.964947 ], [ -89.374308, 36.994285 ], [ -89.347303, 37.001977 ], [ -89.347205, 37.00911 ], [ -89.313324, 37.009499 ], [ -89.29213, 36.992189 ], [ -89.278628, 36.98867 ], [ -89.274198, 36.990495 ], [ -89.263527, 37.00005 ], [ -89.257608, 37.015496 ], [ -89.260003, 37.023288 ], [ -89.277715, 37.03614 ], [ -89.304752, 37.047565 ], [ -89.310819, 37.057897 ], [ -89.307726, 37.069654 ], [ -89.259935, 37.06407 ], [ -89.25493, 37.072014 ], [ -89.234053, 37.037277 ], [ -89.200793, 37.016164 ], [ -89.192097, 36.979995 ], [ -89.185491, 36.973518 ], [ -89.170009, 36.970298 ], [ -89.125352, 36.983529 ], [ -89.110946, 36.977797 ], [ -89.101038, 36.967085 ], [ -89.098968, 36.956067 ], [ -89.101644, 36.940728 ], [ -89.117115, 36.888685 ], [ -89.131934, 36.857596 ], [ -89.138109, 36.847323 ], [ -89.152681, 36.847105 ], [ -89.159005, 36.842729 ], [ -89.1719, 36.841106 ], [ -89.179201, 36.829896 ], [ -89.179133, 36.810893 ], [ -89.170563, 36.797538 ], [ -89.157137, 36.789569 ], [ -89.12438, 36.785826 ], [ -89.116569, 36.77451 ], [ -89.117076, 36.765769 ], [ -89.125967, 36.751809 ], [ -89.169785, 36.759641 ], [ -89.18532, 36.753349 ], [ -89.197856, 36.739772 ], [ -89.2014, 36.725881 ], [ -89.199311, 36.715624 ], [ -89.170462, 36.690048 ], [ -89.167971, 36.679089 ], [ -89.171884, 36.672598 ], [ -89.159118, 36.666354 ], [ -89.197753, 36.628971 ], [ -89.202771, 36.601665 ], [ -89.211184, 36.584058 ], [ -89.219035, 36.575057 ], [ -89.236308, 36.566881 ], [ -89.26349, 36.566269 ], [ -89.294675, 36.593779 ], [ -89.314657, 36.621844 ], [ -89.324637, 36.631023 ], [ -89.343902, 36.631888 ], [ -89.365797, 36.625126 ], [ -89.376144, 36.614132 ], [ -89.38271, 36.583722 ], [ -89.395833, 36.559325 ], [ -89.398626, 36.542276 ], [ -89.417275, 36.499011 ], [ -89.443735, 36.469161 ], [ -89.464433, 36.457747 ], [ -89.486193, 36.462114 ], [ -89.493947, 36.473559 ], [ -89.486687, 36.494992 ], [ -89.473256, 36.512416 ], [ -89.465913, 36.530015 ], [ -89.46782, 36.546974 ], [ -89.47993, 36.569087 ], [ -89.528541, 36.581582 ], [ -89.538247, 36.581294 ], [ -89.554008, 36.576564 ], [ -89.568614, 36.562465 ], [ -89.570763, 36.548823 ], [ -89.560412, 36.524406 ], [ -89.519922, 36.477053 ], [ -89.523427, 36.456572 ], [ -89.543406, 36.43877 ], [ -89.545255, 36.427079 ], [ -89.513956, 36.384891 ], [ -89.509722, 36.373626 ], [ -89.519, 36.3486 ], [ -89.531822, 36.339246 ], [ -89.545006, 36.336809 ], [ -89.581636, 36.342357 ], [ -89.605668, 36.342234 ], [ -89.615841, 36.336085 ], [ -89.620255, 36.323006 ], [ -89.611819, 36.309088 ], [ -89.578492, 36.288317 ], [ -89.554296, 36.277753 ], [ -89.544797, 36.280458 ], [ -89.539487, 36.277368 ], [ -89.536441, 36.272827 ], [ -89.534745, 36.252573 ], [ -89.544743, 36.247484 ], [ -89.562206, 36.250909 ], [ -89.577544, 36.242262 ], [ -89.602374, 36.238106 ], [ -89.642182, 36.249486 ], [ -89.678043, 36.248287 ], [ -89.695235, 36.252766 ], [ -89.705525, 36.238983 ], [ -89.69263, 36.224959 ], [ -89.618228, 36.179966 ], [ -89.59845, 36.161421 ], [ -89.663748, 36.161842 ], [ -89.663655, 36.154464 ], [ -89.653199, 36.154679 ], [ -89.653119, 36.149524 ], [ -89.662404, 36.149847 ], [ -89.660411, 36.147083 ], [ -89.663475, 36.143381 ], [ -89.663611, 36.151508 ], [ -89.673634, 36.156573 ], [ -89.702313, 36.184892 ], [ -89.712003, 36.190535 ], [ -89.763103, 36.190329 ], [ -89.763016, 36.196332 ], [ -89.771714, 36.196366 ], [ -89.771821, 36.212311 ], [ -89.781076, 36.212309 ], [ -89.781027, 36.219317 ], [ -89.807787, 36.219135 ], [ -89.806507, 36.234175 ], [ -89.85825, 36.234077 ], [ -89.858007, 36.244842 ], [ -89.861949, 36.244954 ], [ -89.861958, 36.24828 ], [ -89.879966, 36.248366 ], [ -89.879884, 36.321049 ], [ -89.755192, 36.320748 ], [ -89.755649, 36.384804 ], [ -89.762048, 36.388769 ], [ -89.766643, 36.389844 ], [ -89.76818, 36.38598 ], [ -89.808719, 36.38578 ], [ -89.972478, 36.389597 ] ] ] } },
{ "type": "Feature", "properties": { "district": "138", "name": "State House District 138" }, "geometry": { "type": "Polygon", "coordinates": [ [ [ -93.612927, 36.82222 ], [ -93.610126, 36.99581 ], [ -93.337451, 36.992494 ], [ -93.337912, 36.974871 ], [ -93.318963, 36.975838 ], [ -93.316054, 36.979385 ], [ -93.301593, 36.981074 ], [ -93.287628, 36.992119 ], [ -93.248065, 36.990907 ], [ -93.249007, 36.946795 ], [ -93.194746, 36.945384 ], [ -93.194736, 36.949228 ], [ -93.185993, 36.948856 ], [ -93.185739, 36.959814 ], [ -93.149803, 36.958918 ], [ -93.149808, 36.955447 ], [ -93.145666, 36.955385 ], [ -93.145751, 36.94432 ], [ -93.141438, 36.943919 ], [ -93.141078, 36.958738 ], [ -93.122674, 36.958364 ], [ -93.121676, 37.03114 ], [ -93.046638, 37.029737 ], [ -93.045051, 37.034757 ], [ -93.037631, 37.03695 ], [ -93.031185, 37.036165 ], [ -93.031898, 36.997115 ], [ -93.018691, 36.996952 ], [ -93.013814, 36.992688 ], [ -92.995869, 36.992497 ], [ -92.995951, 36.985258 ], [ -92.959327, 36.985007 ], [ -92.959191, 36.992797 ], [ -92.950132, 36.992601 ], [ -92.950235, 36.985954 ], [ -92.923056, 36.984497 ], [ -92.9233, 36.969568 ], [ -92.905114, 36.969185 ], [ -92.909336, 36.809178 ], [ -93.304359, 36.816866 ], [ -93.313208, 36.578381 ], [ -93.319897, 36.577862 ], [ -93.325138, 36.583664 ], [ -93.32409, 36.594509 ], [ -93.320128, 36.600268 ], [ -93.324977, 36.615776 ], [ -93.330375, 36.6199 ], [ -93.340824, 36.619653 ], [ -93.351655, 36.609349 ], [ -93.350326, 36.582597 ], [ -93.373632, 36.571903 ], [ -93.388617, 36.575247 ], [ -93.395217, 36.5725 ], [ -93.400252, 36.55923 ], [ -93.414726, 36.553103 ], [ -93.408448, 36.544658 ], [ -93.416134, 36.552478 ], [ -93.420248, 36.552389 ], [ -93.40786, 36.557103 ], [ -93.409386, 36.560421 ], [ -93.402461, 36.559803 ], [ -93.403901, 36.562006 ], [ -93.400813, 36.564281 ], [ -93.405132, 36.565345 ], [ -93.400575, 36.567011 ], [ -93.402292, 36.572776 ], [ -93.398112, 36.572347 ], [ -93.396243, 36.573961 ], [ -93.396331, 36.574741 ], [ -93.39678, 36.575056 ], [ -93.403722, 36.573387 ], [ -93.40282, 36.569925 ], [ -93.407414, 36.564557 ], [ -93.404628, 36.563595 ], [ -93.414785, 36.561411 ], [ -93.423836, 36.552856 ], [ -93.424204, 36.548869 ], [ -93.430176, 36.546834 ], [ -93.435797, 36.549617 ], [ -93.438788, 36.55603 ], [ -93.43728, 36.566669 ], [ -93.443312, 36.565645 ], [ -93.453823, 36.573799 ], [ -93.458049, 36.571731 ], [ -93.465103, 36.576563 ], [ -93.465394, 36.568503 ], [ -93.468058, 36.56632 ], [ -93.462514, 36.563998 ], [ -93.470063, 36.562903 ], [ -93.465709, 36.564215 ], [ -93.469567, 36.565897 ], [ -93.467037, 36.568807 ], [ -93.472071, 36.569766 ], [ -93.470953, 36.565581 ], [ -93.475504, 36.563392 ], [ -93.478981, 36.565667 ], [ -93.50417, 36.563622 ], [ -93.502356, 36.573232 ], [ -93.508545, 36.575876 ], [ -93.513394, 36.57189 ], [ -93.523665, 36.571244 ], [ -93.521328, 36.581826 ], [ -93.526273, 36.593482 ], [ -93.525957, 36.602036 ], [ -93.531797, 36.613263 ], [ -93.537016, 36.616345 ], [ -93.549971, 36.614775 ], [ -93.557193, 36.607627 ], [ -93.540823, 36.596409 ], [ -93.53997, 36.590474 ], [ -93.581784, 36.586067 ], [ -93.5738, 36.820032 ], [ -93.612927, 36.82222 ] ] ] } },
{ "type": "Feature", "properties": { "district": "047", "name": "State House District 47" }, "geometry": { "type": "Polygon", "coordinates": [ [ [ -92.570156, 38.979728 ], [ -92.556495, 38.985426 ], [ -92.557606, 38.988406 ], [ -92.563929, 38.986904 ], [ -92.565389, 38.990676 ], [ -92.562106, 38.996406 ], [ -92.56516, 38.998647 ], [ -92.560642, 39.002006 ], [ -92.513553, 39.088806 ], [ -92.430229, 39.248795 ], [ -92.19863, 39.242346 ], [ -92.201908, 39.165989 ], [ -92.2301, 39.16683 ], [ -92.23114, 39.15665 ], [ -92.23496, 39.15538 ], [ -92.2378, 39.13255 ], [ -92.24436, 39.13277 ], [ -92.25105, 39.14008 ], [ -92.2636, 39.14086 ], [ -92.286362, 39.140994 ], [ -92.28636, 39.13668 ], [ -92.295663, 39.13695 ], [ -92.299747, 39.133096 ], [ -92.29817, 39.12666 ], [ -92.30354, 39.11222 ], [ -92.30996, 39.11212 ], [ -92.31048, 39.1052 ], [ -92.31988, 39.105807 ], [ -92.32093, 39.078939 ], [ -92.323474, 39.075888 ], [ -92.33015, 39.07693 ], [ -92.331012, 39.038352 ], [ -92.335626, 39.024688 ], [ -92.33323, 39.02272 ], [ -92.345175, 39.018937 ], [ -92.34156, 39.01255 ], [ -92.33533, 39.01034 ], [ -92.339172, 39.001383 ], [ -92.344202, 38.998085 ], [ -92.342023, 38.992425 ], [ -92.350886, 38.993162 ], [ -92.351154, 38.987717 ], [ -92.37735, 38.989902 ], [ -92.378605, 38.99429 ], [ -92.383139, 38.994384 ], [ -92.383324, 38.990542 ], [ -92.387883, 38.99096 ], [ -92.388102, 38.986422 ], [ -92.392685, 38.987782 ], [ -92.392803, 38.984191 ], [ -92.389172, 38.983865 ], [ -92.389514, 38.969989 ], [ -92.382108, 38.969464 ], [ -92.38953, 38.96707 ], [ -92.38975, 38.96183 ], [ -92.38101, 38.96087 ], [ -92.380733, 38.95483 ], [ -92.35287, 38.95211 ], [ -92.35297, 38.94485 ], [ -92.346689, 38.944182 ], [ -92.345407, 38.940203 ], [ -92.363685, 38.924147 ], [ -92.380085, 38.924538 ], [ -92.390354, 38.918739 ], [ -92.403813, 38.916924 ], [ -92.403492, 38.913133 ], [ -92.399985, 38.912643 ], [ -92.400436, 38.905421 ], [ -92.409717, 38.906171 ], [ -92.414574, 38.895383 ], [ -92.419417, 38.895414 ], [ -92.41944, 38.8814 ], [ -92.445005, 38.886142 ], [ -92.44961, 38.890295 ], [ -92.439358, 38.90122 ], [ -92.474259, 38.901596 ], [ -92.514987, 38.938114 ], [ -92.540118, 38.953718 ], [ -92.559179, 38.973173 ], [ -92.566088, 38.974178 ], [ -92.570156, 38.979728 ] ] ] } },
{ "type": "Feature", "properties": { "district": "063", "name": "State House District 63" }, "geometry": { "type": "Polygon", "coordinates": [ [ [ -90.93011, 38.81091 ], [ -90.91995, 38.80828 ], [ -90.914776, 38.811705 ], [ -90.914593, 38.817251 ], [ -90.919328, 38.819186 ], [ -90.905956, 38.819409 ], [ -90.9066, 38.83962 ], [ -90.880293, 38.839522 ], [ -90.869188, 38.835655 ], [ -90.869206, 38.839044 ], [ -90.858488, 38.839261 ], [ -90.859299, 38.84141 ], [ -90.857387, 38.837854 ], [ -90.85692, 38.841646 ], [ -90.84614, 38.84442 ], [ -90.838095, 38.831399 ], [ -90.843257, 38.826317 ], [ -90.82964, 38.82699 ], [ -90.831333, 38.831438 ], [ -90.826389, 38.831212 ], [ -90.826176, 38.825504 ], [ -90.818426, 38.825537 ], [ -90.811491, 38.820766 ], [ -90.81144, 38.81366 ], [ -90.80843, 38.81301 ], [ -90.81014, 38.809865 ], [ -90.800947, 38.808879 ], [ -90.797458, 38.817203 ], [ -90.79375, 38.810592 ], [ -90.779478, 38.810554 ], [ -90.779647, 38.806938 ], [ -90.775837, 38.805037 ], [ -90.808242, 38.805388 ], [ -90.816614, 38.803434 ], [ -90.816674, 38.795949 ], [ -90.826598, 38.798412 ], [ -90.82652, 38.792385 ], [ -90.831238, 38.792325 ], [ -90.830086, 38.787231 ], [ -90.833288, 38.787749 ], [ -90.833402, 38.771979 ], [ -90.843032, 38.772548 ], [ -90.843074, 38.766689 ], [ -90.84785, 38.76725 ], [ -90.846749, 38.77782 ], [ -90.860061, 38.777856 ], [ -90.860818, 38.775176 ], [ -90.862092, 38.773935 ], [ -90.86316, 38.77399 ], [ -90.860691, 38.77627 ], [ -90.863665, 38.777914 ], [ -90.859704, 38.779703 ], [ -90.862601, 38.781364 ], [ -90.859, 38.781426 ], [ -90.853881, 38.792405 ], [ -90.85972, 38.7923 ], [ -90.85987, 38.788714 ], [ -90.864395, 38.786857 ], [ -90.868286, 38.788611 ], [ -90.872867, 38.777754 ], [ -90.873849, 38.786385 ], [ -90.869188, 38.788172 ], [ -90.869259, 38.794602 ], [ -90.87215, 38.792416 ], [ -90.879394, 38.795863 ], [ -90.882655, 38.787209 ], [ -90.875554, 38.785415 ], [ -90.877113, 38.783149 ], [ -90.882936, 38.784496 ], [ -90.88289, 38.78173 ], [ -90.887732, 38.782068 ], [ -90.887752, 38.787727 ], [ -90.883036, 38.789232 ], [ -90.886194, 38.792367 ], [ -90.893744, 38.787623 ], [ -90.897103, 38.788683 ], [ -90.897141, 38.785036 ], [ -90.91093, 38.78876 ], [ -90.910898, 38.792405 ], [ -90.92013, 38.792568 ], [ -90.92017, 38.7889 ], [ -90.924819, 38.78896 ], [ -90.924771, 38.79622 ], [ -90.92008, 38.796168 ], [ -90.920026, 38.802447 ], [ -90.923153, 38.803047 ], [ -90.920019, 38.803365 ], [ -90.919994, 38.807285 ], [ -90.93011, 38.81091 ] ] ] } },
{ "type": "Feature", "properties": { "district": "075", "name": "State House District 75" }, "geometry": { "type": "Polygon", "coordinates": [ [ [ -90.395115, 38.822683 ], [ -90.370412, 38.823304 ], [ -90.350337, 38.840253 ], [ -90.321767, 38.822967 ], [ -90.319221, 38.824787 ], [ -90.316443, 38.82243 ], [ -90.311346, 38.82844 ], [ -90.300875, 38.812218 ], [ -90.291635, 38.814095 ], [ -90.284977, 38.808262 ], [ -90.261878, 38.810337 ], [ -90.252044, 38.818674 ], [ -90.250049, 38.796509 ], [ -90.254875, 38.793523 ], [ -90.254955, 38.783237 ], [ -90.267454, 38.782987 ], [ -90.270884, 38.787975 ], [ -90.276414, 38.788027 ], [ -90.279655, 38.798231 ], [ -90.292664, 38.799476 ], [ -90.298943, 38.809221 ], [ -90.30895, 38.801603 ], [ -90.309275, 38.795418 ], [ -90.316147, 38.795447 ], [ -90.323022, 38.786776 ], [ -90.338849, 38.796808 ], [ -90.332342, 38.802557 ], [ -90.338382, 38.807037 ], [ -90.341427, 38.803887 ], [ -90.350957, 38.810718 ], [ -90.358486, 38.808701 ], [ -90.36866, 38.814817 ], [ -90.376864, 38.815197 ], [ -90.378896, 38.81301 ], [ -90.374871, 38.810364 ], [ -90.395115, 38.822683 ] ] ] } },
{ "type": "Feature", "properties": { "district": "114", "name": "State House District 114" }, "geometry": { "type": "Polygon", "coordinates": [ [ [ -90.517541, 38.18252 ], [ -90.513739, 38.325231 ], [ -90.400205, 38.323663 ], [ -90.391749, 38.319087 ], [ -90.391696, 38.323433 ], [ -90.389621, 38.319752 ], [ -90.385052, 38.31969 ], [ -90.38465, 38.32329 ], [ -90.371405, 38.322969 ], [ -90.372422, 38.283725 ], [ -90.365139, 38.240724 ], [ -90.35543, 38.216306 ], [ -90.370082, 38.218638 ], [ -90.373582, 38.210866 ], [ -90.383295, 38.208849 ], [ -90.375728, 38.194364 ], [ -90.378264, 38.192769 ], [ -90.377612, 38.185682 ], [ -90.382295, 38.190211 ], [ -90.384405, 38.189916 ], [ -90.384502, 38.184592 ], [ -90.380497, 38.182183 ], [ -90.383688, 38.179865 ], [ -90.387751, 38.183714 ], [ -90.427604, 38.189914 ], [ -90.502796, 38.190385 ], [ -90.502741, 38.17548 ], [ -90.516551, 38.17597 ], [ -90.517187, 38.180243 ], [ -90.50992, 38.181328 ], [ -90.517541, 38.18252 ] ] ] } },
{ "type": "Feature", "properties": { "district": "135", "name": "State House District 135" }, "geometry": { "type": "Polygon", "coordinates": [ [ [ -93.294884, 37.186057 ], [ -93.29461, 37.19386 ], [ -93.28717, 37.19367 ], [ -93.2869, 37.20213 ], [ -93.27605, 37.20268 ], [ -93.27399, 37.25869 ], [ -93.269563, 37.258568 ], [ -93.269434, 37.262243 ], [ -93.260311, 37.262866 ], [ -93.262683, 37.258466 ], [ -93.248214, 37.257938 ], [ -93.25099, 37.26351 ], [ -93.24814, 37.26604 ], [ -93.244025, 37.257806 ], [ -93.242515, 37.261392 ], [ -93.23794, 37.26122 ], [ -93.237138, 37.253798 ], [ -93.236846, 37.25974 ], [ -93.228844, 37.260928 ], [ -93.223327, 37.248249 ], [ -93.21974, 37.260676 ], [ -93.212091, 37.256718 ], [ -93.212185, 37.251063 ], [ -93.21185, 37.25675 ], [ -93.178552, 37.254546 ], [ -93.178837, 37.242579 ], [ -93.1836, 37.23999 ], [ -93.188204, 37.238295 ], [ -93.188021, 37.24746 ], [ -93.201132, 37.238648 ], [ -93.21559, 37.23827 ], [ -93.2156, 37.2351 ], [ -93.20667, 37.234643 ], [ -93.206738, 37.230991 ], [ -93.208956, 37.231064 ], [ -93.209163, 37.223957 ], [ -93.215753, 37.225857 ], [ -93.216087, 37.216635 ], [ -93.220561, 37.216769 ], [ -93.21997, 37.20943 ], [ -93.209418, 37.209138 ], [ -93.204377, 37.201296 ], [ -93.208877, 37.20162 ], [ -93.207265, 37.194391 ], [ -93.22583, 37.19135 ], [ -93.22455, 37.18028 ], [ -93.27573, 37.18183 ], [ -93.27652, 37.1857 ], [ -93.294884, 37.186057 ] ], [ [ -93.212198, 37.25031 ], [ -93.198451, 37.247927 ], [ -93.187961, 37.25031 ], [ -93.212198, 37.25031 ] ] ] } },
{ "type": "Feature", "properties": { "district": "152", "name": "State House District 152" }, "geometry": { "type": "Polygon", "coordinates": [ [ [ -90.679719, 36.883453 ], [ -90.678562, 36.92649 ], [ -90.352708, 36.926653 ], [ -90.258563, 36.922043 ], [ -90.257864, 36.912364 ], [ -90.248487, 36.910545 ], [ -90.259859, 36.907075 ], [ -90.254846, 36.906541 ], [ -90.253266, 36.899093 ], [ -90.24736, 36.896194 ], [ -90.250113, 36.892639 ], [ -90.244603, 36.891897 ], [ -90.251891, 36.888015 ], [ -90.252999, 36.88188 ], [ -90.247879, 36.878558 ], [ -90.253152, 36.876619 ], [ -90.256794, 36.879582 ], [ -90.254057, 36.871012 ], [ -90.239833, 36.864371 ], [ -90.240907, 36.859426 ], [ -90.237558, 36.862919 ], [ -90.234837, 36.857293 ], [ -90.230464, 36.85874 ], [ -90.23147, 36.852886 ], [ -90.225133, 36.854864 ], [ -90.229805, 36.850117 ], [ -90.224158, 36.846713 ], [ -90.221931, 36.850406 ], [ -90.220982, 36.845394 ], [ -90.216321, 36.842811 ], [ -90.218956, 36.838552 ], [ -90.222428, 36.838658 ], [ -90.224606, 36.832033 ], [ -90.217599, 36.826835 ], [ -90.222101, 36.820696 ], [ -90.217612, 36.818177 ], [ -90.21233, 36.820718 ], [ -90.210349, 36.817278 ], [ -90.216299, 36.814595 ], [ -90.208056, 36.813462 ], [ -90.208965, 36.808279 ], [ -90.202268, 36.808771 ], [ -90.197911, 36.804143 ], [ -90.204165, 36.802808 ], [ -90.197645, 36.792252 ], [ -90.202706, 36.793388 ], [ -90.199709, 36.787037 ], [ -90.20351, 36.786517 ], [ -90.200163, 36.783094 ], [ -90.200997, 36.77721 ], [ -90.206002, 36.773485 ], [ -90.198594, 36.773309 ], [ -90.194861, 36.769152 ], [ -90.188658, 36.771258 ], [ -90.190574, 36.76325 ], [ -90.182697, 36.758646 ], [ -90.187813, 36.756115 ], [ -90.175308, 36.751973 ], [ -90.17661, 36.748181 ], [ -90.172378, 36.747873 ], [ -90.17809, 36.74559 ], [ -90.177702, 36.742938 ], [ -90.168141, 36.742307 ], [ -90.16922, 36.735771 ], [ -90.162453, 36.734163 ], [ -90.165038, 36.731615 ], [ -90.161268, 36.725841 ], [ -90.164474, 36.72492 ], [ -90.15805, 36.722976 ], [ -90.155981, 36.716017 ], [ -90.151692, 36.717276 ], [ -90.153557, 36.709569 ], [ -90.148377, 36.709789 ], [ -90.152674, 36.707215 ], [ -90.153303, 36.702024 ], [ -90.145662, 36.69882 ], [ -90.146741, 36.695159 ], [ -90.143391, 36.69889 ], [ -90.139871, 36.696423 ], [ -90.139851, 36.693493 ], [ -90.147091, 36.693259 ], [ -90.139758, 36.687282 ], [ -90.149195, 36.684245 ], [ -90.142071, 36.680521 ], [ -90.149088, 36.67922 ], [ -90.144398, 36.673355 ], [ -90.149326, 36.672154 ], [ -90.140398, 36.670856 ], [ -90.143297, 36.666855 ], [ -90.136844, 36.667413 ], [ -90.134327, 36.6618 ], [ -90.14699, 36.657501 ], [ -90.143098, 36.652056 ], [ -90.144399, 36.648886 ], [ -90.139698, 36.648253 ], [ -90.138798, 36.642356 ], [ -90.149361, 36.640823 ], [ -90.142298, 36.638155 ], [ -90.144146, 36.6338 ], [ -90.149628, 36.633479 ], [ -90.146943, 36.629301 ], [ -90.155472, 36.629835 ], [ -90.152038, 36.62591 ], [ -90.148934, 36.627896 ], [ -90.147299, 36.624041 ], [ -90.151616, 36.621839 ], [ -90.156997, 36.626355 ], [ -90.154679, 36.619478 ], [ -90.161185, 36.622291 ], [ -90.156044, 36.617174 ], [ -90.158765, 36.614202 ], [ -90.161542, 36.613779 ], [ -90.162887, 36.619238 ], [ -90.168559, 36.614975 ], [ -90.162017, 36.605096 ], [ -90.169004, 36.605325 ], [ -90.175853, 36.600697 ], [ -90.173446, 36.606026 ], [ -90.176262, 36.605173 ], [ -90.17725, 36.600208 ], [ -90.173677, 36.593285 ], [ -90.181058, 36.597198 ], [ -90.184453, 36.590507 ], [ -90.181051, 36.588138 ], [ -90.402363, 36.589848 ], [ -90.401767, 36.633529 ], [ -90.41541, 36.633726 ], [ -90.415352, 36.64824 ], [ -90.420072, 36.648308 ], [ -90.419936, 36.662856 ], [ -90.439128, 36.663089 ], [ -90.449183, 36.679161 ], [ -90.460826, 36.679182 ], [ -90.460811, 36.686551 ], [ -90.470319, 36.686554 ], [ -90.470382, 36.679011 ], [ -90.474247, 36.67911 ], [ -90.474274, 36.693967 ], [ -90.49641, 36.694177 ], [ -90.496496, 36.697529 ], [ -90.50158, 36.697642 ], [ -90.50124, 36.708351 ], [ -90.510548, 36.708436 ], [ -90.510441, 36.722759 ], [ -90.533078, 36.722952 ], [ -90.532768, 36.743201 ], [ -90.528337, 36.744479 ], [ -90.525847, 36.760081 ], [ -90.528219, 36.760662 ], [ -90.527596, 36.767505 ], [ -90.573487, 36.76658 ], [ -90.573635, 36.784826 ], [ -90.591203, 36.784746 ], [ -90.591168, 36.781208 ], [ -90.627614, 36.781392 ], [ -90.627517, 36.810954 ], [ -90.662617, 36.811453 ], [ -90.661244, 36.882909 ], [ -90.679719, 36.883453 ] ] ] } },
{ "type": "Feature", "properties": { "district": "110", "name": "State House District 110" }, "geometry": { "type": "Polygon", "coordinates": [ [ [ -90.735571, 38.492503 ], [ -90.733069, 38.640948 ], [ -90.713218, 38.64522 ], [ -90.700313, 38.659101 ], [ -90.675929, 38.666984 ], [ -90.671624, 38.649412 ], [ -90.674748, 38.649048 ], [ -90.674544, 38.645865 ], [ -90.671345, 38.643156 ], [ -90.645499, 38.649716 ], [ -90.643129, 38.643788 ], [ -90.625531, 38.64685 ], [ -90.619835, 38.638973 ], [ -90.595127, 38.647895 ], [ -90.596095, 38.634298 ], [ -90.5805, 38.630638 ], [ -90.585572, 38.614972 ], [ -90.573998, 38.612243 ], [ -90.575833, 38.607877 ], [ -90.585787, 38.608553 ], [ -90.585863, 38.604973 ], [ -90.603127, 38.60478 ], [ -90.601639, 38.594262 ], [ -90.618155, 38.593976 ], [ -90.618238, 38.590282 ], [ -90.614016, 38.590291 ], [ -90.6143, 38.583964 ], [ -90.604152, 38.588075 ], [ -90.604884, 38.583179 ], [ -90.600138, 38.583163 ], [ -90.603132, 38.580965 ], [ -90.600584, 38.575224 ], [ -90.605069, 38.572956 ], [ -90.605168, 38.568726 ], [ -90.59219, 38.57246 ], [ -90.592262, 38.567029 ], [ -90.586333, 38.567023 ], [ -90.586268, 38.57152 ], [ -90.576778, 38.568012 ], [ -90.576902, 38.561582 ], [ -90.573238, 38.559146 ], [ -90.577058, 38.553041 ], [ -90.577192, 38.545812 ], [ -90.574973, 38.545812 ], [ -90.594131, 38.540857 ], [ -90.622632, 38.542164 ], [ -90.627208, 38.530683 ], [ -90.624173, 38.51708 ], [ -90.630939, 38.524158 ], [ -90.633627, 38.52418 ], [ -90.633898, 38.517114 ], [ -90.631011, 38.516745 ], [ -90.63863, 38.516884 ], [ -90.638466, 38.520611 ], [ -90.645854, 38.52159 ], [ -90.647903, 38.518895 ], [ -90.652742, 38.521502 ], [ -90.652907, 38.517219 ], [ -90.680414, 38.51818 ], [ -90.68075, 38.510897 ], [ -90.689993, 38.511161 ], [ -90.690361, 38.503888 ], [ -90.735571, 38.492503 ] ] ] } },
{ "type": "Feature", "properties": { "district": "150", "name": "State House District 150" }, "geometry": { "type": "Polygon", "coordinates": [ [ [ -90.628383, 36.679661 ], [ -90.627614, 36.781392 ], [ -90.591168, 36.781208 ], [ -90.591203, 36.784746 ], [ -90.573635, 36.784826 ], [ -90.573487, 36.76658 ], [ -90.526054, 36.766029 ], [ -90.528337, 36.744479 ], [ -90.532768, 36.743201 ], [ -90.533078, 36.722952 ], [ -90.510441, 36.722759 ], [ -90.510548, 36.708436 ], [ -90.50124, 36.708351 ], [ -90.50158, 36.697642 ], [ -90.496496, 36.697529 ], [ -90.49641, 36.694177 ], [ -90.474274, 36.693967 ], [ -90.474247, 36.67911 ], [ -90.470382, 36.679011 ], [ -90.470319, 36.686554 ], [ -90.460811, 36.686551 ], [ -90.460826, 36.679182 ], [ -90.449183, 36.679161 ], [ -90.439128, 36.663089 ], [ -90.419936, 36.662856 ], [ -90.420072, 36.648308 ], [ -90.415352, 36.64824 ], [ -90.41541, 36.633726 ], [ -90.401767, 36.633529 ], [ -90.402363, 36.589848 ], [ -90.182767, 36.587962 ], [ -90.184434, 36.590857 ], [ -90.181058, 36.597198 ], [ -90.173677, 36.593285 ], [ -90.17725, 36.600208 ], [ -90.176262, 36.605173 ], [ -90.173446, 36.606026 ], [ -90.175853, 36.600697 ], [ -90.169004, 36.605325 ], [ -90.162017, 36.605096 ], [ -90.168559, 36.614975 ], [ -90.162887, 36.619238 ], [ -90.161542, 36.613779 ], [ -90.158765, 36.614202 ], [ -90.156044, 36.617174 ], [ -90.161185, 36.622291 ], [ -90.154679, 36.619478 ], [ -90.156997, 36.626355 ], [ -90.151616, 36.621839 ], [ -90.147636, 36.623514 ], [ -90.148934, 36.627896 ], [ -90.152038, 36.62591 ], [ -90.155331, 36.628694 ], [ -90.154764, 36.630449 ], [ -90.152151, 36.628206 ], [ -90.137928, 36.631212 ], [ -89.958786, 36.629331 ], [ -89.963284, 36.625471 ], [ -89.963601, 36.613435 ], [ -89.953664, 36.54968 ], [ -89.960492, 36.527459 ], [ -89.960766, 36.500059 ], [ -89.956629, 36.480619 ], [ -89.96068, 36.463284 ], [ -89.957155, 36.457893 ], [ -89.965985, 36.417444 ], [ -89.963539, 36.412378 ], [ -89.972478, 36.389597 ], [ -89.808719, 36.38578 ], [ -89.76818, 36.38598 ], [ -89.765988, 36.389887 ], [ -89.755649, 36.384804 ], [ -89.755192, 36.320748 ], [ -89.879884, 36.321049 ], [ -89.879966, 36.248366 ], [ -89.861958, 36.24828 ], [ -89.861949, 36.244954 ], [ -89.858007, 36.244842 ], [ -89.85825, 36.234077 ], [ -89.806507, 36.234175 ], [ -89.807787, 36.219135 ], [ -89.781027, 36.219317 ], [ -89.781076, 36.212309 ], [ -89.771821, 36.212311 ], [ -89.771714, 36.196366 ], [ -89.763016, 36.196332 ], [ -89.763103, 36.190329 ], [ -89.712003, 36.190535 ], [ -89.702313, 36.184892 ], [ -89.673634, 36.156573 ], [ -89.663611, 36.151508 ], [ -89.663475, 36.143381 ], [ -89.660411, 36.147083 ], [ -89.662404, 36.149847 ], [ -89.653119, 36.149524 ], [ -89.653199, 36.154679 ], [ -89.663655, 36.154464 ], [ -89.663748, 36.161842 ], [ -89.59845, 36.161421 ], [ -89.591862, 36.14768 ], [ -89.594, 36.12719 ], [ -89.601936, 36.11947 ], [ -89.625078, 36.108131 ], [ -89.666598, 36.095802 ], [ -89.676121, 36.087862 ], [ -89.680029, 36.082494 ], [ -89.688577, 36.029238 ], [ -89.706932, 36.000981 ], [ -90.3779, 35.995745 ], [ -90.351782, 36.025057 ], [ -90.354284, 36.030325 ], [ -90.348275, 36.035051 ], [ -90.348208, 36.041573 ], [ -90.336874, 36.047238 ], [ -90.333345, 36.067476 ], [ -90.320621, 36.07132 ], [ -90.318238, 36.076134 ], [ -90.319612, 36.08957 ], [ -90.300185, 36.097719 ], [ -90.29306, 36.11443 ], [ -90.272977, 36.116811 ], [ -90.260862, 36.127257 ], [ -90.253267, 36.127312 ], [ -90.245556, 36.136188 ], [ -90.235372, 36.13948 ], [ -90.23123, 36.15359 ], [ -90.235347, 36.15954 ], [ -90.231208, 36.163761 ], [ -90.229613, 36.173156 ], [ -90.220706, 36.18426 ], [ -90.211359, 36.183099 ], [ -90.204415, 36.186855 ], [ -90.200238, 36.196459 ], [ -90.196456, 36.196372 ], [ -90.18813, 36.205461 ], [ -90.177634, 36.207266 ], [ -90.169472, 36.214124 ], [ -90.155716, 36.213822 ], [ -90.149016, 36.221789 ], [ -90.145718, 36.220849 ], [ -90.141852, 36.227654 ], [ -90.13241, 36.226432 ], [ -90.126257, 36.229214 ], [ -90.1248, 36.235263 ], [ -90.130883, 36.241372 ], [ -90.124002, 36.243145 ], [ -90.118374, 36.253273 ], [ -90.117068, 36.263487 ], [ -90.096298, 36.271305 ], [ -90.083795, 36.271938 ], [ -90.075859, 36.280797 ], [ -90.079015, 36.289868 ], [ -90.070007, 36.294498 ], [ -90.064133, 36.303428 ], [ -90.069487, 36.313254 ], [ -90.076613, 36.319213 ], [ -90.079828, 36.318418 ], [ -90.081992, 36.326072 ], [ -90.075459, 36.334345 ], [ -90.078323, 36.337709 ], [ -90.074188, 36.34337 ], [ -90.078032, 36.349293 ], [ -90.068038, 36.356538 ], [ -90.063467, 36.367082 ], [ -90.062779, 36.377163 ], [ -90.066745, 36.378006 ], [ -90.063298, 36.383614 ], [ -90.068126, 36.385149 ], [ -90.065849, 36.387452 ], [ -90.068998, 36.388234 ], [ -90.070537, 36.39352 ], [ -90.074194, 36.392985 ], [ -90.08152, 36.401096 ], [ -90.098434, 36.404011 ], [ -90.101551, 36.40197 ], [ -90.10434, 36.405429 ], [ -90.110322, 36.404165 ], [ -90.110825, 36.407744 ], [ -90.115597, 36.405816 ], [ -90.113645, 36.409562 ], [ -90.118504, 36.409429 ], [ -90.118886, 36.412513 ], [ -90.128745, 36.411446 ], [ -90.127404, 36.416736 ], [ -90.138503, 36.413726 ], [ -90.134403, 36.422877 ], [ -90.139303, 36.42132 ], [ -90.144312, 36.426018 ], [ -90.143011, 36.430948 ], [ -90.137948, 36.431563 ], [ -90.138896, 36.435107 ], [ -90.13426, 36.436454 ], [ -90.137268, 36.450189 ], [ -90.133953, 36.453781 ], [ -90.140962, 36.458538 ], [ -90.143007, 36.46796 ], [ -90.145032, 36.462851 ], [ -90.150499, 36.465464 ], [ -90.155407, 36.463795 ], [ -90.152985, 36.470771 ], [ -90.145662, 36.469055 ], [ -90.142392, 36.471399 ], [ -90.144181, 36.476196 ], [ -90.159544, 36.480244 ], [ -90.157206, 36.484311 ], [ -90.160099, 36.487504 ], [ -90.156151, 36.489097 ], [ -90.160067, 36.494378 ], [ -90.15345, 36.493048 ], [ -90.152307, 36.497982 ], [ -90.576179, 36.498547 ], [ -90.574759, 36.59185 ], [ -90.592974, 36.5921 ], [ -90.592166, 36.679368 ], [ -90.628383, 36.679661 ] ] ] } },
{ "type": "Feature", "properties": { "district": "004", "name": "State House District 4" }, "geometry": { "type": "Polygon", "coordinates": [ [ [ -92.721158, 40.584318 ], [ -92.714596, 40.589427 ], [ -91.947709, 40.605471 ], [ -91.729115, 40.61364 ], [ -91.716769, 40.59853 ], [ -91.686357, 40.580875 ], [ -91.691561, 40.564867 ], [ -91.6887, 40.55739 ], [ -91.681714, 40.553035 ], [ -91.620071, 40.540817 ], [ -91.618028, 40.53403 ], [ -91.621353, 40.510072 ], [ -91.612821, 40.502377 ], [ -91.590817, 40.492292 ], [ -91.581528, 40.472876 ], [ -91.574734, 40.465655 ], [ -91.552691, 40.458769 ], [ -91.52509, 40.457845 ], [ -91.523271, 40.450061 ], [ -91.533623, 40.43832 ], [ -91.529132, 40.434272 ], [ -91.519134, 40.432822 ], [ -91.527043, 40.418214 ], [ -91.524612, 40.410765 ], [ -91.498093, 40.401926 ], [ -91.488481, 40.404317 ], [ -91.490912, 40.39298 ], [ -91.485255, 40.384657 ], [ -91.480251, 40.381783 ], [ -91.463554, 40.385547 ], [ -91.465891, 40.378365 ], [ -91.463895, 40.375659 ], [ -91.448742, 40.376804 ], [ -91.441243, 40.386255 ], [ -91.419422, 40.378264 ], [ -91.444862, 40.363143 ], [ -91.46214, 40.342414 ], [ -91.471826, 40.31734 ], [ -91.489868, 40.286048 ], [ -91.493061, 40.275262 ], [ -91.490524, 40.259498 ], [ -91.506501, 40.236304 ], [ -91.504282, 40.224299 ], [ -91.507269, 40.209338 ], [ -91.504477, 40.198262 ], [ -91.511073, 40.188794 ], [ -91.513079, 40.178537 ], [ -91.508224, 40.157665 ], [ -91.51159, 40.149269 ], [ -91.510839, 40.126137 ], [ -91.489606, 40.057435 ], [ -91.494878, 40.036453 ], [ -91.469247, 39.995327 ], [ -91.465315, 39.983995 ], [ -91.458852, 39.979015 ], [ -91.435517, 39.945222 ], [ -91.840353, 39.948235 ], [ -91.847755, 39.600386 ], [ -91.850186, 39.600421 ], [ -91.850939, 39.570782 ], [ -92.036196, 39.57273 ], [ -92.037811, 39.596561 ], [ -92.041244, 39.602797 ], [ -92.04897, 39.59856 ], [ -92.053843, 39.605242 ], [ -92.054411, 39.596968 ], [ -92.074188, 39.596085 ], [ -92.079457, 39.598377 ], [ -92.098626, 39.596669 ], [ -92.098653, 39.603453 ], [ -92.104229, 39.596547 ], [ -92.115991, 39.596757 ], [ -92.116463, 39.603374 ], [ -92.149205, 39.603442 ], [ -92.150915, 39.598642 ], [ -92.161339, 39.603771 ], [ -92.299316, 39.605344 ], [ -92.287882, 39.95249 ], [ -92.344708, 39.953297 ], [ -92.342968, 40.037198 ], [ -92.629287, 40.03843 ], [ -92.628995, 40.049256 ], [ -92.633622, 40.049242 ], [ -92.633647, 40.056199 ], [ -92.638703, 40.056232 ], [ -92.638942, 40.06015 ], [ -92.629046, 40.06013 ], [ -92.628874, 40.070162 ], [ -92.609996, 40.070134 ], [ -92.610432, 40.081955 ], [ -92.600274, 40.081691 ], [ -92.600306, 40.070863 ], [ -92.591018, 40.070864 ], [ -92.591006, 40.074317 ], [ -92.553036, 40.073878 ], [ -92.555634, 40.081007 ], [ -92.533872, 40.080911 ], [ -92.533901, 40.078002 ], [ -92.524834, 40.077943 ], [ -92.524812, 40.08087 ], [ -92.51515, 40.083617 ], [ -92.515148, 40.095453 ], [ -92.523126, 40.095425 ], [ -92.523128, 40.103005 ], [ -92.515119, 40.102979 ], [ -92.515093, 40.110067 ], [ -92.518914, 40.110062 ], [ -92.518894, 40.124421 ], [ -92.4972, 40.124692 ], [ -92.497319, 40.142674 ], [ -92.49266, 40.142645 ], [ -92.492385, 40.13909 ], [ -92.478338, 40.139109 ], [ -92.478297, 40.146426 ], [ -92.471068, 40.146412 ], [ -92.459467, 40.140225 ], [ -92.459874, 40.164644 ], [ -92.455021, 40.164605 ], [ -92.455129, 40.168292 ], [ -92.459891, 40.168345 ], [ -92.459903, 40.182804 ], [ -92.464997, 40.182866 ], [ -92.465056, 40.192772 ], [ -92.45996, 40.192828 ], [ -92.459706, 40.23646 ], [ -92.454969, 40.236425 ], [ -92.45504, 40.244169 ], [ -92.459789, 40.24399 ], [ -92.460645, 40.345204 ], [ -92.684167, 40.343466 ], [ -92.680739, 40.346374 ], [ -92.685667, 40.349671 ], [ -92.686099, 40.359232 ], [ -92.681627, 40.361345 ], [ -92.687189, 40.374187 ], [ -92.682556, 40.375756 ], [ -92.687576, 40.381204 ], [ -92.685092, 40.383173 ], [ -92.686019, 40.39427 ], [ -92.676292, 40.395461 ], [ -92.671744, 40.39157 ], [ -92.666175, 40.397677 ], [ -92.679613, 40.403629 ], [ -92.679613, 40.406421 ], [ -92.676141, 40.407908 ], [ -92.67653, 40.404819 ], [ -92.673418, 40.403241 ], [ -92.673236, 40.407749 ], [ -92.664416, 40.409772 ], [ -92.67093, 40.409991 ], [ -92.67072, 40.413012 ], [ -92.675809, 40.413538 ], [ -92.678562, 40.418389 ], [ -92.69006, 40.420884 ], [ -92.694013, 40.423492 ], [ -92.692576, 40.4253 ], [ -92.70123, 40.429052 ], [ -92.694493, 40.435666 ], [ -92.700902, 40.436351 ], [ -92.710128, 40.443989 ], [ -92.701383, 40.449395 ], [ -92.704079, 40.449326 ], [ -92.702762, 40.45317 ], [ -92.708634, 40.45619 ], [ -92.709294, 40.459989 ], [ -92.699379, 40.463285 ], [ -92.702255, 40.465985 ], [ -92.69842, 40.469464 ], [ -92.704293, 40.468662 ], [ -92.701148, 40.472873 ], [ -92.704834, 40.474795 ], [ -92.701507, 40.47626 ], [ -92.701629, 40.483812 ], [ -92.698092, 40.479396 ], [ -92.696115, 40.487199 ], [ -92.693837, 40.485551 ], [ -92.690631, 40.488686 ], [ -92.685116, 40.485299 ], [ -92.685296, 40.48935 ], [ -92.676032, 40.49954 ], [ -92.67888, 40.501375 ], [ -92.681428, 40.4988 ], [ -92.680439, 40.502565 ], [ -92.686495, 40.503092 ], [ -92.682836, 40.510895 ], [ -92.685626, 40.510666 ], [ -92.684605, 40.515197 ], [ -92.688324, 40.51689 ], [ -92.681966, 40.519086 ], [ -92.677469, 40.516043 ], [ -92.670782, 40.519887 ], [ -92.675129, 40.52348 ], [ -92.681456, 40.522015 ], [ -92.699359, 40.527896 ], [ -92.698131, 40.532724 ], [ -92.701519, 40.530985 ], [ -92.707638, 40.534987 ], [ -92.70161, 40.535103 ], [ -92.70401, 40.537436 ], [ -92.698342, 40.540252 ], [ -92.693514, 40.549657 ], [ -92.688173, 40.551602 ], [ -92.684423, 40.548513 ], [ -92.683043, 40.560252 ], [ -92.689851, 40.564781 ], [ -92.707285, 40.557619 ], [ -92.717995, 40.558508 ], [ -92.716317, 40.561506 ], [ -92.718988, 40.564251 ], [ -92.711217, 40.562628 ], [ -92.691114, 40.56794 ], [ -92.690094, 40.575376 ], [ -92.694924, 40.568283 ], [ -92.695705, 40.571372 ], [ -92.701977, 40.570822 ], [ -92.702249, 40.580982 ], [ -92.721158, 40.584318 ] ] ] } },
{ "type": "Feature", "properties": { "district": "134", "name": "State House District 134" }, "geometry": { "type": "Polygon", "coordinates": [ [ [ -93.3891, 37.11283 ], [ -93.387394, 37.120908 ], [ -93.376107, 37.124506 ], [ -93.374372, 37.131685 ], [ -93.369665, 37.129427 ], [ -93.366166, 37.132378 ], [ -93.365827, 37.135267 ], [ -93.369626, 37.135348 ], [ -93.36951, 37.13896 ], [ -93.374048, 37.141219 ], [ -93.369547, 37.142565 ], [ -93.368989, 37.153516 ], [ -93.362219, 37.155479 ], [ -93.362269, 37.168187 ], [ -93.35342, 37.16838 ], [ -93.348086, 37.16045 ], [ -93.345764, 37.160418 ], [ -93.345678, 37.166754 ], [ -93.341765, 37.167385 ], [ -93.34194, 37.13887 ], [ -93.344495, 37.13653 ], [ -93.31461, 37.13828 ], [ -93.314116, 37.15284 ], [ -93.29573, 37.15266 ], [ -93.29629, 37.13817 ], [ -93.27832, 37.13797 ], [ -93.280769, 37.12911 ], [ -93.287625, 37.129035 ], [ -93.287877, 37.120143 ], [ -93.283343, 37.119964 ], [ -93.28765, 37.10891 ], [ -93.296729, 37.111328 ], [ -93.297659, 37.094451 ], [ -93.37092, 37.09514 ], [ -93.3707, 37.10241 ], [ -93.375182, 37.102483 ], [ -93.3705, 37.10968 ], [ -93.37954, 37.10975 ], [ -93.381034, 37.116484 ], [ -93.384121, 37.116537 ], [ -93.384149, 37.112419 ], [ -93.3891, 37.11283 ] ] ] } },
{ "type": "Feature", "properties": { "district": "062", "name": "State House District 62" }, "geometry": { "type": "Polygon", "coordinates": [ [ [ -94.612713, 38.313115 ], [ -94.608033, 38.847207 ], [ -94.585572, 38.8462 ], [ -94.584594, 38.835336 ], [ -94.591569, 38.835036 ], [ -94.584327, 38.832376 ], [ -94.583634, 38.81868 ], [ -94.58575, 38.817866 ], [ -94.580644, 38.817548 ], [ -94.580102, 38.824873 ], [ -94.575372, 38.824665 ], [ -94.576283, 38.817259 ], [ -94.569453, 38.8168 ], [ -94.57111, 38.812549 ], [ -94.567014, 38.812406 ], [ -94.567693, 38.80204 ], [ -94.558326, 38.801482 ], [ -94.558533, 38.797846 ], [ -94.549582, 38.797327 ], [ -94.549826, 38.793679 ], [ -94.531748, 38.79072 ], [ -94.53152, 38.794498 ], [ -94.527004, 38.794244 ], [ -94.53133, 38.797547 ], [ -94.522172, 38.799442 ], [ -94.521783, 38.795208 ], [ -94.513318, 38.795334 ], [ -94.51386, 38.784469 ], [ -94.49838, 38.783814 ], [ -94.497166, 38.798472 ], [ -94.457407, 38.796855 ], [ -94.457823, 38.789589 ], [ -94.475874, 38.790194 ], [ -94.47638, 38.783024 ], [ -94.467237, 38.782681 ], [ -94.470432, 38.768082 ], [ -94.463569, 38.767835 ], [ -94.464001, 38.758677 ], [ -94.473387, 38.757238 ], [ -94.473823, 38.768221 ], [ -94.477243, 38.768368 ], [ -94.478275, 38.750148 ], [ -94.471165, 38.741032 ], [ -94.471203, 38.746391 ], [ -94.45996, 38.746591 ], [ -94.459576, 38.753033 ], [ -94.455785, 38.7529 ], [ -94.455846, 38.749683 ], [ -94.449302, 38.749618 ], [ -94.44898, 38.740028 ], [ -94.441382, 38.743258 ], [ -94.443327, 38.724767 ], [ -94.439905, 38.724183 ], [ -94.439881, 38.720948 ], [ -94.44529, 38.716949 ], [ -94.436281, 38.716611 ], [ -94.437371, 38.712944 ], [ -94.43227, 38.710426 ], [ -94.432766, 38.700927 ], [ -94.42674, 38.698595 ], [ -94.424868, 38.687227 ], [ -94.424614, 38.694202 ], [ -94.410363, 38.693562 ], [ -94.410046, 38.698014 ], [ -94.40579, 38.697851 ], [ -94.405849, 38.693469 ], [ -94.401624, 38.693307 ], [ -94.402116, 38.678767 ], [ -94.406733, 38.678899 ], [ -94.407189, 38.669237 ], [ -94.402556, 38.667078 ], [ -94.403311, 38.664392 ], [ -94.379705, 38.663468 ], [ -94.376833, 38.660515 ], [ -94.379344, 38.654787 ], [ -94.369707, 38.658191 ], [ -94.37, 38.651084 ], [ -94.379586, 38.643836 ], [ -94.370343, 38.643534 ], [ -94.370813, 38.632661 ], [ -94.389216, 38.633149 ], [ -94.389695, 38.61851 ], [ -94.371338, 38.618171 ], [ -94.371189, 38.621793 ], [ -94.366548, 38.621652 ], [ -94.3663, 38.62892 ], [ -94.363366, 38.62887 ], [ -94.361983, 38.607023 ], [ -94.34968, 38.605085 ], [ -94.353043, 38.603021 ], [ -94.341685, 38.602886 ], [ -94.338504, 38.631818 ], [ -94.342834, 38.639175 ], [ -94.338228, 38.639069 ], [ -94.338422, 38.634083 ], [ -94.333783, 38.633984 ], [ -94.333868, 38.631726 ], [ -94.324604, 38.631513 ], [ -94.324495, 38.63876 ], [ -94.329087, 38.638893 ], [ -94.328745, 38.646037 ], [ -94.227332, 38.643953 ], [ -94.227664, 38.624518 ], [ -94.20962, 38.624949 ], [ -94.20981, 38.619873 ], [ -94.200905, 38.619914 ], [ -94.200754, 38.624762 ], [ -94.17266, 38.62393 ], [ -94.172749, 38.620747 ], [ -94.169595, 38.620675 ], [ -94.170185, 38.6059 ], [ -94.155574, 38.60589 ], [ -94.155389, 38.601569 ], [ -94.146303, 38.601584 ], [ -94.146381, 38.604388 ], [ -94.118194, 38.603762 ], [ -94.119664, 38.568712 ], [ -94.064317, 38.56738 ], [ -94.06782, 38.466016 ], [ -94.06502, 38.465816 ], [ -94.073843, 38.258049 ], [ -94.164138, 38.26013 ], [ -94.167487, 38.257683 ], [ -94.167365, 38.260211 ], [ -94.179366, 38.260468 ], [ -94.179603, 38.253189 ], [ -94.184222, 38.25327 ], [ -94.183056, 38.278632 ], [ -94.192518, 38.278755 ], [ -94.192145, 38.289608 ], [ -94.182693, 38.289485 ], [ -94.182493, 38.303841 ], [ -94.237529, 38.305064 ], [ -94.236731, 38.333952 ], [ -94.318684, 38.336147 ], [ -94.318419, 38.343668 ], [ -94.40222, 38.345035 ], [ -94.40247, 38.337417 ], [ -94.439056, 38.338147 ], [ -94.43888, 38.348892 ], [ -94.447822, 38.349224 ], [ -94.448402, 38.338408 ], [ -94.457465, 38.338675 ], [ -94.458086, 38.309809 ], [ -94.612713, 38.313115 ] ] ] } },
{ "type": "Feature", "properties": { "district": "039", "name": "State House District 39" }, "geometry": { "type": "Polygon", "coordinates": [ [ [ -94.492632, 39.267429 ], [ -94.491716, 39.353691 ], [ -94.435925, 39.353342 ], [ -94.43595, 39.338738 ], [ -94.416619, 39.338785 ], [ -94.417179, 39.331576 ], [ -94.421209, 39.331579 ], [ -94.421222, 39.324233 ], [ -94.395883, 39.324384 ], [ -94.388646, 39.338914 ], [ -94.388654, 39.346294 ], [ -94.38484, 39.346326 ], [ -94.380898, 39.353239 ], [ -94.398241, 39.353263 ], [ -94.39826, 39.360622 ], [ -94.405229, 39.360645 ], [ -94.405239, 39.364292 ], [ -94.388895, 39.363058 ], [ -94.388898, 39.366744 ], [ -94.403655, 39.367935 ], [ -94.403679, 39.373463 ], [ -94.39842, 39.375257 ], [ -94.398394, 39.386424 ], [ -94.373274, 39.386246 ], [ -94.370308, 39.40465 ], [ -94.323237, 39.404539 ], [ -94.320744, 39.396192 ], [ -94.323528, 39.395331 ], [ -94.323536, 39.351363 ], [ -94.249187, 39.353178 ], [ -94.248911, 39.371956 ], [ -94.230275, 39.371776 ], [ -94.230224, 39.374869 ], [ -94.232866, 39.374869 ], [ -94.23072, 39.378544 ], [ -94.225134, 39.378528 ], [ -94.227642, 39.371812 ], [ -94.225666, 39.364914 ], [ -94.221017, 39.367662 ], [ -94.220992, 39.363782 ], [ -94.225649, 39.363748 ], [ -94.225749, 39.349287 ], [ -94.211892, 39.34953 ], [ -94.212515, 39.207086 ], [ -94.228759, 39.21465 ], [ -94.238429, 39.228219 ], [ -94.250046, 39.234845 ], [ -94.290785, 39.236915 ], [ -94.304609, 39.231411 ], [ -94.31325, 39.222307 ], [ -94.320498, 39.201763 ], [ -94.333949, 39.181941 ], [ -94.36154, 39.164656 ], [ -94.369415, 39.163676 ], [ -94.378406, 39.168912 ], [ -94.384828, 39.187204 ], [ -94.379886, 39.186859 ], [ -94.379654, 39.290045 ], [ -94.374623, 39.295629 ], [ -94.42137, 39.295394 ], [ -94.421322, 39.28817 ], [ -94.441342, 39.288096 ], [ -94.444927, 39.288666 ], [ -94.444817, 39.303076 ], [ -94.471186, 39.303635 ], [ -94.474162, 39.29024 ], [ -94.467444, 39.281364 ], [ -94.473344, 39.281698 ], [ -94.473984, 39.267764 ], [ -94.492632, 39.267429 ] ] ] } },
{ "type": "Feature", "properties": { "district": "032", "name": "State House District 32" }, "geometry": { "type": "Polygon", "coordinates": [ [ [ -94.358854, 39.135616 ], [ -94.353697, 39.143952 ], [ -94.345148, 39.148442 ], [ -94.351263, 39.149705 ], [ -94.351262, 39.153895 ], [ -94.343975, 39.15612 ], [ -94.344877, 39.160116 ], [ -94.329256, 39.16372 ], [ -94.333859, 39.167472 ], [ -94.334165, 39.174461 ], [ -94.329537, 39.175856 ], [ -94.335213, 39.183337 ], [ -94.320498, 39.201763 ], [ -94.314002, 39.221267 ], [ -94.300929, 39.233395 ], [ -94.289873, 39.237107 ], [ -94.250068, 39.234852 ], [ -94.238429, 39.228219 ], [ -94.228759, 39.21465 ], [ -94.210186, 39.206548 ], [ -94.186271, 39.214085 ], [ -94.171519, 39.21295 ], [ -94.170239, 39.204486 ], [ -94.185056, 39.189285 ], [ -94.18584, 39.18103 ], [ -94.133664, 39.171239 ], [ -94.104823, 39.143507 ], [ -94.111478, 38.982862 ], [ -94.127867, 38.9831 ], [ -94.12787, 38.975946 ], [ -94.148985, 38.976346 ], [ -94.14881, 38.97947 ], [ -94.161781, 38.982205 ], [ -94.167365, 38.979908 ], [ -94.167868, 38.969776 ], [ -94.17928, 38.970017 ], [ -94.182385, 38.955863 ], [ -94.191588, 38.956229 ], [ -94.192547, 38.938117 ], [ -94.206261, 38.938553 ], [ -94.215448, 38.942408 ], [ -94.258699, 38.943489 ], [ -94.258293, 38.949691 ], [ -94.261203, 38.949771 ], [ -94.259512, 38.962108 ], [ -94.251684, 38.959591 ], [ -94.25202, 38.954128 ], [ -94.245009, 38.953854 ], [ -94.244724, 38.961218 ], [ -94.237806, 38.960774 ], [ -94.237498, 38.967445 ], [ -94.246844, 38.965074 ], [ -94.246558, 38.971975 ], [ -94.24368, 38.974116 ], [ -94.248585, 38.974182 ], [ -94.246359, 38.980997 ], [ -94.255199, 38.983319 ], [ -94.25538, 38.979756 ], [ -94.259976, 38.979825 ], [ -94.259652, 38.987079 ], [ -94.250394, 38.986836 ], [ -94.249942, 38.997174 ], [ -94.254969, 38.997255 ], [ -94.254315, 39.001201 ], [ -94.249832, 38.999696 ], [ -94.249565, 39.005514 ], [ -94.245177, 39.005335 ], [ -94.245258, 39.001077 ], [ -94.237282, 39.003797 ], [ -94.237133, 39.00807 ], [ -94.253439, 39.009777 ], [ -94.245945, 39.013507 ], [ -94.23547, 39.012713 ], [ -94.230917, 39.018423 ], [ -94.221346, 39.018289 ], [ -94.2212, 39.021903 ], [ -94.227214, 39.023654 ], [ -94.221662, 39.02382 ], [ -94.221457, 39.029184 ], [ -94.225966, 39.029327 ], [ -94.22585, 39.032541 ], [ -94.229773, 39.034216 ], [ -94.222861, 39.039497 ], [ -94.229627, 39.040356 ], [ -94.22949, 39.045323 ], [ -94.234133, 39.045586 ], [ -94.233913, 39.051394 ], [ -94.243122, 39.051939 ], [ -94.243257, 39.048303 ], [ -94.247863, 39.048273 ], [ -94.250454, 39.048373 ], [ -94.250312, 39.052042 ], [ -94.256859, 39.052217 ], [ -94.25822, 39.048683 ], [ -94.261311, 39.056938 ], [ -94.256666, 39.057732 ], [ -94.261269, 39.057879 ], [ -94.26336, 39.063394 ], [ -94.27782, 39.066243 ], [ -94.277712, 39.080392 ], [ -94.269715, 39.081811 ], [ -94.269832, 39.078228 ], [ -94.265138, 39.078003 ], [ -94.255909, 39.078432 ], [ -94.255649, 39.081123 ], [ -94.218937, 39.080359 ], [ -94.215923, 39.138646 ], [ -94.258375, 39.139772 ], [ -94.268155, 39.136518 ], [ -94.31787, 39.136728 ], [ -94.349237, 39.132369 ], [ -94.358854, 39.135616 ] ] ] } },
{ "type": "Feature", "properties": { "district": "022", "name": "State House District 22" }, "geometry": { "type": "Polygon", "coordinates": [ [ [ -94.572228, 39.054322 ], [ -94.568682, 39.055965 ], [ -94.569221, 39.068603 ], [ -94.517621, 39.06524 ], [ -94.510376, 39.057732 ], [ -94.505863, 39.057549 ], [ -94.503566, 39.065239 ], [ -94.506377, 39.066699 ], [ -94.490392, 39.059299 ], [ -94.487963, 39.063273 ], [ -94.474982, 39.061438 ], [ -94.474706, 39.067085 ], [ -94.468458, 39.068436 ], [ -94.470178, 39.081436 ], [ -94.44616, 39.08035 ], [ -94.446359, 39.074381 ], [ -94.443571, 39.072538 ], [ -94.432638, 39.071792 ], [ -94.432929, 39.065257 ], [ -94.428175, 39.065143 ], [ -94.422015, 39.070279 ], [ -94.414614, 39.064576 ], [ -94.414886, 39.05736 ], [ -94.426869, 39.05778 ], [ -94.425458, 39.050513 ], [ -94.441848, 39.049778 ], [ -94.439568, 39.047103 ], [ -94.452592, 39.05096 ], [ -94.452038, 39.044336 ], [ -94.475821, 39.044151 ], [ -94.476348, 39.03681 ], [ -94.486133, 39.043567 ], [ -94.489736, 39.039036 ], [ -94.499, 39.037023 ], [ -94.516756, 39.039134 ], [ -94.516751, 39.034464 ], [ -94.540753, 39.036167 ], [ -94.541361, 39.026059 ], [ -94.552863, 39.026452 ], [ -94.554348, 39.041103 ], [ -94.562533, 39.043609 ], [ -94.569655, 39.041563 ], [ -94.572228, 39.054322 ] ] ] } },
{ "type": "Feature", "properties": { "district": "049", "name": "State House District 49" }, "geometry": { "type": "Polygon", "coordinates": [ [ [ -92.226015, 38.698554 ], [ -92.215691, 38.702487 ], [ -92.216778, 38.713578 ], [ -92.212186, 38.720117 ], [ -92.201963, 38.720859 ], [ -92.192431, 38.726132 ], [ -92.194159, 38.736647 ], [ -92.186124, 38.735888 ], [ -92.181814, 38.738616 ], [ -92.186123, 38.747878 ], [ -92.175868, 38.754059 ], [ -92.171904, 38.764423 ], [ -92.162859, 38.765206 ], [ -92.162353, 38.775972 ], [ -92.167812, 38.776786 ], [ -92.16384, 38.779803 ], [ -92.164207, 38.78387 ], [ -92.158159, 38.785089 ], [ -92.160127, 38.790059 ], [ -92.155507, 38.795181 ], [ -92.158282, 38.80205 ], [ -92.152043, 38.803771 ], [ -92.150459, 38.797496 ], [ -92.145235, 38.796269 ], [ -92.150957, 38.806043 ], [ -92.144053, 38.806443 ], [ -92.142984, 38.813032 ], [ -92.135245, 38.813894 ], [ -92.138365, 38.817783 ], [ -92.145655, 38.815016 ], [ -92.142821, 38.821772 ], [ -92.152881, 38.826288 ], [ -92.145404, 38.833128 ], [ -92.15055, 38.839203 ], [ -92.142367, 38.841378 ], [ -92.14028, 38.845301 ], [ -92.148502, 38.845594 ], [ -92.145404, 38.854305 ], [ -92.150047, 38.851455 ], [ -92.154172, 38.853504 ], [ -92.147845, 38.857306 ], [ -92.149272, 38.866238 ], [ -92.1625, 38.865585 ], [ -92.156132, 38.880652 ], [ -92.148654, 38.880283 ], [ -92.148188, 38.885533 ], [ -92.155395, 38.88445 ], [ -92.158735, 38.894567 ], [ -92.168962, 38.896578 ], [ -92.164108, 38.907026 ], [ -92.155003, 38.915546 ], [ -92.160838, 38.925438 ], [ -92.153907, 38.924315 ], [ -92.154109, 38.934491 ], [ -92.151108, 38.937461 ], [ -92.153889, 38.9384 ], [ -92.153351, 38.943912 ], [ -92.14678, 38.958706 ], [ -92.148756, 38.96146 ], [ -92.143265, 38.967854 ], [ -92.145327, 38.970487 ], [ -92.13244, 38.970039 ], [ -92.132667, 38.96622 ], [ -92.131315, 38.970002 ], [ -92.123077, 38.969738 ], [ -92.122264, 38.955271 ], [ -92.117597, 38.954899 ], [ -92.117441, 38.961836 ], [ -92.105425, 38.961841 ], [ -92.105505, 38.953515 ], [ -92.122295, 38.953643 ], [ -92.122312, 38.94713 ], [ -92.106346, 38.946931 ], [ -92.10707, 38.911457 ], [ -92.097084, 38.911313 ], [ -92.096706, 38.920845 ], [ -92.075687, 38.920297 ], [ -92.075521, 38.924299 ], [ -92.042737, 38.926587 ], [ -92.042597, 38.9303 ], [ -92.037807, 38.930408 ], [ -92.038183, 38.915903 ], [ -92.030476, 38.913764 ], [ -92.030482, 38.908619 ], [ -91.981942, 38.909117 ], [ -91.981416, 38.924399 ], [ -91.970999, 38.92493 ], [ -91.971067, 38.918735 ], [ -91.961764, 38.918651 ], [ -91.961915, 38.91556 ], [ -91.942165, 38.915407 ], [ -91.942803, 38.900879 ], [ -91.924529, 38.900603 ], [ -91.924453, 38.907911 ], [ -91.911916, 38.910083 ], [ -91.911965, 38.907801 ], [ -91.905136, 38.907776 ], [ -91.905729, 38.900597 ], [ -91.884543, 38.900399 ], [ -91.852888, 38.92025 ], [ -91.840417, 38.924476 ], [ -91.777096, 38.925916 ], [ -91.743479, 38.916801 ], [ -91.711194, 38.918409 ], [ -91.682207, 38.915957 ], [ -91.658165, 38.910699 ], [ -91.640133, 38.901746 ], [ -91.647171, 38.703396 ], [ -91.665498, 38.701983 ], [ -91.702039, 38.70777 ], [ -91.732286, 38.705891 ], [ -91.760234, 38.685 ], [ -91.814436, 38.681835 ], [ -91.854867, 38.670336 ], [ -91.875178, 38.659671 ], [ -91.893749, 38.634087 ], [ -91.943936, 38.597075 ], [ -91.977454, 38.589616 ], [ -92.015617, 38.567398 ], [ -92.061736, 38.557495 ], [ -92.104155, 38.560606 ], [ -92.139149, 38.569452 ], [ -92.185812, 38.591283 ], [ -92.200721, 38.601668 ], [ -92.204751, 38.630279 ], [ -92.209829, 38.637219 ], [ -92.220661, 38.643167 ], [ -92.21846, 38.689051 ], [ -92.226015, 38.698554 ] ] ] } },
{ "type": "Feature", "properties": { "district": "023", "name": "State House District 23" }, "geometry": { "type": "Polygon", "coordinates": [ [ [ -94.578728, 39.096063 ], [ -94.577945, 39.106154 ], [ -94.563873, 39.106785 ], [ -94.556734, 39.115157 ], [ -94.552242, 39.113577 ], [ -94.55081, 39.106295 ], [ -94.535277, 39.10578 ], [ -94.536715, 39.097487 ], [ -94.523151, 39.097897 ], [ -94.523382, 39.094122 ], [ -94.519338, 39.09407 ], [ -94.519464, 39.091691 ], [ -94.505711, 39.091028 ], [ -94.506068, 39.082937 ], [ -94.495791, 39.082672 ], [ -94.495949, 39.075997 ], [ -94.506377, 39.066699 ], [ -94.503566, 39.065239 ], [ -94.505863, 39.057549 ], [ -94.512463, 39.058606 ], [ -94.517621, 39.06524 ], [ -94.570117, 39.068631 ], [ -94.569739, 39.07606 ], [ -94.573653, 39.077829 ], [ -94.569438, 39.084914 ], [ -94.571438, 39.096187 ], [ -94.578728, 39.096063 ] ] ] } },
{ "type": "Feature", "properties": { "district": "092", "name": "State House District 92" }, "geometry": { "type": "Polygon", "coordinates": [ [ [ -90.390181, 38.50875 ], [ -90.382738, 38.514805 ], [ -90.380329, 38.513267 ], [ -90.380182, 38.522126 ], [ -90.373056, 38.522052 ], [ -90.373015, 38.527667 ], [ -90.361469, 38.525204 ], [ -90.361375, 38.542595 ], [ -90.356906, 38.544084 ], [ -90.34658, 38.539488 ], [ -90.332988, 38.543341 ], [ -90.332718, 38.550777 ], [ -90.326895, 38.551706 ], [ -90.327953, 38.561352 ], [ -90.324199, 38.561102 ], [ -90.320931, 38.565675 ], [ -90.311757, 38.564766 ], [ -90.310018, 38.575231 ], [ -90.297022, 38.562368 ], [ -90.309943, 38.556316 ], [ -90.307013, 38.555789 ], [ -90.306808, 38.550756 ], [ -90.316044, 38.549184 ], [ -90.313711, 38.543323 ], [ -90.31836, 38.543472 ], [ -90.318789, 38.535822 ], [ -90.301834, 38.528247 ], [ -90.299143, 38.523602 ], [ -90.306572, 38.519096 ], [ -90.3195, 38.525018 ], [ -90.330047, 38.520324 ], [ -90.334772, 38.516301 ], [ -90.338966, 38.502972 ], [ -90.349858, 38.492853 ], [ -90.356868, 38.492994 ], [ -90.354954, 38.496607 ], [ -90.374483, 38.510437 ], [ -90.379886, 38.504053 ], [ -90.386386, 38.504697 ], [ -90.390181, 38.50875 ] ] ] } },
{ "type": "Feature", "properties": { "district": "125", "name": "State House District 125" }, "geometry": { "type": "Polygon", "coordinates": [ [ [ -94.617698, 37.653578 ], [ -94.612713, 38.313115 ], [ -94.458086, 38.309809 ], [ -94.457465, 38.338675 ], [ -94.448402, 38.338408 ], [ -94.447822, 38.349224 ], [ -94.43888, 38.348892 ], [ -94.439056, 38.338147 ], [ -94.40247, 38.337417 ], [ -94.40222, 38.345035 ], [ -94.318419, 38.343668 ], [ -94.318684, 38.336147 ], [ -94.236731, 38.333952 ], [ -94.237529, 38.305064 ], [ -94.182493, 38.303841 ], [ -94.182693, 38.289485 ], [ -94.192145, 38.289608 ], [ -94.192518, 38.278755 ], [ -94.183056, 38.278632 ], [ -94.184222, 38.25327 ], [ -94.179603, 38.253189 ], [ -94.179366, 38.260468 ], [ -94.167365, 38.260211 ], [ -94.167487, 38.257683 ], [ -94.164138, 38.26013 ], [ -94.073721, 38.258083 ], [ -94.075214, 38.214502 ], [ -94.049895, 38.213985 ], [ -94.065675, 37.900987 ], [ -93.808648, 37.892775 ], [ -93.811402, 37.834571 ], [ -93.628404, 37.829435 ], [ -93.632439, 37.742302 ], [ -93.609489, 37.741755 ], [ -93.612013, 37.674501 ], [ -93.743566, 37.677342 ], [ -93.745492, 37.689831 ], [ -93.751144, 37.698871 ], [ -93.766413, 37.701641 ], [ -93.766245, 37.707593 ], [ -93.781524, 37.709041 ], [ -93.802785, 37.708775 ], [ -93.802995, 37.704981 ], [ -93.808854, 37.705208 ], [ -93.810665, 37.708325 ], [ -93.812313, 37.701677 ], [ -93.816916, 37.701823 ], [ -93.817511, 37.694546 ], [ -93.942593, 37.69569 ], [ -93.939947, 37.751537 ], [ -93.958385, 37.752128 ], [ -93.958875, 37.740274 ], [ -93.962169, 37.745215 ], [ -93.968672, 37.743521 ], [ -93.962539, 37.737221 ], [ -93.968644, 37.735034 ], [ -93.967958, 37.724248 ], [ -93.981119, 37.722211 ], [ -93.992189, 37.725843 ], [ -94.000479, 37.721023 ], [ -94.005172, 37.715218 ], [ -94.00053, 37.709968 ], [ -94.012802, 37.702654 ], [ -94.00909, 37.695659 ], [ -94.018091, 37.697226 ], [ -94.016052, 37.691047 ], [ -94.020577, 37.685189 ], [ -94.030933, 37.689507 ], [ -94.035254, 37.68269 ], [ -94.053843, 37.683153 ], [ -94.05405, 37.675466 ], [ -94.064151, 37.675518 ], [ -94.064082, 37.678913 ], [ -94.068206, 37.679028 ], [ -94.068025, 37.683057 ], [ -94.071903, 37.683122 ], [ -94.073524, 37.639722 ], [ -94.617698, 37.653578 ] ] ] } },
{ "type": "Feature", "properties": { "district": "137", "name": "State House District 137" }, "geometry": { "type": "Polygon", "coordinates": [ [ [ -93.297643, 37.095059 ], [ -93.296729, 37.111328 ], [ -93.28765, 37.10891 ], [ -93.283343, 37.119964 ], [ -93.287877, 37.120143 ], [ -93.287625, 37.129035 ], [ -93.280769, 37.12911 ], [ -93.27832, 37.13797 ], [ -93.248207, 37.136847 ], [ -93.22247, 37.121995 ], [ -93.222413, 37.126168 ], [ -93.211651, 37.140919 ], [ -93.211574, 37.143353 ], [ -93.222042, 37.147003 ], [ -93.221817, 37.157724 ], [ -93.212785, 37.157677 ], [ -93.217089, 37.161392 ], [ -93.216861, 37.168957 ], [ -93.213886, 37.168942 ], [ -93.213957, 37.165281 ], [ -93.205643, 37.165008 ], [ -93.205588, 37.167641 ], [ -93.2124, 37.168906 ], [ -93.213802, 37.17627 ], [ -93.21676, 37.17635 ], [ -93.21666, 37.18002 ], [ -93.20759, 37.17974 ], [ -93.20745, 37.18401 ], [ -93.216501, 37.187372 ], [ -93.216343, 37.194644 ], [ -93.207265, 37.194391 ], [ -93.208877, 37.20162 ], [ -93.204377, 37.201296 ], [ -93.209418, 37.209138 ], [ -93.21997, 37.20943 ], [ -93.220561, 37.216769 ], [ -93.216087, 37.216635 ], [ -93.215753, 37.225857 ], [ -93.209163, 37.223957 ], [ -93.208956, 37.231064 ], [ -93.206738, 37.230991 ], [ -93.20667, 37.234643 ], [ -93.2156, 37.2351 ], [ -93.21559, 37.23827 ], [ -93.201132, 37.238648 ], [ -93.188021, 37.24746 ], [ -93.188204, 37.238295 ], [ -93.178837, 37.242579 ], [ -93.178552, 37.254546 ], [ -93.18787, 37.25607 ], [ -93.182489, 37.417204 ], [ -93.07338, 37.414989 ], [ -93.076779, 37.27004 ], [ -93.061541, 37.269832 ], [ -93.065274, 37.088694 ], [ -93.297643, 37.095059 ] ] ] } },
{ "type": "Feature", "properties": { "district": "048", "name": "State House District 48" }, "geometry": { "type": "Polygon", "coordinates": [ [ [ -93.287608, 39.68296 ], [ -93.283453, 39.683006 ], [ -93.285255, 39.685179 ], [ -93.273129, 39.69529 ], [ -93.264396, 39.697843 ], [ -93.263545, 39.700758 ], [ -93.266545, 39.700288 ], [ -93.267095, 39.703426 ], [ -93.262762, 39.703732 ], [ -93.082306, 39.706714 ], [ -92.689331, 39.698094 ], [ -92.692149, 39.610265 ], [ -92.640058, 39.609544 ], [ -92.642181, 39.55995 ], [ -92.606641, 39.558963 ], [ -92.610048, 39.44585 ], [ -92.616932, 39.439607 ], [ -92.62155, 39.438869 ], [ -92.623536, 39.442323 ], [ -92.626819, 39.441932 ], [ -92.625845, 39.438565 ], [ -92.632418, 39.439617 ], [ -92.628177, 39.437017 ], [ -92.63373, 39.437278 ], [ -92.633235, 39.433529 ], [ -92.618875, 39.432229 ], [ -92.607333, 39.424321 ], [ -92.565137, 39.426259 ], [ -92.522792, 39.420869 ], [ -92.498907, 39.421554 ], [ -92.499443, 39.401972 ], [ -92.481003, 39.401521 ], [ -92.481654, 39.380209 ], [ -92.50863, 39.380368 ], [ -92.508616, 39.376319 ], [ -92.513118, 39.376446 ], [ -92.511803, 39.373222 ], [ -92.500722, 39.372725 ], [ -92.500952, 39.363334 ], [ -92.506055, 39.363401 ], [ -92.506243, 39.358889 ], [ -92.49662, 39.358589 ], [ -92.49715, 39.360817 ], [ -92.473308, 39.357997 ], [ -92.475048, 39.307885 ], [ -92.442393, 39.307202 ], [ -92.443426, 39.278201 ], [ -92.448358, 39.278177 ], [ -92.449129, 39.254075 ], [ -92.430229, 39.248795 ], [ -92.513553, 39.088806 ], [ -92.560642, 39.002006 ], [ -92.56516, 38.998647 ], [ -92.562106, 38.996406 ], [ -92.565389, 38.990676 ], [ -92.563929, 38.986904 ], [ -92.557606, 38.988406 ], [ -92.556372, 38.985698 ], [ -92.570021, 38.979968 ], [ -92.566111, 38.974201 ], [ -92.559179, 38.973173 ], [ -92.540118, 38.953718 ], [ -92.514987, 38.938114 ], [ -92.498377, 38.922084 ], [ -92.594978, 38.737609 ], [ -92.618918, 38.727888 ], [ -92.646548, 38.733799 ], [ -92.659693, 38.731714 ], [ -92.671465, 38.735798 ], [ -92.672185, 38.711792 ], [ -92.681361, 38.712534 ], [ -92.681149, 38.722856 ], [ -92.689028, 38.728383 ], [ -92.690134, 38.735546 ], [ -92.704654, 38.734509 ], [ -92.704655, 38.712872 ], [ -92.725844, 38.713579 ], [ -92.726692, 38.684077 ], [ -92.950512, 38.68577 ], [ -93.059974, 38.693077 ], [ -93.048471, 38.972418 ], [ -92.930482, 39.068532 ], [ -92.910762, 39.079759 ], [ -92.906697, 39.088646 ], [ -92.90897, 39.095547 ], [ -92.934053, 39.099329 ], [ -92.942786, 39.103531 ], [ -92.945232, 39.107089 ], [ -92.94385, 39.121738 ], [ -92.939797, 39.126919 ], [ -92.922615, 39.130789 ], [ -92.911696, 39.138173 ], [ -92.906073, 39.147639 ], [ -92.904802, 39.166155 ], [ -92.894181, 39.177905 ], [ -92.875186, 39.187007 ], [ -92.861077, 39.200151 ], [ -92.851402, 39.217889 ], [ -92.84907, 39.230612 ], [ -92.854935, 39.235537 ], [ -92.862851, 39.236437 ], [ -92.892788, 39.222507 ], [ -92.911669, 39.223946 ], [ -92.919968, 39.232953 ], [ -92.915681, 39.250031 ], [ -92.916749, 39.25794 ], [ -92.923617, 39.263376 ], [ -92.947403, 39.270094 ], [ -92.957766, 39.279336 ], [ -92.953402, 39.302752 ], [ -92.959801, 39.312526 ], [ -92.971592, 39.3156 ], [ -93.023776, 39.313115 ], [ -93.044755, 39.317666 ], [ -93.061533, 39.325566 ], [ -93.076948, 39.342506 ], [ -93.076361, 39.36069 ], [ -93.080289, 39.371752 ], [ -93.092577, 39.38156 ], [ -93.114699, 39.387528 ], [ -93.118502, 39.403489 ], [ -93.114914, 39.412498 ], [ -93.11882, 39.417102 ], [ -93.13913, 39.423478 ], [ -93.15475, 39.421723 ], [ -93.166157, 39.436428 ], [ -93.183537, 39.432473 ], [ -93.203021, 39.440823 ], [ -93.206142, 39.438133 ], [ -93.197752, 39.4343 ], [ -93.205943, 39.429689 ], [ -93.213581, 39.430507 ], [ -93.210653, 39.44005 ], [ -93.216295, 39.443247 ], [ -93.222133, 39.440618 ], [ -93.216267, 39.434646 ], [ -93.219212, 39.430402 ], [ -93.230376, 39.438814 ], [ -93.229918, 39.44724 ], [ -93.223402, 39.447141 ], [ -93.219546, 39.450793 ], [ -93.224774, 39.460497 ], [ -93.221593, 39.467662 ], [ -93.226226, 39.472827 ], [ -93.239212, 39.470877 ], [ -93.237541, 39.464423 ], [ -93.247415, 39.458092 ], [ -93.245047, 39.450553 ], [ -93.247935, 39.442594 ], [ -93.254582, 39.445083 ], [ -93.249434, 39.451895 ], [ -93.249982, 39.45936 ], [ -93.253969, 39.461918 ], [ -93.258051, 39.462856 ], [ -93.271687, 39.456936 ], [ -93.275848, 39.458302 ], [ -93.274867, 39.465108 ], [ -93.264322, 39.461182 ], [ -93.261638, 39.469973 ], [ -93.266338, 39.478358 ], [ -93.276591, 39.486123 ], [ -93.276539, 39.496705 ], [ -93.267986, 39.496489 ], [ -93.265863, 39.500023 ], [ -93.283532, 39.520467 ], [ -93.275663, 39.528079 ], [ -93.284253, 39.533502 ], [ -93.285858, 39.537857 ], [ -93.275762, 39.539092 ], [ -93.27165, 39.53404 ], [ -93.26595, 39.541666 ], [ -93.253605, 39.54354 ], [ -93.266864, 39.546862 ], [ -93.258024, 39.555218 ], [ -93.270014, 39.560196 ], [ -93.270739, 39.565084 ], [ -93.266367, 39.57326 ], [ -93.270306, 39.575685 ], [ -93.26908, 39.583561 ], [ -93.275055, 39.590096 ], [ -93.269856, 39.599925 ], [ -93.281391, 39.620233 ], [ -93.277746, 39.622912 ], [ -93.265772, 39.620025 ], [ -93.260581, 39.627509 ], [ -93.28385, 39.651991 ], [ -93.283863, 39.656199 ], [ -93.277127, 39.651736 ], [ -93.273392, 39.654842 ], [ -93.283603, 39.661441 ], [ -93.285892, 39.666819 ], [ -93.281913, 39.671416 ], [ -93.284968, 39.673419 ], [ -93.280526, 39.677712 ], [ -93.283501, 39.679879 ], [ -93.278936, 39.681245 ], [ -93.287608, 39.68296 ] ] ] } },
{ "type": "Feature", "properties": { "district": "101", "name": "State House District 101" }, "geometry": { "type": "Polygon", "coordinates": [ [ [ -90.679101, 38.666576 ], [ -90.674266, 38.679306 ], [ -90.668179, 38.684867 ], [ -90.632647, 38.691078 ], [ -90.595955, 38.679917 ], [ -90.572063, 38.683788 ], [ -90.572137, 38.66429 ], [ -90.558223, 38.653013 ], [ -90.536628, 38.667481 ], [ -90.531753, 38.674774 ], [ -90.515493, 38.681135 ], [ -90.506549, 38.680396 ], [ -90.508058, 38.665347 ], [ -90.507187, 38.661218 ], [ -90.503685, 38.661012 ], [ -90.512799, 38.646142 ], [ -90.521766, 38.641625 ], [ -90.520674, 38.633961 ], [ -90.533237, 38.627538 ], [ -90.536736, 38.631649 ], [ -90.558683, 38.620455 ], [ -90.56025, 38.624438 ], [ -90.566723, 38.624487 ], [ -90.566869, 38.614779 ], [ -90.569728, 38.614034 ], [ -90.578459, 38.616459 ], [ -90.582005, 38.621648 ], [ -90.5805, 38.630638 ], [ -90.596095, 38.634298 ], [ -90.595127, 38.647895 ], [ -90.619835, 38.638973 ], [ -90.625531, 38.64685 ], [ -90.643129, 38.643788 ], [ -90.645499, 38.649716 ], [ -90.671345, 38.643156 ], [ -90.674544, 38.645865 ], [ -90.674748, 38.649048 ], [ -90.671624, 38.649412 ], [ -90.675929, 38.666984 ], [ -90.679101, 38.666576 ] ] ] } },
{ "type": "Feature", "properties": { "district": "057", "name": "State House District 57" }, "geometry": { "type": "Polygon", "coordinates": [ [ [ -94.129372, 38.655862 ], [ -94.121361, 38.803422 ], [ -94.026879, 38.80032 ], [ -94.033492, 38.682406 ], [ -93.807591, 38.674875 ], [ -93.805857, 38.689541 ], [ -93.674297, 38.68528 ], [ -93.666072, 38.824575 ], [ -93.637614, 38.823224 ], [ -93.636762, 38.844627 ], [ -93.608378, 38.843913 ], [ -93.60949, 38.822026 ], [ -93.600154, 38.821824 ], [ -93.600507, 38.814331 ], [ -93.498271, 38.811182 ], [ -93.50376, 38.723207 ], [ -93.293459, 38.715012 ], [ -93.294461, 38.707674 ], [ -93.282307, 38.707186 ], [ -93.286632, 38.608188 ], [ -93.26902, 38.607725 ], [ -93.267725, 38.605277 ], [ -93.267713, 38.626144 ], [ -93.218035, 38.624115 ], [ -93.217309, 38.599901 ], [ -93.175859, 38.600212 ], [ -93.179307, 38.534071 ], [ -93.067291, 38.529995 ], [ -93.072054, 38.442274 ], [ -93.068763, 38.442273 ], [ -93.068969, 38.433697 ], [ -93.082164, 38.186503 ], [ -93.059073, 38.185685 ], [ -93.065199, 38.062479 ], [ -93.357127, 38.068068 ], [ -93.349963, 38.194866 ], [ -93.358467, 38.195083 ], [ -93.356504, 38.238299 ], [ -93.375163, 38.23278 ], [ -93.386687, 38.241467 ], [ -93.392149, 38.257948 ], [ -93.404864, 38.273887 ], [ -93.412115, 38.277463 ], [ -93.417396, 38.290488 ], [ -93.422879, 38.292054 ], [ -93.437835, 38.285138 ], [ -93.447317, 38.302539 ], [ -93.464283, 38.301712 ], [ -93.478014, 38.310847 ], [ -93.478094, 38.314518 ], [ -93.468297, 38.312225 ], [ -93.47536, 38.317972 ], [ -93.496621, 38.31589 ], [ -93.509838, 38.323096 ], [ -93.515316, 38.334663 ], [ -93.517303, 38.340975 ], [ -93.511942, 38.446738 ], [ -93.512007, 38.454449 ], [ -93.515122, 38.457223 ], [ -93.51103, 38.55621 ], [ -94.119664, 38.568712 ], [ -94.116408, 38.655518 ], [ -94.129372, 38.655862 ] ] ] } },
{ "type": "Feature", "properties": { "district": "104", "name": "State House District 104" }, "geometry": { "type": "Polygon", "coordinates": [ [ [ -90.62505, 38.77574 ], [ -90.62407, 38.78823 ], [ -90.60616, 38.7902 ], [ -90.605856, 38.798357 ], [ -90.5814, 38.79747 ], [ -90.56515, 38.79358 ], [ -90.56831, 38.791053 ], [ -90.568742, 38.778916 ], [ -90.556552, 38.780667 ], [ -90.555872, 38.776053 ], [ -90.553178, 38.776578 ], [ -90.5397, 38.75969 ], [ -90.543994, 38.752407 ], [ -90.550268, 38.753744 ], [ -90.598726, 38.746253 ], [ -90.598784, 38.750047 ], [ -90.593617, 38.749976 ], [ -90.593221, 38.757118 ], [ -90.597639, 38.757379 ], [ -90.593218, 38.757332 ], [ -90.593108, 38.7605 ], [ -90.59771, 38.7594 ], [ -90.59823, 38.767167 ], [ -90.61924, 38.76658 ], [ -90.61632, 38.7754 ], [ -90.62505, 38.77574 ] ] ] } },
{ "type": "Feature", "properties": { "district": "144", "name": "State House District 144" }, "geometry": { "type": "Polygon", "coordinates": [ [ [ -91.65543, 37.058334 ], [ -91.651579, 37.24835 ], [ -91.647691, 37.248333 ], [ -91.646626, 37.422731 ], [ -91.211863, 37.415277 ], [ -91.210984, 37.501911 ], [ -91.314236, 37.505132 ], [ -91.312458, 37.592824 ], [ -91.155073, 37.588092 ], [ -91.153345, 37.69734 ], [ -91.146972, 37.697198 ], [ -91.146521, 37.740811 ], [ -91.100017, 37.740012 ], [ -91.09394, 38.000033 ], [ -91.095765, 38.204083 ], [ -90.934015, 38.205244 ], [ -90.934102, 38.162599 ], [ -90.927278, 38.164789 ], [ -90.901363, 38.15727 ], [ -90.901474, 38.153672 ], [ -90.894453, 38.147803 ], [ -90.901127, 38.136973 ], [ -90.878683, 38.101243 ], [ -90.881824, 38.08616 ], [ -90.879948, 38.081794 ], [ -90.883929, 38.077573 ], [ -90.882123, 38.074193 ], [ -90.888726, 38.067647 ], [ -90.886101, 38.065952 ], [ -90.887363, 38.058808 ], [ -90.843147, 38.058058 ], [ -90.839967, 38.054956 ], [ -90.844829, 38.050997 ], [ -90.845285, 38.040209 ], [ -90.871504, 38.033574 ], [ -90.852309, 38.024898 ], [ -90.856182, 38.015207 ], [ -90.854007, 38.002386 ], [ -90.862768, 38.006153 ], [ -90.86557, 37.999231 ], [ -90.850817, 37.988092 ], [ -90.855723, 37.973966 ], [ -90.85474, 37.967628 ], [ -90.82241, 37.964718 ], [ -90.818662, 37.961763 ], [ -90.81967, 37.955117 ], [ -90.813993, 37.955531 ], [ -90.810371, 37.951647 ], [ -90.805859, 37.95413 ], [ -90.800582, 37.947698 ], [ -90.806436, 37.944564 ], [ -90.80033, 37.942421 ], [ -90.802472, 37.932512 ], [ -90.792294, 37.933442 ], [ -90.777844, 37.92397 ], [ -90.774701, 37.92661 ], [ -90.776407, 37.917475 ], [ -90.773045, 37.921451 ], [ -90.763614, 37.920418 ], [ -90.758918, 37.926428 ], [ -90.742389, 37.924547 ], [ -90.731827, 37.934329 ], [ -90.72877, 37.935547 ], [ -90.726716, 37.932847 ], [ -90.718628, 37.956094 ], [ -90.712013, 37.965345 ], [ -90.706532, 37.971988 ], [ -90.694246, 37.97479 ], [ -90.693316, 37.977173 ], [ -90.705197, 37.979406 ], [ -90.702396, 37.98261 ], [ -90.68848, 37.986939 ], [ -90.685922, 37.984241 ], [ -90.67026, 37.986705 ], [ -90.65975, 37.995332 ], [ -90.641238, 37.992157 ], [ -90.647874, 37.642809 ], [ -90.535006, 37.645019 ], [ -90.535144, 37.5984 ], [ -90.547406, 37.59841 ], [ -90.546769, 37.524407 ], [ -90.447822, 37.524519 ], [ -90.449715, 37.51851 ], [ -90.457911, 37.512018 ], [ -90.455631, 37.507554 ], [ -90.457892, 37.502484 ], [ -90.452052, 37.501647 ], [ -90.436366, 37.503903 ], [ -90.42592, 37.509353 ], [ -90.409365, 37.505147 ], [ -90.403321, 37.509014 ], [ -90.399235, 37.50459 ], [ -90.392395, 37.503487 ], [ -90.392491, 37.513051 ], [ -90.382814, 37.515727 ], [ -90.373479, 37.523141 ], [ -90.358038, 37.525459 ], [ -90.35989, 37.48002 ], [ -90.309215, 37.479295 ], [ -90.300129, 37.467722 ], [ -90.295992, 37.472412 ], [ -90.297269, 37.479662 ], [ -90.143989, 37.480923 ], [ -90.138536, 37.541219 ], [ -90.146763, 37.597434 ], [ -89.861123, 37.599286 ], [ -89.862363, 37.369974 ], [ -89.993872, 37.371143 ], [ -89.994057, 37.359087 ], [ -90.050954, 37.357283 ], [ -90.051189, 37.341939 ], [ -90.108427, 37.341245 ], [ -90.109084, 37.280389 ], [ -90.114628, 37.281546 ], [ -90.118997, 37.292635 ], [ -90.128386, 37.297258 ], [ -90.128347, 37.301647 ], [ -90.140695, 37.302257 ], [ -90.17611, 37.300076 ], [ -90.199033, 37.285738 ], [ -90.217015, 37.282443 ], [ -90.219953, 37.205497 ], [ -90.293883, 37.206432 ], [ -90.29325, 37.190536 ], [ -90.367415, 37.194096 ], [ -90.367956, 37.179345 ], [ -90.38596, 37.179353 ], [ -90.385638, 37.225368 ], [ -90.495762, 37.226748 ], [ -90.495758, 37.241361 ], [ -90.511549, 37.241393 ], [ -90.501397, 37.257186 ], [ -90.551122, 37.257541 ], [ -90.550603, 37.272608 ], [ -90.642761, 37.272216 ], [ -90.661775, 37.274767 ], [ -90.735453, 37.27104 ], [ -90.737146, 37.166413 ], [ -90.75587, 37.166722 ], [ -90.756799, 37.137739 ], [ -90.779025, 37.13792 ], [ -90.779553, 37.050324 ], [ -90.964466, 37.053584 ], [ -90.963562, 37.09736 ], [ -90.999991, 37.097649 ], [ -90.99989, 37.100404 ], [ -91.036046, 37.093684 ], [ -91.066736, 37.093775 ], [ -91.065418, 37.088495 ], [ -91.109651, 37.086667 ], [ -91.10974, 37.084057 ], [ -91.21715, 37.086197 ], [ -91.219053, 37.009269 ], [ -91.236359, 37.019875 ], [ -91.253189, 37.004524 ], [ -91.252327, 36.997876 ], [ -91.255737, 36.992599 ], [ -91.25637, 36.997162 ], [ -91.295638, 36.996536 ], [ -91.292816, 36.98563 ], [ -91.296093, 36.99015 ], [ -91.299131, 36.987504 ], [ -91.314601, 36.98768 ], [ -91.314703, 36.995505 ], [ -91.328756, 36.995335 ], [ -91.331265, 36.992082 ], [ -91.349532, 36.99361 ], [ -91.349323, 36.997776 ], [ -91.38579, 36.997314 ], [ -91.385136, 37.016455 ], [ -91.367046, 37.016954 ], [ -91.365846, 37.045684 ], [ -91.473582, 37.045959 ], [ -91.473677, 37.060591 ], [ -91.546268, 37.062387 ], [ -91.546159, 37.066963 ], [ -91.551836, 37.070211 ], [ -91.553537, 37.062417 ], [ -91.562603, 37.061175 ], [ -91.566695, 37.053491 ], [ -91.575907, 37.051601 ], [ -91.577206, 37.047101 ], [ -91.584969, 37.048681 ], [ -91.592388, 37.043361 ], [ -91.602081, 37.044557 ], [ -91.607243, 37.038966 ], [ -91.606917, 37.042951 ], [ -91.618126, 37.043393 ], [ -91.618161, 37.04891 ], [ -91.628422, 37.046487 ], [ -91.638003, 37.054863 ], [ -91.637487, 37.049116 ], [ -91.648883, 37.045704 ], [ -91.65543, 37.058334 ] ] ] } },
{ "type": "Feature", "properties": { "district": "158", "name": "State House District 158" }, "geometry": { "type": "Polygon", "coordinates": [ [ [ -94.382612, 36.58833 ], [ -94.373823, 36.597391 ], [ -94.370464, 36.596323 ], [ -94.364663, 36.604122 ], [ -94.351068, 36.60351 ], [ -94.354118, 36.616485 ], [ -94.344337, 36.621961 ], [ -94.319732, 36.619527 ], [ -94.312939, 36.62525 ], [ -94.264066, 36.62419 ], [ -94.275221, 36.631049 ], [ -94.262134, 36.634434 ], [ -94.246996, 36.62721 ], [ -94.232318, 36.636062 ], [ -94.225263, 36.633398 ], [ -94.224752, 36.65167 ], [ -94.17038, 36.650012 ], [ -94.169652, 36.664158 ], [ -94.070757, 36.661162 ], [ -94.06274, 36.931775 ], [ -93.611003, 36.922831 ], [ -93.612929, 36.820562 ], [ -93.5738, 36.820032 ], [ -93.584262, 36.499167 ], [ -94.339315, 36.499486 ], [ -94.3366, 36.566285 ], [ -94.352028, 36.565473 ], [ -94.356998, 36.573741 ], [ -94.370907, 36.577908 ], [ -94.36964, 36.583862 ], [ -94.379448, 36.583662 ], [ -94.379276, 36.58735 ], [ -94.382612, 36.58833 ] ] ] } },
{ "type": "Feature", "properties": { "district": "154", "name": "State House District 154" }, "geometry": { "type": "Polygon", "coordinates": [ [ [ -92.120393, 36.498779 ], [ -92.112346, 36.794231 ], [ -92.095982, 36.794011 ], [ -92.088708, 37.056248 ], [ -91.79944, 37.05002 ], [ -91.800682, 37.006688 ], [ -91.782734, 37.006433 ], [ -91.783147, 36.992311 ], [ -91.752589, 36.992307 ], [ -91.75322, 36.997252 ], [ -91.75029, 36.999234 ], [ -91.736664, 36.99788 ], [ -91.73382, 36.994912 ], [ -91.723811, 36.996446 ], [ -91.714047, 37.000048 ], [ -91.716293, 37.005824 ], [ -91.705237, 37.007147 ], [ -91.705228, 37.010297 ], [ -91.710386, 37.0123 ], [ -91.705189, 37.013055 ], [ -91.700647, 37.011804 ], [ -91.702751, 37.008572 ], [ -91.696657, 37.009691 ], [ -91.696369, 37.001815 ], [ -91.691807, 37.001329 ], [ -91.686616, 37.008023 ], [ -91.682622, 37.008049 ], [ -91.680284, 37.003894 ], [ -91.683959, 37.003462 ], [ -91.682798, 37.000923 ], [ -91.677492, 37.003153 ], [ -91.669616, 36.998852 ], [ -91.678221, 36.993904 ], [ -91.685181, 36.994069 ], [ -91.685478, 36.990052 ], [ -91.656156, 36.990265 ], [ -91.660017, 36.787531 ], [ -91.674237, 36.787832 ], [ -91.678333, 36.62506 ], [ -91.677974, 36.60675 ], [ -91.672018, 36.606214 ], [ -91.672334, 36.499392 ], [ -92.020665, 36.498358 ], [ -92.120393, 36.498779 ] ] ] } },
{ "type": "Feature", "properties": { "district": "009", "name": "State House District 9" }, "geometry": { "type": "Polygon", "coordinates": [ [ [ -95.060797, 40.070262 ], [ -95.057429, 40.070607 ], [ -95.058275, 40.075013 ], [ -95.053571, 40.070477 ], [ -95.051256, 40.072021 ], [ -95.052771, 40.076412 ], [ -95.046418, 40.074133 ], [ -95.04971, 40.0769 ], [ -95.043139, 40.078949 ], [ -95.045307, 40.080603 ], [ -95.042645, 40.08133 ], [ -95.043542, 40.088909 ], [ -95.040076, 40.092018 ], [ -95.043034, 40.094513 ], [ -95.040561, 40.096915 ], [ -95.044225, 40.098883 ], [ -95.038237, 40.099637 ], [ -95.044373, 40.101948 ], [ -95.040291, 40.105997 ], [ -95.03758, 40.10348 ], [ -95.033467, 40.108946 ], [ -95.042911, 40.111762 ], [ -95.036152, 40.114547 ], [ -95.045531, 40.118808 ], [ -95.040375, 40.124 ], [ -95.043469, 40.126041 ], [ -95.039297, 40.127435 ], [ -95.048028, 40.128123 ], [ -95.04308, 40.130096 ], [ -94.606158, 40.126316 ], [ -94.606596, 40.039203 ], [ -94.331892, 40.0393 ], [ -94.203457, 40.034539 ], [ -94.209004, 39.512743 ], [ -94.287072, 39.513001 ], [ -94.273345, 39.542681 ], [ -94.264161, 39.542589 ], [ -94.267509, 39.557164 ], [ -94.273181, 39.5572 ], [ -94.273084, 39.564406 ], [ -94.282673, 39.564362 ], [ -94.282431, 39.571649 ], [ -94.314667, 39.571537 ], [ -94.314893, 39.564678 ], [ -94.328433, 39.564593 ], [ -94.328341, 39.568151 ], [ -94.333179, 39.568137 ], [ -94.333056, 39.565325 ], [ -94.33802, 39.565309 ], [ -94.338191, 39.557247 ], [ -94.37737, 39.557432 ], [ -94.415361, 39.571729 ], [ -94.434563, 39.571718 ], [ -94.443037, 39.564657 ], [ -94.440862, 39.567911 ], [ -94.442832, 39.575593 ], [ -94.451666, 39.580419 ], [ -94.456711, 39.588138 ], [ -94.456233, 39.645186 ], [ -94.602244, 39.645635 ], [ -94.60283, 39.819906 ], [ -94.876558, 39.820883 ], [ -94.886504, 39.833336 ], [ -94.908955, 39.834099 ], [ -94.92375, 39.839674 ], [ -94.939854, 39.852044 ], [ -94.94296, 39.859457 ], [ -94.927826, 39.877817 ], [ -94.93016, 39.889934 ], [ -94.955178, 39.901288 ], [ -94.983408, 39.89658 ], [ -94.993382, 39.897906 ], [ -94.993392, 39.915031 ], [ -95.006743, 39.922697 ], [ -95.001574, 39.922489 ], [ -95.005432, 39.927432 ], [ -95.002516, 39.932624 ], [ -94.987978, 39.944156 ], [ -94.990776, 39.947638 ], [ -94.997048, 39.945501 ], [ -94.991212, 39.949335 ], [ -94.996266, 39.961395 ], [ -95.00025, 39.956725 ], [ -95.003009, 39.958337 ], [ -94.99392, 39.969964 ], [ -95.005242, 39.980073 ], [ -95.003803, 39.996727 ], [ -95.010933, 40.001259 ], [ -95.007836, 40.008412 ], [ -95.011972, 40.014986 ], [ -95.010395, 40.021949 ], [ -95.004226, 40.026878 ], [ -95.009925, 40.032225 ], [ -95.006822, 40.03447 ], [ -95.01095, 40.03574 ], [ -95.00876, 40.040258 ], [ -95.015952, 40.041835 ], [ -95.010542, 40.046761 ], [ -95.019111, 40.052177 ], [ -95.031972, 40.04869 ], [ -95.035379, 40.044933 ], [ -95.034004, 40.048847 ], [ -95.037562, 40.049465 ], [ -95.035484, 40.051825 ], [ -95.03941, 40.059741 ], [ -95.046763, 40.063952 ], [ -95.057451, 40.064822 ], [ -95.060797, 40.070262 ] ] ] } },
{ "type": "Feature", "properties": { "district": "148", "name": "State House District 148" }, "geometry": { "type": "Polygon", "coordinates": [ [ [ -89.78688, 37.087304 ], [ -89.774112, 37.097593 ], [ -89.772887, 37.112418 ], [ -89.765567, 37.118597 ], [ -89.765211, 37.126066 ], [ -89.758224, 37.126039 ], [ -89.758515, 37.140608 ], [ -89.721783, 37.14056 ], [ -89.722045, 37.155074 ], [ -89.703797, 37.155049 ], [ -89.704168, 37.183964 ], [ -89.685862, 37.183981 ], [ -89.685996, 37.198486 ], [ -89.667426, 37.198754 ], [ -89.667422, 37.206126 ], [ -89.649464, 37.20619 ], [ -89.649659, 37.218268 ], [ -89.620457, 37.21828 ], [ -89.620256, 37.233008 ], [ -89.583419, 37.232919 ], [ -89.583475, 37.240319 ], [ -89.546502, 37.240222 ], [ -89.546448, 37.247296 ], [ -89.520489, 37.247325 ], [ -89.51826, 37.243568 ], [ -89.510606, 37.246383 ], [ -89.508496, 37.243759 ], [ -89.503804, 37.247501 ], [ -89.491164, 37.24653 ], [ -89.48872, 37.251457 ], [ -89.470525, 37.253357 ], [ -89.460692, 37.250577 ], [ -89.458246, 37.247066 ], [ -89.458302, 37.240368 ], [ -89.467631, 37.2182 ], [ -89.456105, 37.18812 ], [ -89.42558, 37.138235 ], [ -89.41173, 37.122507 ], [ -89.38805, 37.107481 ], [ -89.378307, 37.093721 ], [ -89.375538, 37.081833 ], [ -89.385186, 37.057748 ], [ -89.383937, 37.046441 ], [ -89.378277, 37.039605 ], [ -89.362397, 37.030156 ], [ -89.331164, 37.019936 ], [ -89.313324, 37.009499 ], [ -89.347205, 37.00911 ], [ -89.347303, 37.001977 ], [ -89.374308, 36.994285 ], [ -89.375064, 36.964947 ], [ -89.411289, 36.964787 ], [ -89.411479, 36.950135 ], [ -89.429899, 36.950263 ], [ -89.42995, 36.935609 ], [ -89.465393, 36.935776 ], [ -89.465233, 36.906239 ], [ -89.501526, 36.906262 ], [ -89.501515, 36.876926 ], [ -89.519865, 36.876937 ], [ -89.519809, 36.869617 ], [ -89.56757, 36.870909 ], [ -89.604596, 36.866218 ], [ -89.605893, 36.861661 ], [ -89.691603, 36.859517 ], [ -89.689421, 36.863364 ], [ -89.692586, 36.866728 ], [ -89.689723, 36.867923 ], [ -89.697389, 36.874385 ], [ -89.692078, 36.878803 ], [ -89.689823, 36.885913 ], [ -89.686636, 36.884668 ], [ -89.693774, 36.89964 ], [ -89.690802, 36.913258 ], [ -89.68711, 36.913827 ], [ -89.68969, 36.91613 ], [ -89.686488, 36.919026 ], [ -89.688525, 36.921041 ], [ -89.684694, 36.922804 ], [ -89.690048, 36.92439 ], [ -89.686687, 36.928355 ], [ -89.692416, 36.934727 ], [ -89.692249, 36.940651 ], [ -89.695581, 36.938657 ], [ -89.702774, 36.947348 ], [ -89.709467, 36.94639 ], [ -89.71219, 36.952905 ], [ -89.715236, 36.952478 ], [ -89.715573, 36.960623 ], [ -89.720566, 36.968879 ], [ -89.718023, 36.974657 ], [ -89.722478, 36.97577 ], [ -89.718847, 36.982432 ], [ -89.721176, 36.990508 ], [ -89.737028, 37.007056 ], [ -89.735642, 37.01063 ], [ -89.746524, 37.022884 ], [ -89.746139, 37.0277 ], [ -89.753858, 37.029897 ], [ -89.752573, 37.036634 ], [ -89.757241, 37.036087 ], [ -89.758591, 37.038965 ], [ -89.756965, 37.04982 ], [ -89.759371, 37.051712 ], [ -89.763294, 37.048886 ], [ -89.767787, 37.05206 ], [ -89.769383, 37.059204 ], [ -89.778953, 37.072108 ], [ -89.778079, 37.075948 ], [ -89.78688, 37.087304 ] ] ] } },
{ "type": "Feature", "properties": { "district": "076", "name": "State House District 76" }, "geometry": { "type": "Polygon", "coordinates": [ [ [ -90.263094, 38.704609 ], [ -90.251745, 38.718887 ], [ -90.221779, 38.730134 ], [ -90.205717, 38.741849 ], [ -90.186402, 38.761546 ], [ -90.184184, 38.774288 ], [ -90.166717, 38.772272 ], [ -90.176301, 38.754478 ], [ -90.205177, 38.7322 ], [ -90.21191, 38.71795 ], [ -90.209202, 38.702779 ], [ -90.195202, 38.687579 ], [ -90.182602, 38.665379 ], [ -90.177702, 38.642779 ], [ -90.178811, 38.629157 ], [ -90.191803, 38.59898 ], [ -90.229176, 38.568981 ], [ -90.236822, 38.569133 ], [ -90.228341, 38.578749 ], [ -90.225673, 38.603751 ], [ -90.215405, 38.607548 ], [ -90.214186, 38.613987 ], [ -90.199392, 38.614087 ], [ -90.194705, 38.620533 ], [ -90.189705, 38.62006 ], [ -90.187484, 38.639169 ], [ -90.192857, 38.640889 ], [ -90.190175, 38.645495 ], [ -90.194607, 38.653338 ], [ -90.203252, 38.655117 ], [ -90.204991, 38.659372 ], [ -90.197826, 38.661739 ], [ -90.199955, 38.665525 ], [ -90.207346, 38.66409 ], [ -90.237837, 38.680772 ], [ -90.247961, 38.68172 ], [ -90.245441, 38.686295 ], [ -90.259262, 38.692699 ], [ -90.260922, 38.697865 ], [ -90.25625, 38.701375 ], [ -90.263094, 38.704609 ] ] ] } },
{ "type": "Feature", "properties": { "district": "163", "name": "State House District 163" }, "geometry": { "type": "Polygon", "coordinates": [ [ [ -94.494862, 37.099864 ], [ -94.47669, 37.098168 ], [ -94.474634, 37.109986 ], [ -94.453164, 37.112347 ], [ -94.452425, 37.126865 ], [ -94.44776, 37.120028 ], [ -94.438842, 37.120075 ], [ -94.438842, 37.115709 ], [ -94.429548, 37.115568 ], [ -94.429548, 37.119981 ], [ -94.433725, 37.119981 ], [ -94.433491, 37.130448 ], [ -94.438672, 37.130492 ], [ -94.438509, 37.134147 ], [ -94.420506, 37.133857 ], [ -94.420184, 37.141081 ], [ -94.424561, 37.141135 ], [ -94.424424, 37.148158 ], [ -94.432815, 37.148773 ], [ -94.432523, 37.155617 ], [ -94.408136, 37.155411 ], [ -94.408088, 37.161253 ], [ -94.415878, 37.165787 ], [ -94.421142, 37.175797 ], [ -94.429032, 37.17878 ], [ -94.427439, 37.184402 ], [ -94.434363, 37.18438 ], [ -94.43912, 37.218679 ], [ -94.428111, 37.217835 ], [ -94.428001, 37.221908 ], [ -94.404462, 37.221883 ], [ -94.404509, 37.213052 ], [ -94.400248, 37.21305 ], [ -94.39917, 37.251985 ], [ -94.362756, 37.251601 ], [ -94.362348, 37.278513 ], [ -94.357342, 37.278439 ], [ -94.357352, 37.289729 ], [ -94.36103, 37.292348 ], [ -94.361028, 37.297419 ], [ -94.310528, 37.2963 ], [ -94.311338, 37.291574 ], [ -94.305513, 37.291519 ], [ -94.306578, 37.256354 ], [ -94.270969, 37.256322 ], [ -94.271064, 37.253004 ], [ -94.270889, 37.256325 ], [ -94.252638, 37.257039 ], [ -94.170565, 37.254687 ], [ -94.173222, 37.161294 ], [ -94.177679, 37.154997 ], [ -94.182484, 37.157882 ], [ -94.182862, 37.146484 ], [ -94.209852, 37.146505 ], [ -94.209852, 37.143587 ], [ -94.219285, 37.143589 ], [ -94.219444, 37.139278 ], [ -94.228698, 37.139536 ], [ -94.22861, 37.130226 ], [ -94.219777, 37.130067 ], [ -94.219966, 37.124786 ], [ -94.227133, 37.125064 ], [ -94.226057, 37.10999 ], [ -94.206001, 37.107944 ], [ -94.204354, 37.083455 ], [ -94.216514, 37.080762 ], [ -94.216508, 37.077312 ], [ -94.221553, 37.077283 ], [ -94.221719, 37.07383 ], [ -94.239973, 37.074241 ], [ -94.240165, 37.069282 ], [ -94.246831, 37.069382 ], [ -94.247089, 37.076244 ], [ -94.250134, 37.076478 ], [ -94.250103, 37.073215 ], [ -94.258059, 37.073778 ], [ -94.259114, 37.052938 ], [ -94.463051, 37.054846 ], [ -94.462822, 37.063888 ], [ -94.469158, 37.064062 ], [ -94.468725, 37.074959 ], [ -94.474224, 37.07526 ], [ -94.468824, 37.07696 ], [ -94.468155, 37.084029 ], [ -94.477275, 37.08421 ], [ -94.477044, 37.089658 ], [ -94.494844, 37.0899 ], [ -94.494862, 37.099864 ] ] ] } },
{ "type": "Feature", "properties": { "district": "111", "name": "State House District 111" }, "geometry": { "type": "Polygon", "coordinates": [ [ [ -90.755495, 38.330558 ], [ -90.73763, 38.415453 ], [ -90.736311, 38.466643 ], [ -90.732072, 38.4824 ], [ -90.724332, 38.48243 ], [ -90.717419, 38.478491 ], [ -90.71448, 38.474449 ], [ -90.717966, 38.469065 ], [ -90.696233, 38.471523 ], [ -90.6876, 38.459432 ], [ -90.69106, 38.453669 ], [ -90.687041, 38.451488 ], [ -90.683254, 38.455384 ], [ -90.680181, 38.454006 ], [ -90.68746, 38.447659 ], [ -90.679821, 38.445666 ], [ -90.664219, 38.448864 ], [ -90.654602, 38.456225 ], [ -90.660703, 38.479195 ], [ -90.654043, 38.487541 ], [ -90.633862, 38.485936 ], [ -90.626234, 38.475772 ], [ -90.61459, 38.471129 ], [ -90.602652, 38.479617 ], [ -90.598697, 38.487987 ], [ -90.594245, 38.487143 ], [ -90.592273, 38.472763 ], [ -90.587894, 38.472676 ], [ -90.586503, 38.469032 ], [ -90.595036, 38.46598 ], [ -90.594796, 38.462309 ], [ -90.586584, 38.458137 ], [ -90.569694, 38.457774 ], [ -90.569808, 38.454094 ], [ -90.561241, 38.456457 ], [ -90.560901, 38.453999 ], [ -90.550114, 38.453858 ], [ -90.545834, 38.450191 ], [ -90.545196, 38.445299 ], [ -90.550905, 38.440734 ], [ -90.55295, 38.42567 ], [ -90.54717, 38.43113 ], [ -90.513062, 38.424597 ], [ -90.512839, 38.306731 ], [ -90.517634, 38.211967 ], [ -90.53098, 38.21072 ], [ -90.53432, 38.21529 ], [ -90.54466, 38.21732 ], [ -90.54608, 38.22145 ], [ -90.556611, 38.220688 ], [ -90.56265, 38.20087 ], [ -90.56, 38.185374 ], [ -90.566214, 38.202416 ], [ -90.561414, 38.212251 ], [ -90.562559, 38.223412 ], [ -90.564212, 38.220365 ], [ -90.572327, 38.22214 ], [ -90.5748, 38.21819 ], [ -90.569352, 38.215151 ], [ -90.573084, 38.212477 ], [ -90.565638, 38.211774 ], [ -90.572802, 38.209739 ], [ -90.57066, 38.20849 ], [ -90.57283, 38.20387 ], [ -90.568878, 38.202878 ], [ -90.572634, 38.201551 ], [ -90.568388, 38.198872 ], [ -90.574321, 38.199923 ], [ -90.574296, 38.205421 ], [ -90.579108, 38.205529 ], [ -90.57924, 38.199081 ], [ -90.588799, 38.202035 ], [ -90.583557, 38.221009 ], [ -90.588788, 38.221302 ], [ -90.590305, 38.228347 ], [ -90.581887, 38.228067 ], [ -90.584016, 38.22401 ], [ -90.581114, 38.224489 ], [ -90.57753, 38.23794 ], [ -90.58479, 38.24769 ], [ -90.587316, 38.240088 ], [ -90.605844, 38.240584 ], [ -90.6104, 38.251581 ], [ -90.616966, 38.250725 ], [ -90.617377, 38.255212 ], [ -90.620565, 38.255252 ], [ -90.61846, 38.266102 ], [ -90.596234, 38.265974 ], [ -90.596289, 38.258469 ], [ -90.591501, 38.258331 ], [ -90.591603, 38.252981 ], [ -90.590488, 38.253248 ], [ -90.592567, 38.264819 ], [ -90.59495, 38.26693 ], [ -90.61738, 38.27583 ], [ -90.60993, 38.27999 ], [ -90.60824, 38.2906 ], [ -90.630646, 38.295669 ], [ -90.630705, 38.326448 ], [ -90.66325, 38.325499 ], [ -90.676492, 38.327674 ], [ -90.676467, 38.33141 ], [ -90.688861, 38.33278 ], [ -90.694384, 38.328202 ], [ -90.755495, 38.330558 ] ] ] } },
{ "type": "Feature", "properties": { "district": "136", "name": "State House District 136" }, "geometry": { "type": "Polygon", "coordinates": [ [ [ -93.30479, 37.17861 ], [ -93.30376, 37.19343 ], [ -93.29464, 37.19285 ], [ -93.29489, 37.18588 ], [ -93.27652, 37.1857 ], [ -93.27661, 37.18195 ], [ -93.22502, 37.18029 ], [ -93.22583, 37.19135 ], [ -93.216477, 37.191024 ], [ -93.216501, 37.187372 ], [ -93.20745, 37.18401 ], [ -93.20759, 37.17974 ], [ -93.21666, 37.18002 ], [ -93.21676, 37.17635 ], [ -93.213802, 37.17627 ], [ -93.2124, 37.168906 ], [ -93.205588, 37.167641 ], [ -93.205643, 37.165008 ], [ -93.213957, 37.165281 ], [ -93.213886, 37.168942 ], [ -93.216861, 37.168957 ], [ -93.217089, 37.161392 ], [ -93.212785, 37.157677 ], [ -93.221817, 37.157724 ], [ -93.221991, 37.146865 ], [ -93.211574, 37.143353 ], [ -93.213933, 37.135422 ], [ -93.222413, 37.126168 ], [ -93.22247, 37.121995 ], [ -93.248207, 37.136847 ], [ -93.29629, 37.13817 ], [ -93.29507, 37.17856 ], [ -93.30479, 37.17861 ] ] ] } },
{ "type": "Feature", "properties": { "district": "153", "name": "State House District 153" }, "geometry": { "type": "Polygon", "coordinates": [ [ [ -91.800652, 37.008631 ], [ -91.79944, 37.05002 ], [ -91.655607, 37.048925 ], [ -91.655425, 37.054412 ], [ -91.647401, 37.045579 ], [ -91.637487, 37.049116 ], [ -91.638003, 37.054863 ], [ -91.632257, 37.052275 ], [ -91.632569, 37.047778 ], [ -91.62475, 37.046445 ], [ -91.618429, 37.049021 ], [ -91.618126, 37.043393 ], [ -91.606917, 37.042951 ], [ -91.606838, 37.038989 ], [ -91.602081, 37.044557 ], [ -91.592388, 37.043361 ], [ -91.584969, 37.048681 ], [ -91.577206, 37.047101 ], [ -91.575907, 37.051601 ], [ -91.566695, 37.053491 ], [ -91.562603, 37.061175 ], [ -91.553537, 37.062417 ], [ -91.551836, 37.070211 ], [ -91.546159, 37.066963 ], [ -91.546268, 37.062387 ], [ -91.473677, 37.060591 ], [ -91.473582, 37.045959 ], [ -91.365846, 37.045684 ], [ -91.367046, 37.016954 ], [ -91.385136, 37.016455 ], [ -91.38579, 36.997314 ], [ -91.349323, 36.997776 ], [ -91.349532, 36.99361 ], [ -91.331265, 36.992082 ], [ -91.328756, 36.995335 ], [ -91.314703, 36.995505 ], [ -91.314601, 36.98768 ], [ -91.299131, 36.987504 ], [ -91.296093, 36.99015 ], [ -91.292816, 36.98563 ], [ -91.295638, 36.996536 ], [ -91.25637, 36.997162 ], [ -91.255737, 36.992599 ], [ -91.252327, 36.997876 ], [ -91.253189, 37.004524 ], [ -91.236359, 37.019875 ], [ -91.219053, 37.009269 ], [ -91.21715, 37.086197 ], [ -91.10974, 37.084057 ], [ -91.109651, 37.086667 ], [ -91.065418, 37.088495 ], [ -91.066736, 37.093775 ], [ -91.036046, 37.093684 ], [ -90.99989, 37.100404 ], [ -90.999991, 37.097649 ], [ -90.963562, 37.09736 ], [ -90.964466, 37.053584 ], [ -90.779553, 37.050324 ], [ -90.779025, 37.13792 ], [ -90.756799, 37.137739 ], [ -90.75587, 37.166722 ], [ -90.737146, 37.166413 ], [ -90.735453, 37.27104 ], [ -90.661775, 37.274767 ], [ -90.642761, 37.272216 ], [ -90.550603, 37.272608 ], [ -90.551122, 37.257541 ], [ -90.501397, 37.257186 ], [ -90.511549, 37.241393 ], [ -90.495758, 37.241361 ], [ -90.495762, 37.226748 ], [ -90.385638, 37.225368 ], [ -90.38596, 37.179353 ], [ -90.367956, 37.179345 ], [ -90.367415, 37.194096 ], [ -90.29325, 37.190536 ], [ -90.293883, 37.206432 ], [ -90.219953, 37.205497 ], [ -90.22323, 37.086519 ], [ -90.110354, 37.085871 ], [ -90.111247, 37.041205 ], [ -90.148518, 37.041601 ], [ -90.149447, 37.007444 ], [ -90.167874, 37.007651 ], [ -90.168461, 36.993195 ], [ -90.186327, 36.993345 ], [ -90.186577, 36.978683 ], [ -90.204884, 36.978777 ], [ -90.205175, 36.964552 ], [ -90.223203, 36.964652 ], [ -90.223603, 36.935756 ], [ -90.24164, 36.935945 ], [ -90.241782, 36.921527 ], [ -90.352708, 36.926653 ], [ -90.678562, 36.92649 ], [ -90.679729, 36.883107 ], [ -90.661244, 36.882909 ], [ -90.662617, 36.811453 ], [ -90.627517, 36.810954 ], [ -90.628387, 36.679544 ], [ -90.592166, 36.679368 ], [ -90.592974, 36.5921 ], [ -90.574759, 36.59185 ], [ -90.576179, 36.498547 ], [ -91.406872, 36.497062 ], [ -91.672334, 36.499392 ], [ -91.672018, 36.606214 ], [ -91.677974, 36.60675 ], [ -91.678333, 36.62506 ], [ -91.674237, 36.787832 ], [ -91.660017, 36.787531 ], [ -91.656156, 36.990265 ], [ -91.685478, 36.990052 ], [ -91.685181, 36.994069 ], [ -91.678221, 36.993904 ], [ -91.669616, 36.998852 ], [ -91.677492, 37.003153 ], [ -91.682798, 37.000923 ], [ -91.683959, 37.003462 ], [ -91.680284, 37.003894 ], [ -91.682622, 37.008049 ], [ -91.686616, 37.008023 ], [ -91.691807, 37.001329 ], [ -91.696369, 37.001815 ], [ -91.696657, 37.009691 ], [ -91.702751, 37.008572 ], [ -91.700647, 37.011804 ], [ -91.705189, 37.013055 ], [ -91.710386, 37.0123 ], [ -91.705228, 37.010297 ], [ -91.705237, 37.007147 ], [ -91.716293, 37.005824 ], [ -91.713954, 37.005024 ], [ -91.714743, 36.999331 ], [ -91.73382, 36.994912 ], [ -91.736664, 36.99788 ], [ -91.750892, 36.999178 ], [ -91.752589, 36.992307 ], [ -91.757502, 36.992021 ], [ -91.783147, 36.992311 ], [ -91.782734, 37.006433 ], [ -91.800652, 37.008631 ] ] ] } },
{ "type": "Feature", "properties": { "district": "033", "name": "State House District 33" }, "geometry": { "type": "Polygon", "coordinates": [ [ [ -94.361949, 38.838009 ], [ -94.36043, 38.866591 ], [ -94.341811, 38.865999 ], [ -94.340208, 38.895077 ], [ -94.311294, 38.89421 ], [ -94.312909, 38.883272 ], [ -94.294102, 38.886356 ], [ -94.29342, 38.897395 ], [ -94.311956, 38.901472 ], [ -94.311583, 38.908712 ], [ -94.304624, 38.908491 ], [ -94.304214, 38.915885 ], [ -94.311143, 38.91604 ], [ -94.310953, 38.91954 ], [ -94.306322, 38.919401 ], [ -94.304561, 38.922863 ], [ -94.303701, 38.943543 ], [ -94.336057, 38.945659 ], [ -94.334181, 38.988149 ], [ -94.329463, 38.990071 ], [ -94.33396, 38.992875 ], [ -94.332841, 39.021718 ], [ -94.327798, 39.027291 ], [ -94.30151, 39.019024 ], [ -94.306349, 39.016417 ], [ -94.300372, 39.01457 ], [ -94.312322, 39.013998 ], [ -94.310053, 39.009109 ], [ -94.318947, 39.010464 ], [ -94.321563, 39.014339 ], [ -94.3239, 39.010506 ], [ -94.319099, 39.010456 ], [ -94.319205, 39.006794 ], [ -94.309974, 39.006599 ], [ -94.310413, 39.002986 ], [ -94.302076, 39.008654 ], [ -94.299649, 39.008563 ], [ -94.300862, 39.002714 ], [ -94.298602, 39.00266 ], [ -94.29785, 39.008495 ], [ -94.296161, 39.005338 ], [ -94.293727, 39.008419 ], [ -94.29644, 38.998907 ], [ -94.291861, 38.998798 ], [ -94.293823, 38.99524 ], [ -94.287214, 38.99368 ], [ -94.28718, 38.990839 ], [ -94.296234, 38.984898 ], [ -94.291966, 38.980796 ], [ -94.285632, 38.980592 ], [ -94.288144, 38.976939 ], [ -94.283467, 38.976851 ], [ -94.283845, 38.965998 ], [ -94.274492, 38.965714 ], [ -94.271803, 39.030147 ], [ -94.253169, 39.02793 ], [ -94.252908, 39.037556 ], [ -94.2296, 39.036733 ], [ -94.225966, 39.029327 ], [ -94.221457, 39.029184 ], [ -94.221662, 39.02382 ], [ -94.227214, 39.023654 ], [ -94.2212, 39.021903 ], [ -94.221346, 39.018289 ], [ -94.230917, 39.018423 ], [ -94.23547, 39.012713 ], [ -94.245945, 39.013507 ], [ -94.253439, 39.009777 ], [ -94.237133, 39.00807 ], [ -94.237282, 39.003797 ], [ -94.245258, 39.001077 ], [ -94.245177, 39.005335 ], [ -94.249565, 39.005514 ], [ -94.249832, 38.999696 ], [ -94.254315, 39.001201 ], [ -94.254969, 38.997255 ], [ -94.249942, 38.997174 ], [ -94.250394, 38.986836 ], [ -94.259652, 38.987079 ], [ -94.259976, 38.979825 ], [ -94.25538, 38.979756 ], [ -94.255199, 38.983319 ], [ -94.246359, 38.980997 ], [ -94.248585, 38.974182 ], [ -94.24368, 38.974116 ], [ -94.246558, 38.971975 ], [ -94.246844, 38.965074 ], [ -94.237498, 38.967445 ], [ -94.237806, 38.960774 ], [ -94.244724, 38.961218 ], [ -94.245009, 38.953854 ], [ -94.25202, 38.954128 ], [ -94.251684, 38.959591 ], [ -94.259512, 38.962108 ], [ -94.261203, 38.949771 ], [ -94.258293, 38.949691 ], [ -94.258699, 38.943489 ], [ -94.215448, 38.942408 ], [ -94.206261, 38.938553 ], [ -94.192547, 38.938117 ], [ -94.191588, 38.956229 ], [ -94.182385, 38.955863 ], [ -94.17928, 38.970017 ], [ -94.167868, 38.969776 ], [ -94.167365, 38.979908 ], [ -94.161781, 38.982205 ], [ -94.14881, 38.97947 ], [ -94.148985, 38.976346 ], [ -94.12787, 38.975946 ], [ -94.127867, 38.9831 ], [ -94.111478, 38.982862 ], [ -94.118786, 38.833208 ], [ -94.361949, 38.838009 ] ] ] } },
{ "type": "Feature", "properties": { "district": "083", "name": "State House District 83" }, "geometry": { "type": "Polygon", "coordinates": [ [ [ -90.362394, 38.619013 ], [ -90.361868, 38.641138 ], [ -90.306433, 38.63359 ], [ -90.320515, 38.594152 ], [ -90.310018, 38.575231 ], [ -90.311757, 38.564766 ], [ -90.320931, 38.565675 ], [ -90.324199, 38.561102 ], [ -90.327953, 38.561352 ], [ -90.329025, 38.555531 ], [ -90.33534, 38.556204 ], [ -90.334339, 38.561973 ], [ -90.338443, 38.562516 ], [ -90.334017, 38.563939 ], [ -90.332617, 38.572208 ], [ -90.339019, 38.573099 ], [ -90.335805, 38.592011 ], [ -90.33264, 38.59166 ], [ -90.326112, 38.602504 ], [ -90.334099, 38.603706 ], [ -90.335855, 38.610166 ], [ -90.343994, 38.610616 ], [ -90.351204, 38.604909 ], [ -90.357784, 38.608902 ], [ -90.355132, 38.618251 ], [ -90.362394, 38.619013 ] ] ] } },
{ "type": "Feature", "properties": { "district": "119", "name": "State House District 119" }, "geometry": { "type": "Polygon", "coordinates": [ [ [ -91.062083, 38.309575 ], [ -91.054673, 38.314946 ], [ -91.037045, 38.320628 ], [ -91.04045, 38.326364 ], [ -91.030695, 38.329934 ], [ -91.030744, 38.333431 ], [ -91.035555, 38.334871 ], [ -91.035502, 38.33737 ], [ -91.031184, 38.337342 ], [ -91.031968, 38.343597 ], [ -91.024759, 38.343415 ], [ -91.017333, 38.337386 ], [ -91.015958, 38.344546 ], [ -91.006243, 38.344421 ], [ -91.005242, 38.340043 ], [ -90.995214, 38.344241 ], [ -90.996385, 38.347936 ], [ -91.007473, 38.348117 ], [ -91.015748, 38.351971 ], [ -91.01617, 38.367893 ], [ -91.024948, 38.372468 ], [ -91.022326, 38.382493 ], [ -91.00703, 38.387964 ], [ -91.007189, 38.390941 ], [ -91.012083, 38.392835 ], [ -91.019013, 38.386843 ], [ -91.027588, 38.387285 ], [ -91.036392, 38.395759 ], [ -91.0485, 38.396421 ], [ -91.039712, 38.41144 ], [ -91.046985, 38.425889 ], [ -91.024396, 38.421266 ], [ -91.029291, 38.432081 ], [ -91.028121, 38.436655 ], [ -91.030738, 38.43163 ], [ -91.032519, 38.43367 ], [ -91.035509, 38.431689 ], [ -91.035398, 38.439242 ], [ -91.030615, 38.438924 ], [ -91.030456, 38.443022 ], [ -91.035324, 38.443624 ], [ -91.035286, 38.447496 ], [ -91.040166, 38.446299 ], [ -91.040057, 38.450529 ], [ -91.035198, 38.45051 ], [ -91.035148, 38.462044 ], [ -91.030087, 38.462085 ], [ -91.030299, 38.469721 ], [ -91.017227, 38.468701 ], [ -91.015543, 38.462234 ], [ -91.012669, 38.462281 ], [ -91.012429, 38.465958 ], [ -91.004999, 38.465534 ], [ -91.004791, 38.462396 ], [ -90.990465, 38.461722 ], [ -90.990387, 38.458071 ], [ -90.999816, 38.454759 ], [ -90.995465, 38.454667 ], [ -90.995443, 38.450299 ], [ -90.989176, 38.44924 ], [ -90.972534, 38.435851 ], [ -90.968146, 38.444829 ], [ -90.968806, 38.437372 ], [ -90.966163, 38.436712 ], [ -90.957873, 38.437791 ], [ -90.957339, 38.440521 ], [ -90.957333, 38.437873 ], [ -90.947917, 38.43893 ], [ -90.949712, 38.436735 ], [ -90.927527, 38.436125 ], [ -90.91118, 38.438709 ], [ -90.891717, 38.450658 ], [ -90.855983, 38.464963 ], [ -90.850042, 38.481058 ], [ -90.85856, 38.482697 ], [ -90.85855, 38.503458 ], [ -90.825285, 38.513452 ], [ -90.825199, 38.510283 ], [ -90.814899, 38.505512 ], [ -90.81278, 38.493684 ], [ -90.790968, 38.507159 ], [ -90.768812, 38.515028 ], [ -90.765687, 38.509948 ], [ -90.74009, 38.508975 ], [ -90.740159, 38.505313 ], [ -90.735301, 38.505245 ], [ -90.73743, 38.418352 ], [ -90.740674, 38.399353 ], [ -90.747649, 38.401259 ], [ -90.756387, 38.395435 ], [ -90.760344, 38.40064 ], [ -90.765851, 38.401222 ], [ -90.77116, 38.398766 ], [ -90.77114, 38.395092 ], [ -90.79109, 38.395271 ], [ -90.793456, 38.413358 ], [ -90.790977, 38.417374 ], [ -90.798107, 38.417552 ], [ -90.800801, 38.429678 ], [ -90.803663, 38.430106 ], [ -90.800274, 38.432792 ], [ -90.801764, 38.438776 ], [ -90.82629, 38.435184 ], [ -90.83053, 38.417252 ], [ -90.840329, 38.408019 ], [ -90.874883, 38.409561 ], [ -90.883586, 38.400507 ], [ -90.889302, 38.398853 ], [ -90.889542, 38.389423 ], [ -90.886012, 38.387981 ], [ -90.886013, 38.383223 ], [ -90.880224, 38.381524 ], [ -90.85721, 38.383563 ], [ -90.866701, 38.37484 ], [ -90.862692, 38.372125 ], [ -90.871983, 38.366802 ], [ -90.869774, 38.360455 ], [ -90.872496, 38.356171 ], [ -90.86809, 38.353341 ], [ -90.862152, 38.355695 ], [ -90.859494, 38.350644 ], [ -90.86353, 38.34552 ], [ -90.867987, 38.345018 ], [ -90.872144, 38.35227 ], [ -90.885174, 38.35777 ], [ -90.883469, 38.34325 ], [ -90.891502, 38.340827 ], [ -90.899503, 38.349026 ], [ -90.906365, 38.345581 ], [ -90.906176, 38.336629 ], [ -90.910555, 38.334761 ], [ -90.92006, 38.344419 ], [ -90.933311, 38.343166 ], [ -90.912178, 38.330816 ], [ -90.925131, 38.31707 ], [ -90.907331, 38.309617 ], [ -90.904541, 38.305215 ], [ -90.916037, 38.296715 ], [ -90.919059, 38.284604 ], [ -90.933315, 38.282612 ], [ -90.939844, 38.27486 ], [ -90.947022, 38.278149 ], [ -90.949939, 38.282958 ], [ -90.944803, 38.299683 ], [ -90.951094, 38.31139 ], [ -90.966933, 38.306908 ], [ -90.966825, 38.298499 ], [ -90.957457, 38.28882 ], [ -90.968726, 38.284447 ], [ -90.984553, 38.286342 ], [ -90.987834, 38.28429 ], [ -90.984414, 38.297649 ], [ -90.994619, 38.309447 ], [ -91.006807, 38.313076 ], [ -91.006713, 38.31893 ], [ -91.031752, 38.319052 ], [ -91.036725, 38.312865 ], [ -91.047259, 38.315104 ], [ -91.062083, 38.309575 ] ] ] } },
{ "type": "Feature", "properties": { "district": "046", "name": "State House District 46" }, "geometry": { "type": "Polygon", "coordinates": [ [ [ -92.389172, 38.983865 ], [ -92.392685, 38.987782 ], [ -92.388102, 38.986422 ], [ -92.387883, 38.99096 ], [ -92.383324, 38.990542 ], [ -92.383139, 38.994384 ], [ -92.378605, 38.99429 ], [ -92.37735, 38.989902 ], [ -92.351154, 38.987717 ], [ -92.350886, 38.993162 ], [ -92.342023, 38.992425 ], [ -92.344202, 38.998085 ], [ -92.339172, 39.001383 ], [ -92.336927, 39.009093 ], [ -92.329254, 39.008497 ], [ -92.33133, 39.006793 ], [ -92.32815, 39.0048 ], [ -92.331409, 39.004868 ], [ -92.331521, 39.001066 ], [ -92.32352, 39.0008 ], [ -92.323026, 39.014092 ], [ -92.320127, 39.016955 ], [ -92.319979, 39.014371 ], [ -92.313362, 39.014151 ], [ -92.311374, 39.007534 ], [ -92.31131, 39.01501 ], [ -92.315532, 39.015121 ], [ -92.315402, 39.020598 ], [ -92.311197, 39.018333 ], [ -92.311146, 39.022408 ], [ -92.306645, 39.022342 ], [ -92.306375, 39.014875 ], [ -92.303408, 39.016507 ], [ -92.302207, 39.000293 ], [ -92.292756, 39.000068 ], [ -92.292547, 39.007403 ], [ -92.297256, 39.007425 ], [ -92.296748, 39.018222 ], [ -92.287639, 39.016166 ], [ -92.292315, 39.020267 ], [ -92.282875, 39.020303 ], [ -92.282828, 39.029443 ], [ -92.27458, 39.02929 ], [ -92.278087, 39.022071 ], [ -92.269128, 39.02192 ], [ -92.26631, 39.02912 ], [ -92.24476, 39.02889 ], [ -92.24557, 39.00287 ], [ -92.26746, 39.00006 ], [ -92.269469, 38.989656 ], [ -92.266225, 38.988866 ], [ -92.267639, 38.986936 ], [ -92.260453, 38.986709 ], [ -92.253684, 38.991089 ], [ -92.253479, 38.995206 ], [ -92.241387, 38.991219 ], [ -92.241435, 38.988571 ], [ -92.255497, 38.985309 ], [ -92.255439, 38.978046 ], [ -92.24575, 38.97653 ], [ -92.24583, 38.97277 ], [ -92.25537, 38.972859 ], [ -92.255692, 38.963209 ], [ -92.247073, 38.964403 ], [ -92.246274, 38.960394 ], [ -92.236887, 38.960442 ], [ -92.240659, 38.963213 ], [ -92.240476, 38.970471 ], [ -92.236682, 38.970376 ], [ -92.236581, 38.973503 ], [ -92.229492, 38.972634 ], [ -92.229378, 38.977485 ], [ -92.217818, 38.977273 ], [ -92.217961, 38.968935 ], [ -92.229779, 38.968517 ], [ -92.236747, 38.96319 ], [ -92.227441, 38.963025 ], [ -92.227509, 38.959907 ], [ -92.2369, 38.9597 ], [ -92.237064, 38.955901 ], [ -92.227669, 38.95574 ], [ -92.227877, 38.94838 ], [ -92.23731, 38.94824 ], [ -92.237131, 38.953351 ], [ -92.246572, 38.953403 ], [ -92.248875, 38.948773 ], [ -92.275744, 38.948808 ], [ -92.279691, 38.945189 ], [ -92.279536, 38.948777 ], [ -92.29063, 38.94882 ], [ -92.28888, 38.96123 ], [ -92.292268, 38.959412 ], [ -92.29205, 38.96184 ], [ -92.30112, 38.96475 ], [ -92.35971, 38.96447 ], [ -92.389514, 38.969989 ], [ -92.389172, 38.983865 ] ] ] } },
{ "type": "Feature", "properties": { "district": "014", "name": "State House District 14" }, "geometry": { "type": "Polygon", "coordinates": [ [ [ -94.736911, 39.243052 ], [ -94.733312, 39.243133 ], [ -94.704276, 39.243022 ], [ -94.70109, 39.242625 ], [ -94.701101, 39.246626 ], [ -94.671443, 39.246908 ], [ -94.668008, 39.254989 ], [ -94.660121, 39.257748 ], [ -94.684595, 39.294574 ], [ -94.687875, 39.311082 ], [ -94.672334, 39.310834 ], [ -94.665307, 39.307283 ], [ -94.600614, 39.307079 ], [ -94.60101, 39.224595 ], [ -94.645074, 39.225057 ], [ -94.644975, 39.232195 ], [ -94.658468, 39.233082 ], [ -94.659419, 39.225161 ], [ -94.651289, 39.225118 ], [ -94.640179, 39.210533 ], [ -94.675202, 39.211102 ], [ -94.678381, 39.218387 ], [ -94.684045, 39.216434 ], [ -94.688565, 39.224642 ], [ -94.713282, 39.223321 ], [ -94.714943, 39.229043 ], [ -94.719477, 39.229023 ], [ -94.719667, 39.225375 ], [ -94.733299, 39.225538 ], [ -94.733311, 39.243061 ], [ -94.736911, 39.243052 ] ] ] } },
{ "type": "Feature", "properties": { "district": "018", "name": "State House District 18" }, "geometry": { "type": "Polygon", "coordinates": [ [ [ -94.608519, 39.116244 ], [ -94.590288, 39.138121 ], [ -94.588387, 39.148868 ], [ -94.590661, 39.154767 ], [ -94.601733, 39.159603 ], [ -94.600711, 39.207638 ], [ -94.58935, 39.214783 ], [ -94.589869, 39.195745 ], [ -94.586471, 39.194446 ], [ -94.586355, 39.190262 ], [ -94.588211, 39.183137 ], [ -94.592564, 39.183119 ], [ -94.594338, 39.174085 ], [ -94.585954, 39.174028 ], [ -94.585952, 39.181214 ], [ -94.581138, 39.181223 ], [ -94.581076, 39.195662 ], [ -94.5765, 39.19571 ], [ -94.576418, 39.198428 ], [ -94.56747, 39.198364 ], [ -94.567457, 39.195614 ], [ -94.521182, 39.194382 ], [ -94.52127, 39.183657 ], [ -94.531651, 39.176818 ], [ -94.532373, 39.162363 ], [ -94.524671, 39.160073 ], [ -94.520887, 39.149219 ], [ -94.534204, 39.145861 ], [ -94.554952, 39.127428 ], [ -94.592248, 39.111174 ], [ -94.603901, 39.110916 ], [ -94.608519, 39.116244 ] ] ] } },
{ "type": "Feature", "properties": { "district": "147", "name": "State House District 147" }, "geometry": { "type": "Polygon", "coordinates": [ [ [ -89.617835, 37.38186 ], [ -89.602349, 37.383956 ], [ -89.601615, 37.376675 ], [ -89.598734, 37.377955 ], [ -89.601334, 37.379579 ], [ -89.599249, 37.382456 ], [ -89.592961, 37.382001 ], [ -89.59466, 37.37863 ], [ -89.593015, 37.377653 ], [ -89.585729, 37.380179 ], [ -89.575266, 37.376298 ], [ -89.574813, 37.373601 ], [ -89.580462, 37.373648 ], [ -89.580339, 37.370621 ], [ -89.574089, 37.372136 ], [ -89.577579, 37.367427 ], [ -89.576708, 37.362651 ], [ -89.572613, 37.36178 ], [ -89.574845, 37.352738 ], [ -89.565181, 37.352784 ], [ -89.56304, 37.359774 ], [ -89.553837, 37.360228 ], [ -89.551342, 37.352773 ], [ -89.539318, 37.354189 ], [ -89.53819, 37.341496 ], [ -89.52831, 37.338496 ], [ -89.515964, 37.338555 ], [ -89.508555, 37.341994 ], [ -89.492606, 37.339258 ], [ -89.49222, 37.333969 ], [ -89.489312, 37.333079 ], [ -89.512833, 37.308478 ], [ -89.523803, 37.277142 ], [ -89.523345, 37.262268 ], [ -89.546953, 37.262172 ], [ -89.545437, 37.26624 ], [ -89.56717, 37.258116 ], [ -89.569372, 37.260086 ], [ -89.568674, 37.278786 ], [ -89.617835, 37.38186 ] ] ] } },
{ "type": "Feature", "properties": { "district": "100", "name": "State House District 100" }, "geometry": { "type": "Polygon", "coordinates": [ [ [ -90.585564, 38.614997 ], [ -90.582618, 38.621792 ], [ -90.578459, 38.616459 ], [ -90.566869, 38.614779 ], [ -90.566723, 38.624487 ], [ -90.559528, 38.623453 ], [ -90.557206, 38.610592 ], [ -90.541247, 38.6148 ], [ -90.53846, 38.612946 ], [ -90.534968, 38.620515 ], [ -90.523249, 38.621994 ], [ -90.520226, 38.617625 ], [ -90.510984, 38.620765 ], [ -90.510487, 38.606564 ], [ -90.529034, 38.604566 ], [ -90.529263, 38.593002 ], [ -90.519847, 38.593035 ], [ -90.519971, 38.588108 ], [ -90.529322, 38.586315 ], [ -90.529601, 38.577064 ], [ -90.524864, 38.5754 ], [ -90.525088, 38.56838 ], [ -90.529189, 38.567857 ], [ -90.530156, 38.563525 ], [ -90.530061, 38.548898 ], [ -90.536878, 38.548022 ], [ -90.541175, 38.552267 ], [ -90.550039, 38.554029 ], [ -90.548371, 38.56763 ], [ -90.55308, 38.567541 ], [ -90.553033, 38.562323 ], [ -90.556025, 38.560272 ], [ -90.583104, 38.575297 ], [ -90.585074, 38.579023 ], [ -90.576642, 38.578987 ], [ -90.575884, 38.586399 ], [ -90.567114, 38.586391 ], [ -90.56475, 38.585707 ], [ -90.567076, 38.582973 ], [ -90.562408, 38.582646 ], [ -90.558454, 38.592702 ], [ -90.571053, 38.592753 ], [ -90.571096, 38.607622 ], [ -90.580832, 38.604702 ], [ -90.580799, 38.608444 ], [ -90.575833, 38.607877 ], [ -90.57401, 38.612267 ], [ -90.585564, 38.614997 ] ] ] } },
{ "type": "Feature", "properties": { "district": "027", "name": "State House District 27" }, "geometry": { "type": "Polygon", "coordinates": [ [ [ -94.582978, 39.029142 ], [ -94.578093, 39.054518 ], [ -94.572228, 39.054322 ], [ -94.569655, 39.041563 ], [ -94.562533, 39.043609 ], [ -94.554348, 39.041103 ], [ -94.552863, 39.026452 ], [ -94.541361, 39.026059 ], [ -94.540753, 39.036167 ], [ -94.516751, 39.034464 ], [ -94.516756, 39.039134 ], [ -94.490163, 39.038873 ], [ -94.490288, 39.031444 ], [ -94.485815, 39.031253 ], [ -94.48591, 39.027802 ], [ -94.482124, 39.026636 ], [ -94.482757, 38.983173 ], [ -94.485182, 38.980658 ], [ -94.505423, 38.982388 ], [ -94.502313, 38.986101 ], [ -94.502601, 38.99552 ], [ -94.514517, 38.993643 ], [ -94.518821, 38.996344 ], [ -94.5219, 38.993929 ], [ -94.54116, 38.998258 ], [ -94.579913, 38.999018 ], [ -94.578445, 39.027347 ], [ -94.582978, 39.029142 ] ] ] } },
{ "type": "Feature", "properties": { "district": "108", "name": "State House District 108" }, "geometry": { "type": "Polygon", "coordinates": [ [ [ -90.82745, 38.788157 ], [ -90.817962, 38.789781 ], [ -90.821854, 38.79598 ], [ -90.816674, 38.795949 ], [ -90.816614, 38.803434 ], [ -90.808242, 38.805388 ], [ -90.752175, 38.803619 ], [ -90.752216, 38.801257 ], [ -90.745259, 38.801213 ], [ -90.747407, 38.787208 ], [ -90.742906, 38.784007 ], [ -90.741938, 38.778761 ], [ -90.737475, 38.778717 ], [ -90.73755, 38.77317 ], [ -90.724597, 38.774537 ], [ -90.727383, 38.772731 ], [ -90.720044, 38.76848 ], [ -90.718537, 38.770961 ], [ -90.70809, 38.766874 ], [ -90.711799, 38.762413 ], [ -90.710284, 38.758464 ], [ -90.731999, 38.765557 ], [ -90.754056, 38.766011 ], [ -90.757037, 38.752661 ], [ -90.76836, 38.76397 ], [ -90.765678, 38.752121 ], [ -90.77115, 38.75148 ], [ -90.766225, 38.747446 ], [ -90.771209, 38.748036 ], [ -90.770979, 38.741976 ], [ -90.779456, 38.741105 ], [ -90.78254, 38.74524 ], [ -90.79286, 38.741224 ], [ -90.800552, 38.744376 ], [ -90.804389, 38.742226 ], [ -90.815817, 38.747913 ], [ -90.81463, 38.759992 ], [ -90.822265, 38.76146 ], [ -90.82222, 38.76645 ], [ -90.817224, 38.763673 ], [ -90.816856, 38.775182 ], [ -90.824322, 38.775231 ], [ -90.82696, 38.78171 ], [ -90.818161, 38.780594 ], [ -90.816149, 38.785469 ], [ -90.82745, 38.788157 ] ] ] } },
{ "type": "Feature", "properties": { "district": "066", "name": "State House District 66" }, "geometry": { "type": "Polygon", "coordinates": [ [ [ -90.260604, 38.77086 ], [ -90.23874, 38.772352 ], [ -90.236768, 38.779129 ], [ -90.218969, 38.778277 ], [ -90.216846, 38.785666 ], [ -90.225526, 38.785687 ], [ -90.225512, 38.788239 ], [ -90.220387, 38.797286 ], [ -90.215471, 38.799722 ], [ -90.217737, 38.807704 ], [ -90.223284, 38.807712 ], [ -90.223098, 38.812678 ], [ -90.228045, 38.811469 ], [ -90.230814, 38.816546 ], [ -90.237758, 38.836766 ], [ -90.235633, 38.842278 ], [ -90.1867, 38.817998 ], [ -90.176508, 38.8188 ], [ -90.155165, 38.829826 ], [ -90.13855, 38.828622 ], [ -90.12461, 38.819858 ], [ -90.117707, 38.805748 ], [ -90.132434, 38.790929 ], [ -90.166717, 38.772272 ], [ -90.184184, 38.774288 ], [ -90.186402, 38.761546 ], [ -90.197418, 38.749242 ], [ -90.221779, 38.730134 ], [ -90.239724, 38.723607 ], [ -90.240834, 38.730961 ], [ -90.236322, 38.750947 ], [ -90.25041, 38.755283 ], [ -90.250415, 38.762433 ], [ -90.255731, 38.75897 ], [ -90.260604, 38.77086 ] ] ] } },
{ "type": "Feature", "properties": { "district": "011", "name": "State House District 11" }, "geometry": { "type": "Polygon", "coordinates": [ [ [ -94.991961, 39.661652 ], [ -94.991829, 39.676778 ], [ -94.978661, 39.679994 ], [ -94.970357, 39.687914 ], [ -94.968453, 39.707402 ], [ -94.970934, 39.730665 ], [ -94.95813, 39.744261 ], [ -94.951158, 39.745897 ], [ -94.941804, 39.743367 ], [ -94.909244, 39.725584 ], [ -94.899316, 39.724042 ], [ -94.884143, 39.726794 ], [ -94.86774, 39.736042 ], [ -94.860579, 39.748817 ], [ -94.856101, 39.745662 ], [ -94.824602, 39.74769 ], [ -94.8247, 39.761933 ], [ -94.817702, 39.75896 ], [ -94.806026, 39.761691 ], [ -94.806159, 39.788049 ], [ -94.810512, 39.792081 ], [ -94.796096, 39.792136 ], [ -94.80548, 39.821321 ], [ -94.767749, 39.821276 ], [ -94.767794, 39.807038 ], [ -94.758109, 39.80706 ], [ -94.756768, 39.755418 ], [ -94.748035, 39.755432 ], [ -94.745105, 39.748377 ], [ -94.759145, 39.748535 ], [ -94.758978, 39.719009 ], [ -94.824515, 39.719132 ], [ -94.824503, 39.704673 ], [ -94.767894, 39.704604 ], [ -94.76781, 39.68635 ], [ -94.771547, 39.68481 ], [ -94.772653, 39.689787 ], [ -94.776831, 39.689789 ], [ -94.776953, 39.69715 ], [ -94.787813, 39.69693 ], [ -94.787327, 39.675234 ], [ -94.781391, 39.675305 ], [ -94.781337, 39.68176 ], [ -94.777492, 39.681826 ], [ -94.776858, 39.67538 ], [ -94.76772, 39.67553 ], [ -94.76826, 39.617268 ], [ -94.880515, 39.61783 ], [ -94.88014, 39.661375 ], [ -94.9212, 39.661681 ], [ -94.936079, 39.654388 ], [ -94.936052, 39.661686 ], [ -94.991961, 39.661652 ] ] ] } },
{ "type": "Feature", "properties": { "district": "053", "name": "State House District 53" }, "geometry": { "type": "Polygon", "coordinates": [ [ [ -94.212464, 39.208453 ], [ -94.210642, 39.454682 ], [ -94.200854, 39.458727 ], [ -94.200444, 39.46882 ], [ -94.198239, 39.469223 ], [ -94.181847, 39.46909 ], [ -94.181836, 39.465394 ], [ -94.153846, 39.465146 ], [ -94.153969, 39.45435 ], [ -94.097465, 39.453732 ], [ -94.097442, 39.457546 ], [ -94.085069, 39.459364 ], [ -94.079776, 39.46415 ], [ -94.060431, 39.463875 ], [ -94.058534, 39.402034 ], [ -94.039757, 39.401975 ], [ -94.039781, 39.39459 ], [ -94.021374, 39.394328 ], [ -94.02117, 39.379755 ], [ -93.988605, 39.379246 ], [ -93.984241, 39.36856 ], [ -93.97739, 39.370645 ], [ -93.95596, 39.368576 ], [ -93.955447, 39.374119 ], [ -93.94643, 39.372347 ], [ -93.946334, 39.365002 ], [ -93.927451, 39.365387 ], [ -93.927146, 39.350708 ], [ -93.890767, 39.351314 ], [ -93.889636, 39.344957 ], [ -93.884959, 39.34446 ], [ -93.884849, 39.332454 ], [ -93.889857, 39.332462 ], [ -93.88996, 39.294155 ], [ -93.861197, 39.293793 ], [ -93.861415, 39.275335 ], [ -93.87145, 39.257498 ], [ -93.856357, 39.257953 ], [ -93.851357, 39.261634 ], [ -93.82356, 39.261633 ], [ -93.82351, 39.264963 ], [ -93.816457, 39.264817 ], [ -93.800848, 39.253772 ], [ -93.782752, 39.25342 ], [ -93.782268, 39.249775 ], [ -93.758881, 39.249782 ], [ -93.758463, 39.207021 ], [ -93.738956, 39.209655 ], [ -93.70781, 39.206895 ], [ -93.696968, 39.211874 ], [ -93.683496, 39.230051 ], [ -93.658009, 39.238478 ], [ -93.658421, 39.221478 ], [ -93.663549, 39.221545 ], [ -93.663959, 39.214447 ], [ -93.669388, 39.214499 ], [ -93.674204, 39.210477 ], [ -93.635172, 39.209857 ], [ -93.637859, 39.166504 ], [ -93.738444, 39.167988 ], [ -93.744244, 39.158035 ], [ -93.750168, 39.155044 ], [ -93.745198, 39.151877 ], [ -93.749439, 39.152539 ], [ -93.751927, 39.148311 ], [ -93.752985, 39.135813 ], [ -93.755494, 39.135785 ], [ -93.755598, 39.131562 ], [ -93.761901, 39.129917 ], [ -93.761562, 39.12605 ], [ -93.766081, 39.122427 ], [ -93.763482, 39.118713 ], [ -93.765688, 39.119142 ], [ -93.764804, 39.113182 ], [ -93.770193, 39.108218 ], [ -93.767333, 39.10264 ], [ -93.770758, 39.100932 ], [ -93.770598, 39.097834 ], [ -93.766196, 39.096275 ], [ -93.771357, 39.093292 ], [ -93.768744, 39.091095 ], [ -93.77107, 39.090638 ], [ -93.771188, 39.081769 ], [ -93.828831, 39.085605 ], [ -93.828851, 39.083196 ], [ -93.902908, 39.085646 ], [ -93.904767, 39.042029 ], [ -93.918605, 39.042642 ], [ -93.919704, 39.057219 ], [ -93.922586, 39.057317 ], [ -93.923448, 39.042791 ], [ -93.939982, 39.043421 ], [ -93.945099, 38.956253 ], [ -94.016482, 38.958176 ], [ -94.016654, 38.96182 ], [ -94.024238, 38.962028 ], [ -94.024693, 38.953086 ], [ -94.029551, 38.951106 ], [ -94.03093, 38.92231 ], [ -94.035413, 38.921702 ], [ -94.03594, 38.915144 ], [ -94.114175, 38.917304 ], [ -94.104823, 39.143507 ], [ -94.133664, 39.171239 ], [ -94.18584, 39.18103 ], [ -94.185056, 39.189285 ], [ -94.170239, 39.204486 ], [ -94.171519, 39.21295 ], [ -94.184703, 39.214293 ], [ -94.204916, 39.206531 ], [ -94.212464, 39.208453 ] ] ] } },
{ "type": "Feature", "properties": { "district": "142", "name": "State House District 142" }, "geometry": { "type": "Polygon", "coordinates": [ [ [ -93.191373, 37.730223 ], [ -93.182648, 37.904232 ], [ -93.072447, 37.902627 ], [ -93.064554, 38.077134 ], [ -92.877677, 38.07123 ], [ -92.866749, 38.076477 ], [ -92.864455, 38.074782 ], [ -92.865917, 38.068731 ], [ -92.854166, 38.067066 ], [ -92.866622, 38.059444 ], [ -92.868315, 38.027411 ], [ -92.8871, 38.02839 ], [ -92.88757, 38.013596 ], [ -92.868376, 38.014065 ], [ -92.868332, 38.018055 ], [ -92.854288, 38.013985 ], [ -92.852096, 38.001249 ], [ -92.833418, 37.992076 ], [ -92.799386, 37.994962 ], [ -92.794007, 37.991843 ], [ -92.793695, 37.982587 ], [ -92.757504, 37.981939 ], [ -92.761468, 37.894525 ], [ -92.855384, 37.895736 ], [ -92.858586, 37.764959 ], [ -92.803731, 37.764179 ], [ -92.804388, 37.732696 ], [ -92.795193, 37.730001 ], [ -92.795219, 37.720334 ], [ -92.745398, 37.719174 ], [ -92.743942, 37.692779 ], [ -92.686235, 37.694999 ], [ -92.695382, 37.699851 ], [ -92.695548, 37.706319 ], [ -92.672617, 37.709677 ], [ -92.672688, 37.717737 ], [ -92.663826, 37.717683 ], [ -92.663627, 37.710147 ], [ -92.659203, 37.710119 ], [ -92.6594, 37.706225 ], [ -92.65, 37.706243 ], [ -92.656077, 37.695711 ], [ -92.638811, 37.694974 ], [ -92.631329, 37.698792 ], [ -92.631728, 37.679834 ], [ -92.626719, 37.678932 ], [ -92.629684, 37.675555 ], [ -92.626351, 37.673228 ], [ -92.631683, 37.671786 ], [ -92.631997, 37.668341 ], [ -92.631486, 37.664619 ], [ -92.62647, 37.66308 ], [ -92.631367, 37.662385 ], [ -92.631239, 37.649818 ], [ -92.635791, 37.647154 ], [ -92.62231, 37.646245 ], [ -92.62234, 37.643086 ], [ -92.631216, 37.643084 ], [ -92.63128, 37.63998 ], [ -92.638488, 37.64192 ], [ -92.639337, 37.636613 ], [ -92.644662, 37.634394 ], [ -92.656675, 37.636489 ], [ -92.656802, 37.633425 ], [ -92.661218, 37.633491 ], [ -92.661132, 37.63656 ], [ -92.665419, 37.63663 ], [ -92.663375, 37.630467 ], [ -92.667771, 37.630543 ], [ -92.667966, 37.625921 ], [ -92.675666, 37.62607 ], [ -92.67725, 37.629776 ], [ -92.671752, 37.629763 ], [ -92.671712, 37.633919 ], [ -92.66786, 37.633886 ], [ -92.667847, 37.636671 ], [ -92.676786, 37.636808 ], [ -92.676592, 37.644276 ], [ -92.681111, 37.644282 ], [ -92.681109, 37.63906 ], [ -92.686164, 37.640906 ], [ -92.686147, 37.626563 ], [ -92.69525, 37.615721 ], [ -92.704624, 37.615873 ], [ -92.70471, 37.612347 ], [ -92.73219, 37.612746 ], [ -92.732149, 37.608776 ], [ -92.737526, 37.60881 ], [ -92.737547, 37.605574 ], [ -92.77948, 37.605812 ], [ -92.779611, 37.61336 ], [ -92.769967, 37.613227 ], [ -92.76991, 37.616583 ], [ -92.774874, 37.616591 ], [ -92.775007, 37.620588 ], [ -92.784307, 37.620661 ], [ -92.784325, 37.624315 ], [ -92.788962, 37.624356 ], [ -92.78901, 37.627617 ], [ -92.800801, 37.624176 ], [ -92.801158, 37.619579 ], [ -92.807697, 37.613797 ], [ -92.84977, 37.614471 ], [ -92.853481, 37.48397 ], [ -93.071584, 37.487444 ], [ -93.07338, 37.414989 ], [ -93.182489, 37.417204 ], [ -93.173183, 37.72966 ], [ -93.191373, 37.730223 ] ] ] } },
{ "type": "Feature", "properties": { "district": "055", "name": "State House District 55" }, "geometry": { "type": "Polygon", "coordinates": [ [ [ -94.478156, 38.753622 ], [ -94.477243, 38.768368 ], [ -94.473823, 38.768221 ], [ -94.473387, 38.757238 ], [ -94.464001, 38.758677 ], [ -94.463569, 38.767835 ], [ -94.470432, 38.768082 ], [ -94.467237, 38.782681 ], [ -94.47638, 38.783024 ], [ -94.475874, 38.790194 ], [ -94.457823, 38.789589 ], [ -94.456971, 38.804171 ], [ -94.438803, 38.803663 ], [ -94.437675, 38.826557 ], [ -94.446837, 38.82595 ], [ -94.446352, 38.833094 ], [ -94.441836, 38.832996 ], [ -94.441401, 38.839943 ], [ -94.119096, 38.833167 ], [ -94.129372, 38.655862 ], [ -94.116408, 38.655518 ], [ -94.118194, 38.603762 ], [ -94.146381, 38.604388 ], [ -94.146303, 38.601584 ], [ -94.155389, 38.601569 ], [ -94.155574, 38.60589 ], [ -94.170185, 38.6059 ], [ -94.169595, 38.620675 ], [ -94.172749, 38.620747 ], [ -94.17266, 38.62393 ], [ -94.200754, 38.624762 ], [ -94.200905, 38.619914 ], [ -94.20981, 38.619873 ], [ -94.20962, 38.624949 ], [ -94.227664, 38.624518 ], [ -94.227332, 38.643953 ], [ -94.328745, 38.646037 ], [ -94.329087, 38.638893 ], [ -94.324495, 38.63876 ], [ -94.324604, 38.631513 ], [ -94.333868, 38.631726 ], [ -94.333783, 38.633984 ], [ -94.338422, 38.634083 ], [ -94.338228, 38.639069 ], [ -94.342834, 38.639175 ], [ -94.338504, 38.631818 ], [ -94.341685, 38.602886 ], [ -94.353043, 38.603021 ], [ -94.34968, 38.605085 ], [ -94.361983, 38.607023 ], [ -94.363366, 38.62887 ], [ -94.3663, 38.62892 ], [ -94.366548, 38.621652 ], [ -94.371189, 38.621793 ], [ -94.371338, 38.618171 ], [ -94.389695, 38.61851 ], [ -94.389216, 38.633149 ], [ -94.370813, 38.632661 ], [ -94.370343, 38.643534 ], [ -94.379586, 38.643836 ], [ -94.37, 38.651084 ], [ -94.369707, 38.658191 ], [ -94.379344, 38.654787 ], [ -94.376833, 38.660515 ], [ -94.379705, 38.663468 ], [ -94.403311, 38.664392 ], [ -94.402556, 38.667078 ], [ -94.407189, 38.669237 ], [ -94.406733, 38.678899 ], [ -94.402116, 38.678767 ], [ -94.401624, 38.693307 ], [ -94.410046, 38.698014 ], [ -94.410363, 38.693562 ], [ -94.424614, 38.694202 ], [ -94.424868, 38.687227 ], [ -94.42674, 38.698595 ], [ -94.432766, 38.700927 ], [ -94.43227, 38.710426 ], [ -94.437371, 38.712944 ], [ -94.436281, 38.716611 ], [ -94.44529, 38.716949 ], [ -94.439881, 38.720948 ], [ -94.439905, 38.724183 ], [ -94.443327, 38.724767 ], [ -94.441382, 38.743258 ], [ -94.44898, 38.740028 ], [ -94.449302, 38.749618 ], [ -94.455846, 38.749683 ], [ -94.455785, 38.7529 ], [ -94.459576, 38.753033 ], [ -94.45996, 38.746591 ], [ -94.471203, 38.746391 ], [ -94.471165, 38.741032 ], [ -94.478156, 38.753622 ] ] ] } },
{ "type": "Feature", "properties": { "district": "024", "name": "State House District 24" }, "geometry": { "type": "Polygon", "coordinates": [ [ [ -94.607396, 39.042993 ], [ -94.607334, 39.072431 ], [ -94.594482, 39.071405 ], [ -94.590767, 39.091814 ], [ -94.592816, 39.104886 ], [ -94.577078, 39.106682 ], [ -94.578731, 39.095994 ], [ -94.571438, 39.096187 ], [ -94.569438, 39.084914 ], [ -94.573653, 39.077829 ], [ -94.569739, 39.07606 ], [ -94.568682, 39.055965 ], [ -94.579365, 39.052769 ], [ -94.578695, 39.041936 ], [ -94.607396, 39.042993 ] ] ] } },
{ "type": "Feature", "properties": { "district": "103", "name": "State House District 103" }, "geometry": { "type": "Polygon", "coordinates": [ [ [ -90.75221, 38.80128 ], [ -90.752174, 38.803454 ], [ -90.7001, 38.80232 ], [ -90.69985, 38.8169 ], [ -90.69071, 38.81831 ], [ -90.687904, 38.825462 ], [ -90.6639, 38.82517 ], [ -90.64891, 38.81055 ], [ -90.653322, 38.799616 ], [ -90.655942, 38.802002 ], [ -90.676269, 38.802546 ], [ -90.670961, 38.79637 ], [ -90.673164, 38.795658 ], [ -90.67199, 38.78701 ], [ -90.67815, 38.77787 ], [ -90.676582, 38.766663 ], [ -90.673713, 38.76619 ], [ -90.676591, 38.765122 ], [ -90.685992, 38.76525 ], [ -90.690549, 38.772667 ], [ -90.700017, 38.772817 ], [ -90.700079, 38.768552 ], [ -90.706408, 38.768704 ], [ -90.710351, 38.773055 ], [ -90.7088, 38.778276 ], [ -90.72054, 38.77848 ], [ -90.72208, 38.77785 ], [ -90.72492, 38.774 ], [ -90.72547, 38.77354 ], [ -90.72637, 38.7732 ], [ -90.724597, 38.774537 ], [ -90.73755, 38.77317 ], [ -90.737475, 38.778717 ], [ -90.741938, 38.778761 ], [ -90.742906, 38.784007 ], [ -90.747407, 38.787208 ], [ -90.745259, 38.801213 ], [ -90.75221, 38.80128 ] ] ] } },
{ "type": "Feature", "properties": { "district": "157", "name": "State House District 157" }, "geometry": { "type": "Polygon", "coordinates": [ [ [ -94.062818, 36.933714 ], [ -94.052313, 37.290078 ], [ -93.605095, 37.281482 ], [ -93.611003, 36.922831 ], [ -94.062818, 36.933714 ] ] ] } },
{ "type": "Feature", "properties": { "district": "098", "name": "State House District 98" }, "geometry": { "type": "Polygon", "coordinates": [ [ [ -90.530353, 38.548743 ], [ -90.530156, 38.563525 ], [ -90.529189, 38.567857 ], [ -90.525088, 38.56838 ], [ -90.524866, 38.575302 ], [ -90.529601, 38.577064 ], [ -90.529322, 38.586315 ], [ -90.519971, 38.588108 ], [ -90.519847, 38.593035 ], [ -90.529263, 38.593002 ], [ -90.529034, 38.604566 ], [ -90.515239, 38.604451 ], [ -90.512822, 38.606832 ], [ -90.510171, 38.604441 ], [ -90.51034, 38.607553 ], [ -90.504652, 38.610483 ], [ -90.500771, 38.605947 ], [ -90.495088, 38.605148 ], [ -90.491132, 38.595449 ], [ -90.488046, 38.596395 ], [ -90.487051, 38.581618 ], [ -90.478397, 38.580976 ], [ -90.470338, 38.575579 ], [ -90.474205, 38.570936 ], [ -90.470027, 38.57042 ], [ -90.473003, 38.558744 ], [ -90.46335, 38.560276 ], [ -90.460246, 38.553545 ], [ -90.476507, 38.546149 ], [ -90.490476, 38.54613 ], [ -90.494395, 38.533043 ], [ -90.488531, 38.526426 ], [ -90.479845, 38.524348 ], [ -90.489075, 38.521772 ], [ -90.5117, 38.523546 ], [ -90.512725, 38.529502 ], [ -90.5154, 38.530064 ], [ -90.511179, 38.538916 ], [ -90.514032, 38.546272 ], [ -90.530353, 38.548743 ] ] ] } },
{ "type": "Feature", "properties": { "district": "124", "name": "State House District 124" }, "geometry": { "type": "Polygon", "coordinates": [ [ [ -92.69583, 38.223372 ], [ -92.689834, 38.348472 ], [ -92.633756, 38.348082 ], [ -92.63019, 38.430958 ], [ -92.403484, 38.425331 ], [ -92.408407, 38.341344 ], [ -92.358298, 38.338789 ], [ -92.361291, 38.32595 ], [ -92.365304, 38.322197 ], [ -92.358149, 38.310761 ], [ -92.357774, 38.295171 ], [ -92.373375, 38.293491 ], [ -92.388616, 38.283686 ], [ -92.385416, 38.280695 ], [ -92.400647, 38.281381 ], [ -92.400837, 38.272826 ], [ -92.385651, 38.276436 ], [ -92.389068, 38.255716 ], [ -92.38682, 38.252651 ], [ -92.378415, 38.252338 ], [ -92.379308, 38.222656 ], [ -92.361403, 38.222022 ], [ -92.362096, 38.207719 ], [ -92.357085, 38.207593 ], [ -92.358343, 38.19297 ], [ -92.339373, 38.1924 ], [ -92.339506, 38.185499 ], [ -92.326298, 38.184807 ], [ -92.325652, 38.191227 ], [ -92.330198, 38.192172 ], [ -92.329891, 38.197484 ], [ -92.34349, 38.195621 ], [ -92.343241, 38.207249 ], [ -92.324687, 38.206594 ], [ -92.324913, 38.202805 ], [ -92.310972, 38.202442 ], [ -92.311014, 38.198881 ], [ -92.306356, 38.198744 ], [ -92.306594, 38.19251 ], [ -92.288999, 38.193284 ], [ -92.288289, 38.205744 ], [ -92.270418, 38.205606 ], [ -92.270874, 38.191078 ], [ -92.252428, 38.190714 ], [ -92.252073, 38.205367 ], [ -92.215683, 38.205039 ], [ -92.216075, 38.190544 ], [ -92.19735, 38.189318 ], [ -92.197773, 38.161538 ], [ -92.181372, 38.161238 ], [ -92.18537, 38.015138 ], [ -92.021165, 38.010639 ], [ -92.021692, 37.939681 ], [ -92.032194, 37.949517 ], [ -92.041252, 37.941164 ], [ -92.07534, 37.941382 ], [ -92.081006, 37.933012 ], [ -92.08113, 37.910193 ], [ -92.075678, 37.908614 ], [ -92.083394, 37.899687 ], [ -92.092228, 37.902062 ], [ -92.095073, 37.893849 ], [ -92.111033, 37.882936 ], [ -92.163231, 37.8851 ], [ -92.156847, 37.873443 ], [ -92.160473, 37.86316 ], [ -92.171371, 37.863275 ], [ -92.203233, 37.877087 ], [ -92.214596, 37.876876 ], [ -92.195959, 37.844303 ], [ -92.196257, 37.834516 ], [ -92.208503, 37.834407 ], [ -92.208137, 37.845059 ], [ -92.211897, 37.846759 ], [ -92.217664, 37.843136 ], [ -92.22671, 37.843305 ], [ -92.232357, 37.847574 ], [ -92.240391, 37.842614 ], [ -92.235866, 37.84248 ], [ -92.236008, 37.831471 ], [ -92.222073, 37.831082 ], [ -92.22715, 37.827496 ], [ -92.227271, 37.820185 ], [ -92.242871, 37.820443 ], [ -92.242495, 37.813646 ], [ -92.255397, 37.820695 ], [ -92.273263, 37.817866 ], [ -92.273562, 37.807666 ], [ -92.264369, 37.807626 ], [ -92.264428, 37.802079 ], [ -92.260668, 37.802014 ], [ -92.260937, 37.79913 ], [ -92.24204, 37.798685 ], [ -92.244662, 37.793292 ], [ -92.239649, 37.793902 ], [ -92.240214, 37.787526 ], [ -92.236581, 37.787576 ], [ -92.236791, 37.783877 ], [ -92.246852, 37.782793 ], [ -92.246918, 37.769587 ], [ -92.236725, 37.769411 ], [ -92.23675, 37.755072 ], [ -92.243608, 37.755112 ], [ -92.243636, 37.746837 ], [ -92.237141, 37.746881 ], [ -92.23744, 37.734349 ], [ -92.231308, 37.736146 ], [ -92.229778, 37.730923 ], [ -92.224153, 37.730997 ], [ -92.224137, 37.733632 ], [ -92.215945, 37.7313 ], [ -92.216117, 37.725209 ], [ -92.225375, 37.721716 ], [ -92.225626, 37.714447 ], [ -92.23018, 37.714496 ], [ -92.2303, 37.710871 ], [ -92.235025, 37.70984 ], [ -92.237267, 37.702552 ], [ -92.236183, 37.692416 ], [ -92.239585, 37.691162 ], [ -92.23964, 37.685991 ], [ -92.230926, 37.684176 ], [ -92.231141, 37.662991 ], [ -92.249106, 37.663018 ], [ -92.248937, 37.648471 ], [ -92.413669, 37.713941 ], [ -92.406275, 38.021179 ], [ -92.515979, 38.022336 ], [ -92.51558, 38.036936 ], [ -92.533895, 38.037467 ], [ -92.533554, 38.051808 ], [ -92.552381, 38.052145 ], [ -92.552081, 38.066335 ], [ -92.570281, 38.066635 ], [ -92.569682, 38.095934 ], [ -92.587984, 38.096134 ], [ -92.587688, 38.110636 ], [ -92.596761, 38.110754 ], [ -92.596374, 38.139787 ], [ -92.605302, 38.139894 ], [ -92.604684, 38.170733 ], [ -92.641385, 38.171632 ], [ -92.640085, 38.213032 ], [ -92.675586, 38.212831 ], [ -92.69583, 38.223372 ] ] ] } },
{ "type": "Feature", "properties": { "district": "061", "name": "State House District 61" }, "geometry": { "type": "Polygon", "coordinates": [ [ [ -92.400826, 38.273793 ], [ -92.400647, 38.281381 ], [ -92.385416, 38.280695 ], [ -92.388616, 38.283686 ], [ -92.373375, 38.293491 ], [ -92.357774, 38.295171 ], [ -92.358149, 38.310761 ], [ -92.365304, 38.322197 ], [ -92.361291, 38.32595 ], [ -92.358298, 38.338789 ], [ -92.302628, 38.336617 ], [ -92.291679, 38.339334 ], [ -92.250178, 38.322713 ], [ -92.232974, 38.327748 ], [ -92.224678, 38.335733 ], [ -92.194476, 38.335536 ], [ -92.193178, 38.370835 ], [ -92.180589, 38.378474 ], [ -92.160577, 38.377036 ], [ -92.13532, 38.383821 ], [ -92.121777, 38.391337 ], [ -92.114977, 38.401937 ], [ -92.121578, 38.417336 ], [ -92.149291, 38.431152 ], [ -92.157671, 38.439044 ], [ -92.168883, 38.466812 ], [ -92.167357, 38.469687 ], [ -92.159612, 38.473682 ], [ -92.147333, 38.474086 ], [ -92.12764, 38.460861 ], [ -92.110415, 38.457376 ], [ -92.073712, 38.466724 ], [ -92.043489, 38.466479 ], [ -92.023062, 38.474622 ], [ -92.012573, 38.484146 ], [ -92.008298, 38.497119 ], [ -92.027094, 38.528713 ], [ -92.028914, 38.538104 ], [ -92.024875, 38.553627 ], [ -92.018912, 38.558954 ], [ -92.0035, 38.56026 ], [ -92.008983, 38.5709 ], [ -91.986234, 38.58538 ], [ -91.973021, 38.591246 ], [ -91.943936, 38.597075 ], [ -91.893749, 38.634087 ], [ -91.881916, 38.652713 ], [ -91.869489, 38.66394 ], [ -91.814436, 38.681835 ], [ -91.760234, 38.685 ], [ -91.732286, 38.705891 ], [ -91.702039, 38.70777 ], [ -91.665498, 38.701983 ], [ -91.647171, 38.703396 ], [ -91.629598, 39.147853 ], [ -91.484936, 39.144857 ], [ -91.485654, 39.069832 ], [ -91.39209, 39.067465 ], [ -91.392637, 39.00736 ], [ -91.411371, 39.00766 ], [ -91.418637, 38.709778 ], [ -91.395134, 38.70799 ], [ -91.369192, 38.699324 ], [ -91.365436, 38.33147 ], [ -91.367482, 38.209741 ], [ -91.535332, 38.210974 ], [ -91.534384, 38.152593 ], [ -91.644893, 38.153679 ], [ -91.644729, 38.28851 ], [ -91.757318, 38.28872 ], [ -91.775346, 38.292044 ], [ -91.86312, 38.29361 ], [ -91.883986, 38.289898 ], [ -92.010452, 38.28814 ], [ -92.195675, 38.292237 ], [ -92.19735, 38.189318 ], [ -92.216075, 38.190544 ], [ -92.215683, 38.205039 ], [ -92.252073, 38.205367 ], [ -92.252428, 38.190714 ], [ -92.270874, 38.191078 ], [ -92.270418, 38.205606 ], [ -92.288289, 38.205744 ], [ -92.288999, 38.193284 ], [ -92.306594, 38.19251 ], [ -92.306356, 38.198744 ], [ -92.311014, 38.198881 ], [ -92.310972, 38.202442 ], [ -92.324913, 38.202805 ], [ -92.324687, 38.206594 ], [ -92.343241, 38.207249 ], [ -92.34349, 38.195621 ], [ -92.329891, 38.197484 ], [ -92.330198, 38.192172 ], [ -92.325652, 38.191227 ], [ -92.326298, 38.184807 ], [ -92.339101, 38.185459 ], [ -92.339373, 38.1924 ], [ -92.358343, 38.19297 ], [ -92.357085, 38.207593 ], [ -92.362096, 38.207719 ], [ -92.361403, 38.222022 ], [ -92.379308, 38.222656 ], [ -92.378415, 38.252338 ], [ -92.38682, 38.252651 ], [ -92.389068, 38.255716 ], [ -92.385651, 38.276436 ], [ -92.400826, 38.273793 ] ] ] } },
{ "type": "Feature", "properties": { "district": "013", "name": "State House District 13" }, "geometry": { "type": "Polygon", "coordinates": [ [ [ -95.113605, 39.554877 ], [ -95.107474, 39.573743 ], [ -95.101286, 39.578802 ], [ -95.089515, 39.581028 ], [ -95.069315, 39.576218 ], [ -95.054782, 39.582532 ], [ -95.046361, 39.599557 ], [ -95.054952, 39.620068 ], [ -95.053367, 39.630347 ], [ -95.027644, 39.665454 ], [ -95.009023, 39.675765 ], [ -94.991829, 39.676778 ], [ -94.991961, 39.661652 ], [ -94.936052, 39.661686 ], [ -94.936079, 39.654388 ], [ -94.9212, 39.661681 ], [ -94.88014, 39.661375 ], [ -94.880515, 39.61783 ], [ -94.76826, 39.617268 ], [ -94.76772, 39.67553 ], [ -94.776858, 39.67538 ], [ -94.777492, 39.681826 ], [ -94.781337, 39.68176 ], [ -94.781391, 39.675305 ], [ -94.787327, 39.675234 ], [ -94.787813, 39.69693 ], [ -94.776953, 39.69715 ], [ -94.776831, 39.689789 ], [ -94.772653, 39.689787 ], [ -94.771547, 39.68481 ], [ -94.76781, 39.68635 ], [ -94.767894, 39.704604 ], [ -94.824503, 39.704673 ], [ -94.824515, 39.719132 ], [ -94.758978, 39.719009 ], [ -94.759145, 39.748535 ], [ -94.745105, 39.748377 ], [ -94.745108, 39.752788 ], [ -94.756768, 39.755418 ], [ -94.758109, 39.80706 ], [ -94.767794, 39.807038 ], [ -94.767686, 39.821025 ], [ -94.60283, 39.819906 ], [ -94.600614, 39.307079 ], [ -94.665307, 39.307283 ], [ -94.672334, 39.310834 ], [ -94.687875, 39.311082 ], [ -94.684595, 39.294574 ], [ -94.660121, 39.257748 ], [ -94.668008, 39.254989 ], [ -94.671443, 39.246908 ], [ -94.701101, 39.246626 ], [ -94.70109, 39.242625 ], [ -94.747925, 39.242988 ], [ -94.747958, 39.254294 ], [ -94.77045, 39.25437 ], [ -94.770918, 39.209882 ], [ -94.766119, 39.208927 ], [ -94.765803, 39.196852 ], [ -94.770739, 39.190756 ], [ -94.776398, 39.20181 ], [ -94.782951, 39.207162 ], [ -94.811543, 39.206906 ], [ -94.831679, 39.215938 ], [ -94.834896, 39.223842 ], [ -94.825663, 39.241729 ], [ -94.831449, 39.256291 ], [ -94.84632, 39.268481 ], [ -94.884093, 39.284512 ], [ -94.900678, 39.301874 ], [ -94.906762, 39.317365 ], [ -94.910321, 39.351295 ], [ -94.902497, 39.360383 ], [ -94.887145, 39.365431 ], [ -94.88136, 39.370383 ], [ -94.879281, 39.37978 ], [ -94.885026, 39.389801 ], [ -94.900132, 39.393333 ], [ -94.922994, 39.384883 ], [ -94.942039, 39.389499 ], [ -94.946227, 39.395648 ], [ -94.947864, 39.408604 ], [ -94.972952, 39.421705 ], [ -94.978798, 39.436241 ], [ -94.984788, 39.442703 ], [ -95.022025, 39.455453 ], [ -95.04078, 39.466387 ], [ -95.047671, 39.477536 ], [ -95.052177, 39.499996 ], [ -95.0593, 39.506473 ], [ -95.082714, 39.516712 ], [ -95.101302, 39.531668 ], [ -95.108065, 39.539919 ], [ -95.113605, 39.554877 ] ] ] } },
{ "type": "Feature", "properties": { "district": "087", "name": "State House District 87" }, "geometry": { "type": "Polygon", "coordinates": [ [ [ -90.572083, 38.664488 ], [ -90.572063, 38.683788 ], [ -90.550679, 38.682354 ], [ -90.541729, 38.686209 ], [ -90.533054, 38.695266 ], [ -90.530841, 38.709006 ], [ -90.534543, 38.723731 ], [ -90.532773, 38.72944 ], [ -90.494216, 38.750285 ], [ -90.482299, 38.764348 ], [ -90.450121, 38.752594 ], [ -90.440878, 38.745561 ], [ -90.435906, 38.746515 ], [ -90.439486, 38.742923 ], [ -90.4298, 38.737442 ], [ -90.429254, 38.729038 ], [ -90.42072, 38.729046 ], [ -90.414051, 38.722734 ], [ -90.403224, 38.72192 ], [ -90.404224, 38.718133 ], [ -90.401473, 38.717628 ], [ -90.404779, 38.71102 ], [ -90.401352, 38.709051 ], [ -90.405472, 38.705128 ], [ -90.408846, 38.707623 ], [ -90.408951, 38.693537 ], [ -90.419767, 38.689697 ], [ -90.428817, 38.696092 ], [ -90.432962, 38.692242 ], [ -90.447588, 38.691058 ], [ -90.448375, 38.687848 ], [ -90.450301, 38.692911 ], [ -90.456943, 38.696431 ], [ -90.465516, 38.694655 ], [ -90.47207, 38.699885 ], [ -90.475547, 38.695349 ], [ -90.486032, 38.698659 ], [ -90.494696, 38.691194 ], [ -90.491561, 38.684946 ], [ -90.485595, 38.682235 ], [ -90.492172, 38.676124 ], [ -90.489289, 38.675793 ], [ -90.491034, 38.672544 ], [ -90.49465, 38.67283 ], [ -90.491722, 38.672122 ], [ -90.493862, 38.666685 ], [ -90.500851, 38.667309 ], [ -90.504715, 38.660424 ], [ -90.508058, 38.665347 ], [ -90.506549, 38.680396 ], [ -90.514525, 38.681199 ], [ -90.531753, 38.674774 ], [ -90.536628, 38.667481 ], [ -90.558223, 38.653013 ], [ -90.572083, 38.664488 ] ] ] } },
{ "type": "Feature", "properties": { "district": "123", "name": "State House District 123" }, "geometry": { "type": "Polygon", "coordinates": [ [ [ -93.082087, 38.187819 ], [ -93.077692, 38.263092 ], [ -93.061136, 38.271616 ], [ -93.046306, 38.267757 ], [ -93.016534, 38.244912 ], [ -93.00565, 38.222705 ], [ -92.983795, 38.219228 ], [ -92.985794, 38.210928 ], [ -93.01204, 38.210224 ], [ -93.02, 38.204797 ], [ -93.022399, 38.19915 ], [ -93.01834, 38.193088 ], [ -93.0062, 38.186002 ], [ -92.986555, 38.190761 ], [ -92.975699, 38.203481 ], [ -92.963744, 38.225487 ], [ -92.956898, 38.229508 ], [ -92.937143, 38.224879 ], [ -92.931993, 38.220229 ], [ -92.931993, 38.216229 ], [ -92.935993, 38.210129 ], [ -92.957893, 38.203329 ], [ -92.962994, 38.197229 ], [ -92.764963, 38.189534 ], [ -92.755988, 38.212465 ], [ -92.749044, 38.21756 ], [ -92.734696, 38.221317 ], [ -92.718587, 38.220131 ], [ -92.707187, 38.224031 ], [ -92.688887, 38.220031 ], [ -92.675586, 38.212831 ], [ -92.640085, 38.213032 ], [ -92.641385, 38.171632 ], [ -92.604684, 38.170733 ], [ -92.605302, 38.139894 ], [ -92.596374, 38.139787 ], [ -92.596761, 38.110754 ], [ -92.587688, 38.110636 ], [ -92.587984, 38.096134 ], [ -92.569682, 38.095934 ], [ -92.570281, 38.066635 ], [ -92.552081, 38.066335 ], [ -92.552381, 38.052145 ], [ -92.533554, 38.051808 ], [ -92.533895, 38.037467 ], [ -92.51558, 38.036936 ], [ -92.515979, 38.022336 ], [ -92.406275, 38.021179 ], [ -92.409226, 37.85926 ], [ -92.422236, 37.858704 ], [ -92.42659, 37.851012 ], [ -92.448248, 37.836725 ], [ -92.453469, 37.824627 ], [ -92.480241, 37.829008 ], [ -92.501467, 37.827735 ], [ -92.513509, 37.810932 ], [ -92.517545, 37.810887 ], [ -92.517474, 37.81321 ], [ -92.53121, 37.811373 ], [ -92.539605, 37.802064 ], [ -92.548934, 37.80047 ], [ -92.564338, 37.805838 ], [ -92.56458, 37.812636 ], [ -92.571576, 37.823639 ], [ -92.585376, 37.828038 ], [ -92.589676, 37.834938 ], [ -92.600077, 37.840338 ], [ -92.599177, 37.851838 ], [ -92.608678, 37.856138 ], [ -92.614679, 37.863538 ], [ -92.614378, 37.871537 ], [ -92.618678, 37.873837 ], [ -92.620181, 37.892521 ], [ -92.761468, 37.894525 ], [ -92.757504, 37.981939 ], [ -92.793695, 37.982587 ], [ -92.794007, 37.991843 ], [ -92.799386, 37.994962 ], [ -92.833418, 37.992076 ], [ -92.852096, 38.001249 ], [ -92.854288, 38.013985 ], [ -92.868332, 38.018055 ], [ -92.868376, 38.014065 ], [ -92.88757, 38.013596 ], [ -92.8871, 38.02839 ], [ -92.868315, 38.027411 ], [ -92.866622, 38.059444 ], [ -92.854166, 38.067066 ], [ -92.865917, 38.068731 ], [ -92.864852, 38.075793 ], [ -92.870295, 38.076207 ], [ -92.877677, 38.07123 ], [ -93.064554, 38.077134 ], [ -93.059073, 38.185685 ], [ -93.082087, 38.187819 ] ] ] } },
{ "type": "Feature", "properties": { "district": "161", "name": "State House District 161" }, "geometry": { "type": "Polygon", "coordinates": [ [ [ -94.566636, 37.092323 ], [ -94.566498, 37.095857 ], [ -94.553126, 37.09556 ], [ -94.55285, 37.100384 ], [ -94.535407, 37.09987 ], [ -94.534793, 37.111332 ], [ -94.521605, 37.110678 ], [ -94.520963, 37.113997 ], [ -94.517059, 37.113892 ], [ -94.517075, 37.110658 ], [ -94.513015, 37.109876 ], [ -94.510519, 37.117259 ], [ -94.502326, 37.117159 ], [ -94.501929, 37.127947 ], [ -94.493361, 37.127715 ], [ -94.493557, 37.12402 ], [ -94.466155, 37.123517 ], [ -94.466391, 37.120728 ], [ -94.462025, 37.118925 ], [ -94.475944, 37.11654 ], [ -94.47669, 37.098168 ], [ -94.494806, 37.100898 ], [ -94.494844, 37.0899 ], [ -94.477044, 37.089658 ], [ -94.477275, 37.08421 ], [ -94.468155, 37.084029 ], [ -94.468824, 37.07696 ], [ -94.474224, 37.07526 ], [ -94.468725, 37.074959 ], [ -94.469158, 37.064062 ], [ -94.462822, 37.063888 ], [ -94.463051, 37.054846 ], [ -94.54461, 37.055427 ], [ -94.544296, 37.077281 ], [ -94.555085, 37.077524 ], [ -94.554947, 37.080846 ], [ -94.55831, 37.080885 ], [ -94.557624, 37.091963 ], [ -94.566636, 37.092323 ] ] ] } },
{ "type": "Feature", "properties": { "district": "096", "name": "State House District 96" }, "geometry": { "type": "Polygon", "coordinates": [ [ [ -90.494395, 38.533043 ], [ -90.490476, 38.54613 ], [ -90.475874, 38.546313 ], [ -90.443567, 38.55928 ], [ -90.436059, 38.548467 ], [ -90.430605, 38.548436 ], [ -90.430538, 38.555814 ], [ -90.419021, 38.554984 ], [ -90.418553, 38.559442 ], [ -90.400383, 38.559803 ], [ -90.397504, 38.567835 ], [ -90.391542, 38.567932 ], [ -90.391213, 38.582772 ], [ -90.377255, 38.582642 ], [ -90.377203, 38.573424 ], [ -90.368117, 38.562372 ], [ -90.359161, 38.56485 ], [ -90.349269, 38.559821 ], [ -90.352781, 38.560751 ], [ -90.349947, 38.555192 ], [ -90.353304, 38.551459 ], [ -90.362008, 38.557434 ], [ -90.363648, 38.555758 ], [ -90.360572, 38.549899 ], [ -90.366213, 38.54407 ], [ -90.361375, 38.542595 ], [ -90.361469, 38.525204 ], [ -90.373015, 38.527667 ], [ -90.373056, 38.522052 ], [ -90.380182, 38.522126 ], [ -90.380385, 38.513207 ], [ -90.382738, 38.514805 ], [ -90.389689, 38.506916 ], [ -90.400163, 38.507296 ], [ -90.406432, 38.503573 ], [ -90.405335, 38.500598 ], [ -90.466266, 38.501235 ], [ -90.466177, 38.507977 ], [ -90.462114, 38.508982 ], [ -90.461089, 38.513052 ], [ -90.466357, 38.513653 ], [ -90.466003, 38.516616 ], [ -90.459617, 38.519958 ], [ -90.486778, 38.525611 ], [ -90.494395, 38.533043 ] ] ] } },
{ "type": "Feature", "properties": { "district": "155", "name": "State House District 155" }, "geometry": { "type": "Polygon", "coordinates": [ [ [ -93.584197, 36.500067 ], [ -93.581784, 36.586067 ], [ -93.53997, 36.590474 ], [ -93.540823, 36.596409 ], [ -93.557193, 36.607627 ], [ -93.544916, 36.61644 ], [ -93.53309, 36.614397 ], [ -93.526952, 36.604764 ], [ -93.526273, 36.593482 ], [ -93.521328, 36.581826 ], [ -93.523665, 36.571244 ], [ -93.513394, 36.57189 ], [ -93.508545, 36.575876 ], [ -93.502356, 36.573232 ], [ -93.50417, 36.563622 ], [ -93.478981, 36.565667 ], [ -93.475504, 36.563392 ], [ -93.470953, 36.565581 ], [ -93.472071, 36.569766 ], [ -93.467037, 36.568807 ], [ -93.469567, 36.565897 ], [ -93.465709, 36.564215 ], [ -93.469648, 36.56489 ], [ -93.470063, 36.562903 ], [ -93.462514, 36.563998 ], [ -93.468058, 36.56632 ], [ -93.465394, 36.568503 ], [ -93.465103, 36.576563 ], [ -93.458049, 36.571731 ], [ -93.453823, 36.573799 ], [ -93.443312, 36.565645 ], [ -93.43728, 36.566669 ], [ -93.438788, 36.55603 ], [ -93.435797, 36.549617 ], [ -93.430176, 36.546834 ], [ -93.424204, 36.548869 ], [ -93.423836, 36.552856 ], [ -93.414785, 36.561411 ], [ -93.404628, 36.563595 ], [ -93.407155, 36.566114 ], [ -93.40272, 36.574065 ], [ -93.396179, 36.574185 ], [ -93.402292, 36.572776 ], [ -93.400575, 36.567011 ], [ -93.405132, 36.565345 ], [ -93.400813, 36.564281 ], [ -93.403901, 36.562006 ], [ -93.402275, 36.560001 ], [ -93.409386, 36.560421 ], [ -93.40786, 36.557103 ], [ -93.420248, 36.552389 ], [ -93.416134, 36.552478 ], [ -93.409117, 36.544641 ], [ -93.414726, 36.553103 ], [ -93.400252, 36.55923 ], [ -93.395217, 36.5725 ], [ -93.388617, 36.575247 ], [ -93.373632, 36.571903 ], [ -93.355174, 36.578557 ], [ -93.349041, 36.585768 ], [ -93.351142, 36.610752 ], [ -93.336376, 36.620988 ], [ -93.326615, 36.617824 ], [ -93.320934, 36.608998 ], [ -93.320128, 36.600268 ], [ -93.32409, 36.594509 ], [ -93.324977, 36.583334 ], [ -93.319897, 36.577862 ], [ -93.313208, 36.578381 ], [ -93.313319, 36.572059 ], [ -93.304447, 36.57058 ], [ -93.304583, 36.564767 ], [ -93.295658, 36.564674 ], [ -93.295457, 36.571803 ], [ -93.208756, 36.569866 ], [ -93.212704, 36.57575 ], [ -93.206567, 36.591253 ], [ -93.203832, 36.591186 ], [ -93.203778, 36.598414 ], [ -93.209183, 36.599384 ], [ -93.21044, 36.609326 ], [ -93.20378, 36.609205 ], [ -93.203738, 36.623599 ], [ -93.201541, 36.621772 ], [ -93.197037, 36.62533 ], [ -93.197075, 36.619899 ], [ -93.202696, 36.61991 ], [ -93.199359, 36.61267 ], [ -93.194958, 36.612627 ], [ -93.1948, 36.61988 ], [ -93.185934, 36.623403 ], [ -93.193405, 36.623478 ], [ -93.192579, 36.630718 ], [ -93.199258, 36.630807 ], [ -93.203748, 36.638017 ], [ -93.20941, 36.638102 ], [ -93.210971, 36.642273 ], [ -93.191057, 36.645442 ], [ -93.189655, 36.641807 ], [ -93.164746, 36.641469 ], [ -93.16798, 36.63749 ], [ -93.149988, 36.637333 ], [ -93.147193, 36.647852 ], [ -93.150017, 36.647971 ], [ -93.146281, 36.650952 ], [ -93.14854, 36.651424 ], [ -93.134684, 36.651316 ], [ -93.134912, 36.654843 ], [ -93.144679, 36.658751 ], [ -93.146243, 36.664075 ], [ -93.126919, 36.678643 ], [ -93.130205, 36.693995 ], [ -93.128135, 36.710188 ], [ -93.13496, 36.711285 ], [ -93.149333, 36.703306 ], [ -93.146858, 36.814088 ], [ -92.909336, 36.809178 ], [ -92.903273, 37.070651 ], [ -92.738977, 37.067829 ], [ -92.741991, 36.980471 ], [ -92.524547, 36.976685 ], [ -92.526665, 36.900333 ], [ -92.5105, 36.903022 ], [ -92.500735, 36.908055 ], [ -92.489825, 36.90695 ], [ -92.495659, 36.913536 ], [ -92.489939, 36.916423 ], [ -92.473317, 36.913155 ], [ -92.462313, 36.918349 ], [ -92.441345, 36.910538 ], [ -92.432605, 36.927402 ], [ -92.418427, 36.921834 ], [ -92.416898, 36.974807 ], [ -92.090922, 36.968928 ], [ -92.095982, 36.794011 ], [ -92.112346, 36.794231 ], [ -92.120443, 36.4987 ], [ -93.584197, 36.500067 ] ] ] } },
{ "type": "Feature", "properties": { "district": "045", "name": "State House District 45" }, "geometry": { "type": "Polygon", "coordinates": [ [ [ -92.38972, 38.96267 ], [ -92.38953, 38.96707 ], [ -92.382108, 38.969464 ], [ -92.35971, 38.96447 ], [ -92.30166, 38.96482 ], [ -92.29205, 38.96184 ], [ -92.292268, 38.959412 ], [ -92.28888, 38.96123 ], [ -92.29491, 38.935606 ], [ -92.29382, 38.91286 ], [ -92.31559, 38.91696 ], [ -92.324819, 38.931403 ], [ -92.325787, 38.924302 ], [ -92.343019, 38.928761 ], [ -92.34503, 38.923783 ], [ -92.351721, 38.927117 ], [ -92.361249, 38.926143 ], [ -92.34546, 38.94278 ], [ -92.35297, 38.94485 ], [ -92.35287, 38.95211 ], [ -92.380733, 38.95483 ], [ -92.38101, 38.96087 ], [ -92.38972, 38.96267 ] ] ] } },
{ "type": "Feature", "properties": { "district": "090", "name": "State House District 90" }, "geometry": { "type": "Polygon", "coordinates": [ [ [ -90.474166, 38.570989 ], [ -90.470338, 38.575579 ], [ -90.47409, 38.579183 ], [ -90.469548, 38.581049 ], [ -90.471442, 38.585012 ], [ -90.465981, 38.578472 ], [ -90.46159, 38.579784 ], [ -90.463741, 38.578108 ], [ -90.45929, 38.576896 ], [ -90.459399, 38.572012 ], [ -90.443326, 38.574238 ], [ -90.447297, 38.581794 ], [ -90.443442, 38.584375 ], [ -90.444111, 38.596689 ], [ -90.425261, 38.596465 ], [ -90.425255, 38.606594 ], [ -90.390777, 38.601835 ], [ -90.377828, 38.605301 ], [ -90.377, 38.602435 ], [ -90.372314, 38.602377 ], [ -90.377255, 38.582642 ], [ -90.391213, 38.582772 ], [ -90.391542, 38.567932 ], [ -90.397504, 38.567835 ], [ -90.397851, 38.561208 ], [ -90.418553, 38.559442 ], [ -90.419021, 38.554984 ], [ -90.430538, 38.555814 ], [ -90.430605, 38.548436 ], [ -90.436059, 38.548467 ], [ -90.44289, 38.55917 ], [ -90.460246, 38.553545 ], [ -90.46335, 38.560276 ], [ -90.473003, 38.558744 ], [ -90.470027, 38.57042 ], [ -90.474166, 38.570989 ] ] ] } },
{ "type": "Feature", "properties": { "district": "060", "name": "State House District 60" }, "geometry": { "type": "Polygon", "coordinates": [ [ [ -92.268259, 38.586308 ], [ -92.261893, 38.587188 ], [ -92.262043, 38.593528 ], [ -92.266029, 38.594061 ], [ -92.235325, 38.598131 ], [ -92.234929, 38.603706 ], [ -92.237309, 38.603868 ], [ -92.235196, 38.611287 ], [ -92.237879, 38.614651 ], [ -92.234224, 38.613734 ], [ -92.234025, 38.617634 ], [ -92.218678, 38.613701 ], [ -92.207483, 38.604844 ], [ -92.202491, 38.604949 ], [ -92.169328, 38.58166 ], [ -92.124429, 38.564976 ], [ -92.068099, 38.557412 ], [ -92.037278, 38.562448 ], [ -92.03804, 38.545358 ], [ -92.056056, 38.536173 ], [ -92.085213, 38.532865 ], [ -92.090229, 38.537955 ], [ -92.122411, 38.540098 ], [ -92.122331, 38.543191 ], [ -92.135784, 38.54622 ], [ -92.132389, 38.543637 ], [ -92.165756, 38.545345 ], [ -92.166331, 38.537929 ], [ -92.16964, 38.535804 ], [ -92.164564, 38.524641 ], [ -92.181175, 38.525528 ], [ -92.182414, 38.533365 ], [ -92.195622, 38.536185 ], [ -92.195443, 38.539816 ], [ -92.20492, 38.54019 ], [ -92.200577, 38.532569 ], [ -92.195874, 38.532433 ], [ -92.20547, 38.527446 ], [ -92.210121, 38.52906 ], [ -92.21067, 38.540191 ], [ -92.223511, 38.543759 ], [ -92.231403, 38.581855 ], [ -92.268259, 38.586308 ] ] ] } },
{ "type": "Feature", "properties": { "district": "122", "name": "State House District 122" }, "geometry": { "type": "Polygon", "coordinates": [ [ [ -91.860588, 37.791829 ], [ -91.858956, 37.96448 ], [ -91.796169, 37.963138 ], [ -91.796886, 37.965546 ], [ -91.789274, 37.965651 ], [ -91.789538, 37.968117 ], [ -91.782227, 37.970992 ], [ -91.784089, 37.97671 ], [ -91.778628, 37.973848 ], [ -91.778503, 37.982417 ], [ -91.768214, 37.981937 ], [ -91.773367, 37.989233 ], [ -91.777521, 38.006232 ], [ -91.775177, 38.009804 ], [ -91.775063, 38.052398 ], [ -91.632431, 38.050951 ], [ -91.630554, 38.153519 ], [ -91.525025, 38.152433 ], [ -91.528797, 37.788989 ], [ -91.860588, 37.791829 ] ] ] } },
{ "type": "Feature", "properties": { "district": "129", "name": "State House District 129" }, "geometry": { "type": "Polygon", "coordinates": [ [ [ -93.076777, 37.270236 ], [ -93.071584, 37.487444 ], [ -92.785961, 37.482935 ], [ -92.782509, 37.479717 ], [ -92.783953, 37.46835 ], [ -92.781718, 37.468285 ], [ -92.779706, 37.45376 ], [ -92.766612, 37.453616 ], [ -92.76675, 37.450238 ], [ -92.760134, 37.448777 ], [ -92.749552, 37.452989 ], [ -92.745539, 37.460604 ], [ -92.730893, 37.461974 ], [ -92.719043, 37.46009 ], [ -92.708603, 37.452808 ], [ -92.687207, 37.452334 ], [ -92.692303, 37.263514 ], [ -92.67897, 37.263149 ], [ -92.685867, 37.067051 ], [ -92.903273, 37.070651 ], [ -92.902922, 37.085221 ], [ -93.065274, 37.088694 ], [ -93.061541, 37.269832 ], [ -93.076777, 37.270236 ] ] ] } },
{ "type": "Feature", "properties": { "district": "107", "name": "State House District 107" }, "geometry": { "type": "Polygon", "coordinates": [ [ [ -90.77115, 38.75148 ], [ -90.765678, 38.752121 ], [ -90.76906, 38.76162 ], [ -90.76836, 38.76397 ], [ -90.765776, 38.758785 ], [ -90.75635, 38.75284 ], [ -90.754056, 38.766011 ], [ -90.731999, 38.765557 ], [ -90.710284, 38.758464 ], [ -90.711799, 38.762413 ], [ -90.708257, 38.767563 ], [ -90.718537, 38.770961 ], [ -90.720044, 38.76848 ], [ -90.727383, 38.772731 ], [ -90.72054, 38.77848 ], [ -90.7088, 38.778276 ], [ -90.710351, 38.773055 ], [ -90.705631, 38.768518 ], [ -90.700079, 38.768552 ], [ -90.700017, 38.772817 ], [ -90.690549, 38.772667 ], [ -90.685992, 38.76525 ], [ -90.67305, 38.76554 ], [ -90.674355, 38.762016 ], [ -90.671157, 38.759648 ], [ -90.676622, 38.761443 ], [ -90.67998, 38.758892 ], [ -90.684573, 38.762998 ], [ -90.687966, 38.760107 ], [ -90.682483, 38.751048 ], [ -90.69676, 38.75575 ], [ -90.69773, 38.75448 ], [ -90.69436, 38.75377 ], [ -90.694543, 38.748184 ], [ -90.690279, 38.749836 ], [ -90.685664, 38.74496 ], [ -90.681833, 38.746521 ], [ -90.687135, 38.74269 ], [ -90.690052, 38.746223 ], [ -90.694646, 38.744948 ], [ -90.695, 38.740542 ], [ -90.692237, 38.741251 ], [ -90.68845, 38.73529 ], [ -90.67878, 38.739053 ], [ -90.676936, 38.736108 ], [ -90.682973, 38.731407 ], [ -90.67944, 38.72642 ], [ -90.684051, 38.724605 ], [ -90.687383, 38.729725 ], [ -90.691732, 38.727967 ], [ -90.688393, 38.722859 ], [ -90.692685, 38.720993 ], [ -90.689573, 38.716314 ], [ -90.693944, 38.712642 ], [ -90.720671, 38.719641 ], [ -90.733599, 38.728109 ], [ -90.749159, 38.744235 ], [ -90.763127, 38.742809 ], [ -90.763999, 38.747711 ], [ -90.77115, 38.75148 ] ] ] } },
{ "type": "Feature", "properties": { "district": "093", "name": "State House District 93" }, "geometry": { "type": "Polygon", "coordinates": [ [ [ -90.32595, 38.505927 ], [ -90.299143, 38.523602 ], [ -90.301834, 38.528247 ], [ -90.318789, 38.535822 ], [ -90.31836, 38.543472 ], [ -90.313711, 38.543323 ], [ -90.316044, 38.549184 ], [ -90.306808, 38.550756 ], [ -90.307013, 38.555789 ], [ -90.309943, 38.556316 ], [ -90.297022, 38.562368 ], [ -90.272338, 38.548416 ], [ -90.271035, 38.538681 ], [ -90.266872, 38.534267 ], [ -90.257413, 38.531852 ], [ -90.270538, 38.50154 ], [ -90.287757, 38.506043 ], [ -90.289396, 38.509134 ], [ -90.302, 38.494721 ], [ -90.32595, 38.505927 ] ] ] } },
{ "type": "Feature", "properties": { "district": "017", "name": "State House District 17" }, "geometry": { "type": "Polygon", "coordinates": [ [ [ -94.532354, 39.162473 ], [ -94.531651, 39.176818 ], [ -94.52127, 39.183657 ], [ -94.521182, 39.194382 ], [ -94.53031, 39.195612 ], [ -94.5303, 39.200388 ], [ -94.521052, 39.203974 ], [ -94.518639, 39.267157 ], [ -94.455299, 39.266584 ], [ -94.456207, 39.246089 ], [ -94.469983, 39.223482 ], [ -94.465658, 39.223452 ], [ -94.465815, 39.216813 ], [ -94.473924, 39.215607 ], [ -94.479855, 39.207657 ], [ -94.470468, 39.205622 ], [ -94.470532, 39.201892 ], [ -94.456734, 39.201993 ], [ -94.456725, 39.194694 ], [ -94.445737, 39.194529 ], [ -94.45431, 39.186624 ], [ -94.448631, 39.175762 ], [ -94.442962, 39.188707 ], [ -94.430988, 39.194663 ], [ -94.420729, 39.190344 ], [ -94.418201, 39.193587 ], [ -94.408628, 39.193603 ], [ -94.399928, 39.174803 ], [ -94.402328, 39.164766 ], [ -94.425764, 39.141807 ], [ -94.46159, 39.120372 ], [ -94.484616, 39.145504 ], [ -94.495411, 39.150394 ], [ -94.520887, 39.149219 ], [ -94.524671, 39.160073 ], [ -94.532354, 39.162473 ] ] ] } },
{ "type": "Feature", "properties": { "district": "074", "name": "State House District 74" }, "geometry": { "type": "Polygon", "coordinates": [ [ [ -90.36731, 38.721914 ], [ -90.321815, 38.72174 ], [ -90.321058, 38.719072 ], [ -90.310582, 38.720817 ], [ -90.312308, 38.727351 ], [ -90.309863, 38.727344 ], [ -90.309748, 38.731366 ], [ -90.299757, 38.729311 ], [ -90.29499, 38.731687 ], [ -90.29002, 38.717955 ], [ -90.276642, 38.719976 ], [ -90.292645, 38.701497 ], [ -90.279657, 38.693062 ], [ -90.284893, 38.689739 ], [ -90.278808, 38.68471 ], [ -90.298443, 38.661456 ], [ -90.298152, 38.664413 ], [ -90.302267, 38.664833 ], [ -90.301967, 38.670048 ], [ -90.309769, 38.670767 ], [ -90.31499, 38.673361 ], [ -90.314573, 38.675995 ], [ -90.323924, 38.676118 ], [ -90.323935, 38.680251 ], [ -90.328688, 38.682961 ], [ -90.34723, 38.682978 ], [ -90.345222, 38.698376 ], [ -90.342601, 38.697453 ], [ -90.342018, 38.700902 ], [ -90.354574, 38.699377 ], [ -90.352395, 38.70374 ], [ -90.349333, 38.703437 ], [ -90.348454, 38.708995 ], [ -90.356139, 38.710232 ], [ -90.355695, 38.713677 ], [ -90.36731, 38.721914 ] ] ] } },
{ "type": "Feature", "properties": { "district": "133", "name": "State House District 133" }, "geometry": { "type": "Polygon", "coordinates": [ [ [ -93.350335, 37.163135 ], [ -93.34579, 37.169271 ], [ -93.341893, 37.169226 ], [ -93.341004, 37.190202 ], [ -93.341112, 37.195743 ], [ -93.349231, 37.195818 ], [ -93.34844, 37.21954 ], [ -93.32106, 37.21915 ], [ -93.32094, 37.22254 ], [ -93.310392, 37.22231 ], [ -93.3124, 37.20251 ], [ -93.29441, 37.20234 ], [ -93.29464, 37.19285 ], [ -93.30376, 37.19343 ], [ -93.3057, 37.18106 ], [ -93.30479, 37.17861 ], [ -93.29507, 37.17856 ], [ -93.29573, 37.15266 ], [ -93.314116, 37.15284 ], [ -93.31461, 37.13828 ], [ -93.344495, 37.13653 ], [ -93.34194, 37.13887 ], [ -93.341765, 37.167385 ], [ -93.345678, 37.166754 ], [ -93.345764, 37.160418 ], [ -93.350335, 37.163135 ] ] ] } },
{ "type": "Feature", "properties": { "district": "115", "name": "State House District 115" }, "geometry": { "type": "Polygon", "coordinates": [ [ [ -90.78005, 38.205015 ], [ -90.755601, 38.330052 ], [ -90.694384, 38.328202 ], [ -90.688861, 38.33278 ], [ -90.676467, 38.33141 ], [ -90.676492, 38.327674 ], [ -90.66325, 38.325499 ], [ -90.630705, 38.326448 ], [ -90.630646, 38.295669 ], [ -90.60824, 38.2906 ], [ -90.60993, 38.27999 ], [ -90.61738, 38.27583 ], [ -90.59495, 38.26693 ], [ -90.592567, 38.264819 ], [ -90.590488, 38.253248 ], [ -90.591501, 38.258331 ], [ -90.596289, 38.258469 ], [ -90.596234, 38.265974 ], [ -90.61846, 38.266102 ], [ -90.620565, 38.255252 ], [ -90.617377, 38.255212 ], [ -90.616966, 38.250725 ], [ -90.6104, 38.251581 ], [ -90.605844, 38.240584 ], [ -90.587316, 38.240088 ], [ -90.58479, 38.24769 ], [ -90.57753, 38.23794 ], [ -90.581114, 38.224489 ], [ -90.584016, 38.22401 ], [ -90.581887, 38.228067 ], [ -90.590305, 38.228347 ], [ -90.588788, 38.221302 ], [ -90.583557, 38.221009 ], [ -90.58564, 38.20871 ], [ -90.58862, 38.20645 ], [ -90.58598, 38.199256 ], [ -90.57924, 38.199081 ], [ -90.579108, 38.205529 ], [ -90.574296, 38.205421 ], [ -90.57326, 38.198975 ], [ -90.568388, 38.198872 ], [ -90.572634, 38.201551 ], [ -90.568878, 38.202878 ], [ -90.57283, 38.20387 ], [ -90.57066, 38.20849 ], [ -90.572802, 38.209739 ], [ -90.565638, 38.211774 ], [ -90.573084, 38.212477 ], [ -90.569352, 38.215151 ], [ -90.5748, 38.21819 ], [ -90.572327, 38.22214 ], [ -90.564212, 38.220365 ], [ -90.562559, 38.223412 ], [ -90.561414, 38.212251 ], [ -90.566214, 38.202416 ], [ -90.56, 38.185374 ], [ -90.56281, 38.198044 ], [ -90.55893, 38.21467 ], [ -90.556611, 38.220688 ], [ -90.54652, 38.22156 ], [ -90.54466, 38.21732 ], [ -90.53422, 38.21524 ], [ -90.53265, 38.21119 ], [ -90.51777, 38.21191 ], [ -90.519233, 38.183772 ], [ -90.50992, 38.181328 ], [ -90.517187, 38.180243 ], [ -90.516551, 38.17597 ], [ -90.502741, 38.17548 ], [ -90.502796, 38.190385 ], [ -90.41718, 38.18916 ], [ -90.387751, 38.183714 ], [ -90.383688, 38.179865 ], [ -90.380489, 38.182349 ], [ -90.384502, 38.184592 ], [ -90.384405, 38.189916 ], [ -90.377612, 38.185682 ], [ -90.378264, 38.192769 ], [ -90.375715, 38.193784 ], [ -90.383137, 38.209058 ], [ -90.373582, 38.210866 ], [ -90.36972, 38.218733 ], [ -90.35543, 38.216306 ], [ -90.327218, 38.184311 ], [ -90.290629, 38.170363 ], [ -90.274843, 38.157559 ], [ -90.252666, 38.127812 ], [ -90.256115, 38.125912 ], [ -90.249858, 38.11455 ], [ -90.256496, 38.116956 ], [ -90.262716, 38.107519 ], [ -90.280911, 38.103968 ], [ -90.280283, 38.098764 ], [ -90.295325, 38.088061 ], [ -90.321016, 38.094938 ], [ -90.32939, 38.09436 ], [ -90.416022, 38.042315 ], [ -90.583324, 38.003499 ], [ -90.628084, 38.007743 ], [ -90.626469, 38.011937 ], [ -90.612787, 38.015895 ], [ -90.621508, 38.040357 ], [ -90.620996, 38.052601 ], [ -90.613456, 38.061955 ], [ -90.612914, 38.071631 ], [ -90.659153, 38.081797 ], [ -90.662033, 38.086225 ], [ -90.651375, 38.091509 ], [ -90.658082, 38.0975 ], [ -90.663179, 38.087825 ], [ -90.684776, 38.08627 ], [ -90.685366, 38.091058 ], [ -90.676262, 38.094122 ], [ -90.681399, 38.102681 ], [ -90.78005, 38.205015 ] ] ] } },
{ "type": "Feature", "properties": { "district": "088", "name": "State House District 88" }, "geometry": { "type": "Polygon", "coordinates": [ [ [ -90.736161, 38.466981 ], [ -90.735573, 38.492378 ], [ -90.690361, 38.503888 ], [ -90.689993, 38.511161 ], [ -90.68075, 38.510897 ], [ -90.680414, 38.51818 ], [ -90.652907, 38.517219 ], [ -90.652742, 38.521502 ], [ -90.647903, 38.518895 ], [ -90.645854, 38.52159 ], [ -90.638466, 38.520611 ], [ -90.63863, 38.516884 ], [ -90.631011, 38.516745 ], [ -90.633898, 38.517114 ], [ -90.633627, 38.52418 ], [ -90.630939, 38.524158 ], [ -90.624173, 38.51708 ], [ -90.627208, 38.530683 ], [ -90.622632, 38.542164 ], [ -90.594131, 38.540857 ], [ -90.574973, 38.545812 ], [ -90.577192, 38.545812 ], [ -90.577058, 38.553041 ], [ -90.573238, 38.559146 ], [ -90.576902, 38.561582 ], [ -90.576778, 38.568012 ], [ -90.586268, 38.57152 ], [ -90.586333, 38.567023 ], [ -90.592262, 38.567029 ], [ -90.59219, 38.57246 ], [ -90.605168, 38.568726 ], [ -90.605069, 38.572956 ], [ -90.600584, 38.575224 ], [ -90.603132, 38.580965 ], [ -90.600138, 38.583163 ], [ -90.604884, 38.583179 ], [ -90.604152, 38.588075 ], [ -90.6143, 38.583964 ], [ -90.614016, 38.590291 ], [ -90.618238, 38.590282 ], [ -90.618155, 38.593976 ], [ -90.601639, 38.594262 ], [ -90.603127, 38.60478 ], [ -90.585863, 38.604973 ], [ -90.585787, 38.608553 ], [ -90.580799, 38.608444 ], [ -90.580832, 38.604702 ], [ -90.571096, 38.607622 ], [ -90.571053, 38.592753 ], [ -90.558454, 38.592702 ], [ -90.562408, 38.582646 ], [ -90.567076, 38.582973 ], [ -90.56475, 38.585707 ], [ -90.567114, 38.586391 ], [ -90.575884, 38.586399 ], [ -90.576642, 38.578987 ], [ -90.585074, 38.579023 ], [ -90.583104, 38.575297 ], [ -90.556025, 38.560272 ], [ -90.553033, 38.562323 ], [ -90.55308, 38.567541 ], [ -90.548371, 38.56763 ], [ -90.550039, 38.554029 ], [ -90.541175, 38.552267 ], [ -90.536878, 38.548022 ], [ -90.514032, 38.546272 ], [ -90.511179, 38.538916 ], [ -90.5154, 38.530064 ], [ -90.512725, 38.529502 ], [ -90.5117, 38.523546 ], [ -90.489075, 38.521772 ], [ -90.484259, 38.524781 ], [ -90.459617, 38.519958 ], [ -90.466003, 38.516616 ], [ -90.466357, 38.513653 ], [ -90.461089, 38.513052 ], [ -90.462114, 38.508982 ], [ -90.466177, 38.507977 ], [ -90.466266, 38.501235 ], [ -90.591123, 38.501652 ], [ -90.602652, 38.479617 ], [ -90.614144, 38.471151 ], [ -90.626234, 38.475772 ], [ -90.633862, 38.485936 ], [ -90.654043, 38.487541 ], [ -90.660703, 38.479195 ], [ -90.654602, 38.456225 ], [ -90.66381, 38.449054 ], [ -90.674537, 38.446319 ], [ -90.687293, 38.447421 ], [ -90.680181, 38.454006 ], [ -90.683254, 38.455384 ], [ -90.687041, 38.451488 ], [ -90.69106, 38.453669 ], [ -90.6876, 38.459432 ], [ -90.696233, 38.471523 ], [ -90.717966, 38.469065 ], [ -90.714671, 38.475376 ], [ -90.724247, 38.482404 ], [ -90.732072, 38.4824 ], [ -90.736161, 38.466981 ] ] ] } },
{ "type": "Feature", "properties": { "district": "036", "name": "State House District 36" }, "geometry": { "type": "Polygon", "coordinates": [ [ [ -94.608033, 38.847207 ], [ -94.608005, 38.919924 ], [ -94.560478, 38.917586 ], [ -94.560828, 38.910095 ], [ -94.488569, 38.907211 ], [ -94.48902, 38.899884 ], [ -94.469581, 38.899258 ], [ -94.471282, 38.87068 ], [ -94.42963, 38.869173 ], [ -94.431168, 38.839615 ], [ -94.608033, 38.847207 ] ] ] } },
{ "type": "Feature", "properties": { "district": "043", "name": "State House District 43" }, "geometry": { "type": "Polygon", "coordinates": [ [ [ -92.314471, 39.246454 ], [ -92.300871, 39.605348 ], [ -92.161339, 39.603771 ], [ -92.150915, 39.598642 ], [ -92.149205, 39.603442 ], [ -92.116463, 39.603374 ], [ -92.115991, 39.596757 ], [ -92.104229, 39.596547 ], [ -92.098653, 39.603453 ], [ -92.098626, 39.596669 ], [ -92.079457, 39.598377 ], [ -92.074188, 39.596085 ], [ -92.054411, 39.596968 ], [ -92.053843, 39.605242 ], [ -92.04897, 39.59856 ], [ -92.041244, 39.602797 ], [ -92.037811, 39.596561 ], [ -92.036196, 39.57273 ], [ -91.850939, 39.570782 ], [ -91.846743, 39.658513 ], [ -91.715776, 39.657723 ], [ -91.716264, 39.59945 ], [ -91.711934, 39.599095 ], [ -91.711958, 39.594791 ], [ -91.718467, 39.324505 ], [ -91.438235, 39.318716 ], [ -91.409033, 39.142542 ], [ -91.629598, 39.147853 ], [ -91.640133, 38.901746 ], [ -91.658165, 38.910699 ], [ -91.682207, 38.915957 ], [ -91.711194, 38.918409 ], [ -91.743479, 38.916801 ], [ -91.777096, 38.925916 ], [ -91.840417, 38.924476 ], [ -91.852888, 38.92025 ], [ -91.884543, 38.900399 ], [ -91.905729, 38.900597 ], [ -91.905136, 38.907776 ], [ -91.911965, 38.907801 ], [ -91.911916, 38.910083 ], [ -91.924453, 38.907911 ], [ -91.924529, 38.900603 ], [ -91.942803, 38.900879 ], [ -91.942165, 38.915407 ], [ -91.961915, 38.91556 ], [ -91.961764, 38.918651 ], [ -91.971067, 38.918735 ], [ -91.970999, 38.92493 ], [ -91.981416, 38.924399 ], [ -91.981942, 38.909117 ], [ -92.030482, 38.908619 ], [ -92.030476, 38.913764 ], [ -92.038183, 38.915903 ], [ -92.037807, 38.930408 ], [ -92.042597, 38.9303 ], [ -92.042737, 38.926587 ], [ -92.075521, 38.924299 ], [ -92.075687, 38.920297 ], [ -92.096706, 38.920845 ], [ -92.097084, 38.911313 ], [ -92.10707, 38.911457 ], [ -92.106346, 38.946931 ], [ -92.122312, 38.94713 ], [ -92.122295, 38.953643 ], [ -92.105505, 38.953515 ], [ -92.105425, 38.961841 ], [ -92.117441, 38.961836 ], [ -92.117597, 38.954899 ], [ -92.122264, 38.955271 ], [ -92.123077, 38.969738 ], [ -92.131315, 38.970002 ], [ -92.132667, 38.96622 ], [ -92.13244, 38.970039 ], [ -92.145327, 38.970487 ], [ -92.147093, 38.97785 ], [ -92.138125, 38.985316 ], [ -92.139944, 38.988556 ], [ -92.136623, 38.999633 ], [ -92.138006, 39.002725 ], [ -92.140143, 39.000741 ], [ -92.138028, 39.005694 ], [ -92.14047, 39.00683 ], [ -92.133939, 39.011004 ], [ -92.130303, 39.022962 ], [ -92.131411, 39.026144 ], [ -92.140653, 39.027382 ], [ -92.140787, 39.029946 ], [ -92.135974, 39.032397 ], [ -92.133467, 39.044652 ], [ -92.128575, 39.047832 ], [ -92.132269, 39.051533 ], [ -92.132564, 39.059465 ], [ -92.129555, 39.062605 ], [ -92.131512, 39.064484 ], [ -92.110387, 39.064204 ], [ -92.104374, 39.239809 ], [ -92.314471, 39.246454 ] ] ] } },
{ "type": "Feature", "properties": { "district": "003", "name": "State House District 3" }, "geometry": { "type": "Polygon", "coordinates": [ [ [ -93.774548, 40.47235 ], [ -93.774344, 40.577548 ], [ -93.260429, 40.580814 ], [ -92.714596, 40.589427 ], [ -92.720557, 40.583128 ], [ -92.702249, 40.580982 ], [ -92.701977, 40.570822 ], [ -92.695705, 40.571372 ], [ -92.694504, 40.568283 ], [ -92.690814, 40.576109 ], [ -92.689823, 40.570389 ], [ -92.691114, 40.56794 ], [ -92.709806, 40.562903 ], [ -92.718988, 40.564251 ], [ -92.716317, 40.561506 ], [ -92.717995, 40.558508 ], [ -92.707285, 40.557619 ], [ -92.689851, 40.564781 ], [ -92.683043, 40.560252 ], [ -92.684423, 40.548513 ], [ -92.688173, 40.551602 ], [ -92.693514, 40.549657 ], [ -92.698342, 40.540252 ], [ -92.70401, 40.537436 ], [ -92.70179, 40.53492 ], [ -92.707788, 40.535193 ], [ -92.701519, 40.530985 ], [ -92.698131, 40.532724 ], [ -92.699359, 40.527896 ], [ -92.681456, 40.522015 ], [ -92.675129, 40.52348 ], [ -92.670782, 40.519887 ], [ -92.677469, 40.516043 ], [ -92.681966, 40.519086 ], [ -92.688324, 40.51689 ], [ -92.684605, 40.515197 ], [ -92.685626, 40.510666 ], [ -92.682836, 40.510895 ], [ -92.686495, 40.503092 ], [ -92.680439, 40.502565 ], [ -92.681428, 40.4988 ], [ -92.67888, 40.501375 ], [ -92.676032, 40.49954 ], [ -92.685296, 40.48935 ], [ -92.685116, 40.485299 ], [ -92.690631, 40.488686 ], [ -92.693837, 40.485551 ], [ -92.696115, 40.487199 ], [ -92.698092, 40.479396 ], [ -92.701629, 40.483812 ], [ -92.701507, 40.47626 ], [ -92.704834, 40.474795 ], [ -92.701148, 40.472873 ], [ -92.704293, 40.468662 ], [ -92.69842, 40.469464 ], [ -92.702255, 40.465985 ], [ -92.699379, 40.463285 ], [ -92.709294, 40.459989 ], [ -92.708634, 40.45619 ], [ -92.702762, 40.45317 ], [ -92.704079, 40.449326 ], [ -92.701383, 40.449395 ], [ -92.710128, 40.443989 ], [ -92.700902, 40.436351 ], [ -92.694493, 40.435666 ], [ -92.70123, 40.429052 ], [ -92.692576, 40.4253 ], [ -92.694013, 40.423492 ], [ -92.69006, 40.420884 ], [ -92.678562, 40.418389 ], [ -92.675809, 40.413538 ], [ -92.67072, 40.413012 ], [ -92.67093, 40.409991 ], [ -92.664416, 40.409772 ], [ -92.673236, 40.407749 ], [ -92.673418, 40.403241 ], [ -92.676141, 40.407908 ], [ -92.679613, 40.406421 ], [ -92.679613, 40.403629 ], [ -92.666175, 40.397677 ], [ -92.671744, 40.39157 ], [ -92.676292, 40.395461 ], [ -92.686019, 40.39427 ], [ -92.685092, 40.383173 ], [ -92.687576, 40.381204 ], [ -92.682556, 40.375756 ], [ -92.687189, 40.374187 ], [ -92.681627, 40.361345 ], [ -92.686099, 40.359232 ], [ -92.685667, 40.349671 ], [ -92.680739, 40.346374 ], [ -92.684167, 40.343466 ], [ -92.460645, 40.345204 ], [ -92.459789, 40.24399 ], [ -92.45504, 40.244169 ], [ -92.454969, 40.236425 ], [ -92.459706, 40.23646 ], [ -92.45996, 40.192828 ], [ -92.465056, 40.192772 ], [ -92.464997, 40.182866 ], [ -92.459903, 40.182804 ], [ -92.459891, 40.168345 ], [ -92.455129, 40.168292 ], [ -92.455021, 40.164605 ], [ -92.459874, 40.164644 ], [ -92.459467, 40.140225 ], [ -92.471068, 40.146412 ], [ -92.478297, 40.146426 ], [ -92.478338, 40.139109 ], [ -92.492385, 40.13909 ], [ -92.49266, 40.142645 ], [ -92.497319, 40.142674 ], [ -92.4972, 40.124692 ], [ -92.518894, 40.124421 ], [ -92.518914, 40.110062 ], [ -92.515093, 40.110067 ], [ -92.515119, 40.102979 ], [ -92.523128, 40.103005 ], [ -92.523126, 40.095425 ], [ -92.515148, 40.095453 ], [ -92.51515, 40.083617 ], [ -92.524812, 40.08087 ], [ -92.524834, 40.077943 ], [ -92.533901, 40.078002 ], [ -92.533872, 40.080911 ], [ -92.555634, 40.081007 ], [ -92.553036, 40.073878 ], [ -92.591006, 40.074317 ], [ -92.591018, 40.070864 ], [ -92.600306, 40.070863 ], [ -92.600274, 40.081691 ], [ -92.610432, 40.081955 ], [ -92.609996, 40.070134 ], [ -92.628874, 40.070162 ], [ -92.629046, 40.06013 ], [ -92.638942, 40.06015 ], [ -92.638703, 40.056232 ], [ -92.633647, 40.056199 ], [ -92.633622, 40.049242 ], [ -92.628995, 40.049256 ], [ -92.628804, 40.03829 ], [ -93.087971, 40.037223 ], [ -93.366556, 40.033099 ], [ -93.367214, 40.266314 ], [ -93.763324, 40.263988 ], [ -93.764823, 40.472515 ], [ -93.774548, 40.47235 ] ] ] } },
{ "type": "Feature", "properties": { "district": "029", "name": "State House District 29" }, "geometry": { "type": "Polygon", "coordinates": [ [ [ -94.443506, 39.04727 ], [ -94.439568, 39.047103 ], [ -94.441848, 39.049778 ], [ -94.425458, 39.050513 ], [ -94.426869, 39.05778 ], [ -94.414886, 39.05736 ], [ -94.419074, 39.077355 ], [ -94.415584, 39.079156 ], [ -94.376621, 39.077758 ], [ -94.376881, 39.072409 ], [ -94.370437, 39.07245 ], [ -94.367508, 39.067499 ], [ -94.356812, 39.067273 ], [ -94.344495, 39.062157 ], [ -94.344955, 39.054798 ], [ -94.339541, 39.047435 ], [ -94.342146, 39.036292 ], [ -94.365049, 39.024118 ], [ -94.386924, 39.017632 ], [ -94.387035, 39.035267 ], [ -94.425029, 39.035205 ], [ -94.425375, 39.026309 ], [ -94.437686, 39.026777 ], [ -94.437239, 39.036002 ], [ -94.433316, 39.041693 ], [ -94.443506, 39.04727 ] ] ] } },
{ "type": "Feature", "properties": { "district": "035", "name": "State House District 35" }, "geometry": { "type": "Polygon", "coordinates": [ [ [ -94.488889, 38.901797 ], [ -94.482745, 38.908397 ], [ -94.480908, 38.917872 ], [ -94.473201, 38.925005 ], [ -94.471443, 38.937755 ], [ -94.480584, 38.940875 ], [ -94.480074, 38.951263 ], [ -94.475395, 38.951052 ], [ -94.474773, 38.965013 ], [ -94.441319, 38.963688 ], [ -94.440341, 38.986616 ], [ -94.445273, 38.98712 ], [ -94.443475, 39.024395 ], [ -94.440755, 39.026821 ], [ -94.425375, 39.026309 ], [ -94.425029, 39.035205 ], [ -94.387035, 39.035267 ], [ -94.385924, 39.015158 ], [ -94.389872, 38.972978 ], [ -94.385448, 38.972839 ], [ -94.387109, 38.95052 ], [ -94.382562, 38.950392 ], [ -94.382773, 38.946629 ], [ -94.408957, 38.944251 ], [ -94.401058, 38.918191 ], [ -94.393802, 38.911275 ], [ -94.395898, 38.911316 ], [ -94.397747, 38.8678 ], [ -94.416284, 38.868404 ], [ -94.417199, 38.853682 ], [ -94.430429, 38.854044 ], [ -94.42963, 38.869173 ], [ -94.471282, 38.87068 ], [ -94.469581, 38.899258 ], [ -94.488889, 38.901797 ] ] ] } },
{ "type": "Feature", "properties": { "district": "064", "name": "State House District 64" }, "geometry": { "type": "Polygon", "coordinates": [ [ [ -90.96157, 38.797868 ], [ -90.95645, 38.894164 ], [ -90.949655, 38.894943 ], [ -90.940387, 38.88653 ], [ -90.937757, 38.888199 ], [ -90.933455, 38.885049 ], [ -90.912138, 38.89064 ], [ -90.902177, 38.889743 ], [ -90.900496, 38.885993 ], [ -90.870788, 38.888707 ], [ -90.86291, 38.887263 ], [ -90.859594, 38.881718 ], [ -90.85528, 38.884759 ], [ -90.850189, 38.880124 ], [ -90.851301, 38.883574 ], [ -90.844266, 38.884063 ], [ -90.838796, 38.879369 ], [ -90.834666, 38.880561 ], [ -90.837983, 38.882325 ], [ -90.836594, 38.884118 ], [ -90.831097, 38.878212 ], [ -90.818725, 38.875818 ], [ -90.806345, 38.87871 ], [ -90.810283, 38.886358 ], [ -90.806926, 38.895244 ], [ -90.808241, 38.899978 ], [ -90.799706, 38.901161 ], [ -90.797541, 38.904429 ], [ -90.804418, 38.911139 ], [ -90.792678, 38.917408 ], [ -90.782656, 38.918295 ], [ -90.776406, 38.923016 ], [ -90.756746, 38.919811 ], [ -90.74377, 38.930118 ], [ -90.728841, 38.931141 ], [ -90.723764, 38.925175 ], [ -90.735242, 38.919291 ], [ -90.735611, 38.915832 ], [ -90.724578, 38.915181 ], [ -90.724073, 38.908825 ], [ -90.714198, 38.909892 ], [ -90.707557, 38.902652 ], [ -90.699434, 38.908411 ], [ -90.70623, 38.913506 ], [ -90.716725, 38.912851 ], [ -90.714309, 38.918164 ], [ -90.705896, 38.921543 ], [ -90.696243, 38.91563 ], [ -90.683773, 38.915986 ], [ -90.698187, 38.929426 ], [ -90.691582, 38.934235 ], [ -90.669249, 38.934159 ], [ -90.657091, 38.915325 ], [ -90.653816, 38.900224 ], [ -90.646667, 38.89603 ], [ -90.650286, 38.890641 ], [ -90.658017, 38.888227 ], [ -90.653255, 38.885361 ], [ -90.658135, 38.884625 ], [ -90.65722, 38.86934 ], [ -90.66937, 38.86197 ], [ -90.67062, 38.84665 ], [ -90.67462, 38.84633 ], [ -90.67472, 38.8389 ], [ -90.678676, 38.833892 ], [ -90.6594, 38.823069 ], [ -90.656547, 38.820442 ], [ -90.6639, 38.82517 ], [ -90.68919, 38.82504 ], [ -90.69071, 38.81831 ], [ -90.69985, 38.8169 ], [ -90.7001, 38.80232 ], [ -90.78144, 38.804233 ], [ -90.775837, 38.805037 ], [ -90.779647, 38.806938 ], [ -90.779478, 38.810554 ], [ -90.79375, 38.810592 ], [ -90.797458, 38.817203 ], [ -90.800947, 38.808879 ], [ -90.81014, 38.809865 ], [ -90.80843, 38.81301 ], [ -90.81144, 38.81366 ], [ -90.811491, 38.820766 ], [ -90.818426, 38.825537 ], [ -90.826176, 38.825504 ], [ -90.826389, 38.831212 ], [ -90.831333, 38.831438 ], [ -90.82964, 38.82699 ], [ -90.843257, 38.826317 ], [ -90.838095, 38.831399 ], [ -90.84623, 38.84442 ], [ -90.85692, 38.841646 ], [ -90.857387, 38.837854 ], [ -90.859299, 38.84141 ], [ -90.858488, 38.839261 ], [ -90.869206, 38.839044 ], [ -90.869188, 38.835655 ], [ -90.880293, 38.839522 ], [ -90.9066, 38.83962 ], [ -90.905956, 38.819409 ], [ -90.919328, 38.819186 ], [ -90.914508, 38.817109 ], [ -90.915118, 38.81057 ], [ -90.91992, 38.81059 ], [ -90.91995, 38.80828 ], [ -90.930861, 38.811222 ], [ -90.924618, 38.806851 ], [ -90.938435, 38.805421 ], [ -90.93853, 38.800749 ], [ -90.947765, 38.804782 ], [ -90.947852, 38.79938 ], [ -90.956634, 38.800794 ], [ -90.96157, 38.797868 ] ] ] } },
{ "type": "Feature", "properties": { "district": "065", "name": "State House District 65" }, "geometry": { "type": "Polygon", "coordinates": [ [ [ -90.687966, 38.760107 ], [ -90.6835, 38.763608 ], [ -90.67998, 38.758892 ], [ -90.676622, 38.761443 ], [ -90.671157, 38.759648 ], [ -90.674355, 38.762016 ], [ -90.67305, 38.76554 ], [ -90.676591, 38.765122 ], [ -90.673713, 38.76619 ], [ -90.676582, 38.766663 ], [ -90.67814, 38.77418 ], [ -90.670961, 38.79637 ], [ -90.676269, 38.802546 ], [ -90.655942, 38.802002 ], [ -90.653322, 38.799616 ], [ -90.64896, 38.80936 ], [ -90.65841, 38.822391 ], [ -90.678676, 38.833892 ], [ -90.67472, 38.8389 ], [ -90.67462, 38.84633 ], [ -90.67062, 38.84665 ], [ -90.66937, 38.86197 ], [ -90.65722, 38.86934 ], [ -90.658135, 38.884625 ], [ -90.653255, 38.885361 ], [ -90.658017, 38.888227 ], [ -90.650286, 38.890641 ], [ -90.646667, 38.89603 ], [ -90.653816, 38.900224 ], [ -90.657091, 38.915325 ], [ -90.669249, 38.934159 ], [ -90.663181, 38.934224 ], [ -90.663018, 38.926283 ], [ -90.636994, 38.905123 ], [ -90.623356, 38.887149 ], [ -90.583388, 38.86903 ], [ -90.561021, 38.869476 ], [ -90.546831, 38.874009 ], [ -90.516963, 38.898818 ], [ -90.507451, 38.902767 ], [ -90.487058, 38.925862 ], [ -90.482725, 38.934712 ], [ -90.483071, 38.94307 ], [ -90.472122, 38.958838 ], [ -90.451279, 38.967731 ], [ -90.395816, 38.960037 ], [ -90.309454, 38.92412 ], [ -90.277471, 38.923716 ], [ -90.250248, 38.919344 ], [ -90.223041, 38.907389 ], [ -90.19761, 38.887648 ], [ -90.166409, 38.876348 ], [ -90.113327, 38.849306 ], [ -90.109407, 38.843548 ], [ -90.117707, 38.805748 ], [ -90.12461, 38.819858 ], [ -90.140254, 38.829081 ], [ -90.155165, 38.829826 ], [ -90.176508, 38.8188 ], [ -90.188652, 38.818366 ], [ -90.260767, 38.853552 ], [ -90.290233, 38.884952 ], [ -90.307135, 38.8905 ], [ -90.322759, 38.891382 ], [ -90.336375, 38.883381 ], [ -90.349113, 38.841695 ], [ -90.370412, 38.823304 ], [ -90.389447, 38.822012 ], [ -90.419457, 38.828399 ], [ -90.436059, 38.828454 ], [ -90.449556, 38.819892 ], [ -90.467186, 38.798545 ], [ -90.482567, 38.806622 ], [ -90.48188, 38.81121 ], [ -90.492022, 38.821962 ], [ -90.47015, 38.83337 ], [ -90.49088, 38.84833 ], [ -90.51088, 38.83629 ], [ -90.53011, 38.83767 ], [ -90.530466, 38.833215 ], [ -90.54807, 38.834483 ], [ -90.548943, 38.82318 ], [ -90.558425, 38.823411 ], [ -90.55899, 38.809845 ], [ -90.570858, 38.806196 ], [ -90.568092, 38.80111 ], [ -90.569749, 38.795172 ], [ -90.605856, 38.798357 ], [ -90.60616, 38.7902 ], [ -90.62407, 38.78823 ], [ -90.62506, 38.77549 ], [ -90.61646, 38.77406 ], [ -90.62024, 38.76922 ], [ -90.61894, 38.76558 ], [ -90.626175, 38.765052 ], [ -90.624992, 38.762482 ], [ -90.631847, 38.757548 ], [ -90.670217, 38.747109 ], [ -90.682483, 38.751048 ], [ -90.687966, 38.760107 ] ] ] } },
{ "type": "Feature", "properties": { "district": "067", "name": "State House District 67" }, "geometry": { "type": "Polygon", "coordinates": [ [ [ -90.350337, 38.840253 ], [ -90.344965, 38.849372 ], [ -90.340766, 38.873485 ], [ -90.333275, 38.887054 ], [ -90.31808, 38.891745 ], [ -90.292557, 38.886152 ], [ -90.277356, 38.87326 ], [ -90.26287, 38.854978 ], [ -90.235633, 38.842278 ], [ -90.237758, 38.836766 ], [ -90.230814, 38.816546 ], [ -90.228045, 38.811469 ], [ -90.223098, 38.812678 ], [ -90.223284, 38.807712 ], [ -90.217737, 38.807704 ], [ -90.215471, 38.799722 ], [ -90.220387, 38.797286 ], [ -90.225512, 38.788239 ], [ -90.225526, 38.785687 ], [ -90.216846, 38.785666 ], [ -90.218969, 38.778277 ], [ -90.236768, 38.779129 ], [ -90.23874, 38.772352 ], [ -90.253853, 38.771223 ], [ -90.254875, 38.793523 ], [ -90.250049, 38.796509 ], [ -90.251852, 38.81859 ], [ -90.261878, 38.810337 ], [ -90.284977, 38.808262 ], [ -90.291635, 38.814095 ], [ -90.300875, 38.812218 ], [ -90.311346, 38.82844 ], [ -90.316443, 38.82243 ], [ -90.319221, 38.824787 ], [ -90.321767, 38.822967 ], [ -90.350337, 38.840253 ] ] ] } },
{ "type": "Feature", "properties": { "district": "072", "name": "State House District 72" }, "geometry": { "type": "Polygon", "coordinates": [ [ [ -90.420125, 38.677198 ], [ -90.418226, 38.679395 ], [ -90.415814, 38.692638 ], [ -90.408951, 38.693537 ], [ -90.408846, 38.707623 ], [ -90.405472, 38.705128 ], [ -90.401352, 38.709051 ], [ -90.404779, 38.71102 ], [ -90.401473, 38.717628 ], [ -90.405879, 38.722206 ], [ -90.401203, 38.73498 ], [ -90.398642, 38.737501 ], [ -90.391766, 38.733584 ], [ -90.386165, 38.741831 ], [ -90.37699, 38.746494 ], [ -90.369691, 38.740275 ], [ -90.372494, 38.723598 ], [ -90.374774, 38.718123 ], [ -90.378404, 38.718547 ], [ -90.379541, 38.711651 ], [ -90.350016, 38.709843 ], [ -90.349333, 38.703437 ], [ -90.352395, 38.70374 ], [ -90.354574, 38.699377 ], [ -90.342018, 38.700902 ], [ -90.342601, 38.697453 ], [ -90.345222, 38.698376 ], [ -90.34723, 38.682978 ], [ -90.353319, 38.682909 ], [ -90.360156, 38.677259 ], [ -90.362301, 38.681763 ], [ -90.373536, 38.682808 ], [ -90.372971, 38.686156 ], [ -90.384419, 38.687243 ], [ -90.384906, 38.684806 ], [ -90.404753, 38.687193 ], [ -90.406288, 38.676331 ], [ -90.420125, 38.677198 ] ] ] } },
{ "type": "Feature", "properties": { "district": "078", "name": "State House District 78" }, "geometry": { "type": "Polygon", "coordinates": [ [ [ -90.243584, 38.584708 ], [ -90.241789, 38.5935 ], [ -90.236125, 38.598292 ], [ -90.233144, 38.612553 ], [ -90.221309, 38.613776 ], [ -90.218898, 38.621418 ], [ -90.225165, 38.622728 ], [ -90.224139, 38.62498 ], [ -90.218136, 38.624018 ], [ -90.21778, 38.62739 ], [ -90.207732, 38.624734 ], [ -90.204234, 38.634965 ], [ -90.212807, 38.63676 ], [ -90.215901, 38.645716 ], [ -90.211683, 38.64483 ], [ -90.209247, 38.65199 ], [ -90.205618, 38.650699 ], [ -90.204016, 38.655278 ], [ -90.194607, 38.653338 ], [ -90.190175, 38.645495 ], [ -90.192857, 38.640889 ], [ -90.186995, 38.637002 ], [ -90.189442, 38.620427 ], [ -90.198544, 38.618117 ], [ -90.199392, 38.614087 ], [ -90.214186, 38.613987 ], [ -90.215405, 38.607548 ], [ -90.225673, 38.603751 ], [ -90.228212, 38.580775 ], [ -90.243584, 38.584708 ] ] ] } },
{ "type": "Feature", "properties": { "district": "080", "name": "State House District 80" }, "geometry": { "type": "Polygon", "coordinates": [ [ [ -90.283521, 38.591149 ], [ -90.280525, 38.610131 ], [ -90.234545, 38.605867 ], [ -90.242534, 38.589905 ], [ -90.243621, 38.584529 ], [ -90.23906, 38.583951 ], [ -90.240559, 38.576805 ], [ -90.251396, 38.577484 ], [ -90.250656, 38.572931 ], [ -90.2768, 38.584198 ], [ -90.281629, 38.582092 ], [ -90.279527, 38.590403 ], [ -90.283521, 38.591149 ] ] ] } },
{ "type": "Feature", "properties": { "district": "082", "name": "State House District 82" }, "geometry": { "type": "Polygon", "coordinates": [ [ [ -90.320515, 38.594152 ], [ -90.312038, 38.615295 ], [ -90.283906, 38.622917 ], [ -90.280692, 38.630315 ], [ -90.274527, 38.629718 ], [ -90.276587, 38.619463 ], [ -90.266484, 38.618486 ], [ -90.268138, 38.610288 ], [ -90.281823, 38.608904 ], [ -90.280498, 38.600775 ], [ -90.283575, 38.590827 ], [ -90.279527, 38.590403 ], [ -90.282053, 38.579989 ], [ -90.285375, 38.580322 ], [ -90.282518, 38.577846 ], [ -90.28377, 38.571323 ], [ -90.297022, 38.562368 ], [ -90.313582, 38.578768 ], [ -90.320515, 38.594152 ] ] ] } },
{ "type": "Feature", "properties": { "district": "085", "name": "State House District 85" }, "geometry": { "type": "Polygon", "coordinates": [ [ [ -90.292599, 38.70156 ], [ -90.276642, 38.719976 ], [ -90.29002, 38.717955 ], [ -90.292584, 38.725079 ], [ -90.276814, 38.727324 ], [ -90.277879, 38.734667 ], [ -90.264529, 38.738435 ], [ -90.265147, 38.741988 ], [ -90.269255, 38.743318 ], [ -90.275626, 38.741074 ], [ -90.276241, 38.744944 ], [ -90.285503, 38.744038 ], [ -90.286257, 38.75398 ], [ -90.290777, 38.754833 ], [ -90.279714, 38.756319 ], [ -90.280257, 38.764234 ], [ -90.268728, 38.769052 ], [ -90.268717, 38.764094 ], [ -90.257716, 38.763954 ], [ -90.255731, 38.75897 ], [ -90.250415, 38.762433 ], [ -90.25041, 38.755283 ], [ -90.236322, 38.750947 ], [ -90.240834, 38.730961 ], [ -90.239724, 38.723607 ], [ -90.251745, 38.718887 ], [ -90.278808, 38.68471 ], [ -90.284893, 38.689739 ], [ -90.279657, 38.693062 ], [ -90.292599, 38.70156 ] ] ] } },
{ "type": "Feature", "properties": { "district": "095", "name": "State House District 95" }, "geometry": { "type": "Polygon", "coordinates": [ [ [ -90.422843, 38.482318 ], [ -90.409558, 38.481898 ], [ -90.405343, 38.48735 ], [ -90.406432, 38.503573 ], [ -90.400163, 38.507296 ], [ -90.388864, 38.507403 ], [ -90.379886, 38.504053 ], [ -90.382413, 38.490804 ], [ -90.377284, 38.493927 ], [ -90.363676, 38.48591 ], [ -90.348827, 38.485458 ], [ -90.352402, 38.478367 ], [ -90.346339, 38.478067 ], [ -90.339616, 38.48522 ], [ -90.335595, 38.477526 ], [ -90.329888, 38.474965 ], [ -90.329084, 38.478055 ], [ -90.319818, 38.477953 ], [ -90.320041, 38.463599 ], [ -90.315416, 38.462434 ], [ -90.312805, 38.455699 ], [ -90.298556, 38.453267 ], [ -90.285673, 38.445663 ], [ -90.293685, 38.42746 ], [ -90.31117, 38.415679 ], [ -90.342134, 38.387285 ], [ -90.348594, 38.407069 ], [ -90.348588, 38.430079 ], [ -90.347463, 38.435216 ], [ -90.335745, 38.448195 ], [ -90.336443, 38.453978 ], [ -90.353631, 38.458217 ], [ -90.391031, 38.450561 ], [ -90.390961, 38.456377 ], [ -90.39471, 38.458486 ], [ -90.40119, 38.453763 ], [ -90.409558, 38.452717 ], [ -90.414408, 38.456971 ], [ -90.422843, 38.482318 ] ] ] } },
{ "type": "Feature", "properties": { "district": "097", "name": "State House District 97" }, "geometry": { "type": "Polygon", "coordinates": [ [ [ -90.598604, 38.488227 ], [ -90.590725, 38.501753 ], [ -90.404941, 38.500354 ], [ -90.407412, 38.495246 ], [ -90.405343, 38.48735 ], [ -90.409558, 38.481898 ], [ -90.42279, 38.482655 ], [ -90.414757, 38.462973 ], [ -90.42514, 38.46312 ], [ -90.44022, 38.45819 ], [ -90.44264, 38.45278 ], [ -90.447082, 38.453498 ], [ -90.449197, 38.449807 ], [ -90.455449, 38.450574 ], [ -90.451112, 38.453219 ], [ -90.452681, 38.456402 ], [ -90.461098, 38.449932 ], [ -90.46062, 38.46051 ], [ -90.45353, 38.46613 ], [ -90.4675, 38.47406 ], [ -90.47595, 38.47139 ], [ -90.493452, 38.453806 ], [ -90.512721, 38.450342 ], [ -90.513062, 38.424597 ], [ -90.54717, 38.43113 ], [ -90.55295, 38.42567 ], [ -90.550905, 38.440734 ], [ -90.545196, 38.445299 ], [ -90.545834, 38.450191 ], [ -90.550114, 38.453858 ], [ -90.560901, 38.453999 ], [ -90.561241, 38.456457 ], [ -90.569808, 38.454094 ], [ -90.569694, 38.457774 ], [ -90.586584, 38.458137 ], [ -90.594796, 38.462309 ], [ -90.595036, 38.46598 ], [ -90.586631, 38.470066 ], [ -90.592273, 38.472763 ], [ -90.593743, 38.486665 ], [ -90.598604, 38.488227 ] ] ] } },
{ "type": "Feature", "properties": { "district": "099", "name": "State House District 99" }, "geometry": { "type": "Polygon", "coordinates": [ [ [ -90.406171, 38.61895 ], [ -90.405209, 38.661188 ], [ -90.394623, 38.661065 ], [ -90.394742, 38.686083 ], [ -90.372971, 38.686156 ], [ -90.373536, 38.682808 ], [ -90.362301, 38.681763 ], [ -90.360911, 38.668469 ], [ -90.362395, 38.66086 ], [ -90.366574, 38.660839 ], [ -90.366613, 38.658136 ], [ -90.354811, 38.657971 ], [ -90.343474, 38.65238 ], [ -90.343699, 38.655828 ], [ -90.334673, 38.656707 ], [ -90.335033, 38.653063 ], [ -90.328743, 38.651361 ], [ -90.329417, 38.647192 ], [ -90.303402, 38.646184 ], [ -90.306433, 38.63359 ], [ -90.361868, 38.641138 ], [ -90.363349, 38.614009 ], [ -90.378901, 38.614093 ], [ -90.380383, 38.604536 ], [ -90.386196, 38.602922 ], [ -90.401467, 38.603536 ], [ -90.401156, 38.618256 ], [ -90.406171, 38.61895 ] ] ] } },
{ "type": "Feature", "properties": { "district": "102", "name": "State House District 102" }, "geometry": { "type": "Polygon", "coordinates": [ [ [ -90.964424, 38.549163 ], [ -90.96046, 38.79917 ], [ -90.947852, 38.79938 ], [ -90.947765, 38.804782 ], [ -90.93853, 38.800749 ], [ -90.938435, 38.805421 ], [ -90.919994, 38.807285 ], [ -90.920019, 38.803365 ], [ -90.923153, 38.803047 ], [ -90.920026, 38.802447 ], [ -90.92008, 38.796168 ], [ -90.924771, 38.79622 ], [ -90.924819, 38.78896 ], [ -90.92017, 38.7889 ], [ -90.92013, 38.792568 ], [ -90.910898, 38.792405 ], [ -90.91093, 38.78876 ], [ -90.897141, 38.785036 ], [ -90.897103, 38.788683 ], [ -90.893744, 38.787623 ], [ -90.886194, 38.792367 ], [ -90.883036, 38.789232 ], [ -90.887752, 38.787727 ], [ -90.887732, 38.782068 ], [ -90.88289, 38.78173 ], [ -90.882936, 38.784496 ], [ -90.877113, 38.783149 ], [ -90.875554, 38.785415 ], [ -90.882655, 38.787209 ], [ -90.879394, 38.795863 ], [ -90.87215, 38.792416 ], [ -90.869259, 38.794602 ], [ -90.869188, 38.788172 ], [ -90.873849, 38.786385 ], [ -90.874758, 38.778021 ], [ -90.872867, 38.777754 ], [ -90.868286, 38.788611 ], [ -90.864395, 38.786857 ], [ -90.85987, 38.788714 ], [ -90.85972, 38.7923 ], [ -90.853881, 38.792405 ], [ -90.859, 38.781426 ], [ -90.862601, 38.781364 ], [ -90.859704, 38.779703 ], [ -90.863665, 38.777914 ], [ -90.860691, 38.77627 ], [ -90.86316, 38.77399 ], [ -90.860818, 38.775176 ], [ -90.860061, 38.777856 ], [ -90.846749, 38.77782 ], [ -90.84785, 38.76725 ], [ -90.843074, 38.766689 ], [ -90.843032, 38.772548 ], [ -90.833402, 38.771979 ], [ -90.833288, 38.787749 ], [ -90.830086, 38.787231 ], [ -90.831238, 38.792325 ], [ -90.82652, 38.792385 ], [ -90.82523, 38.798418 ], [ -90.82183, 38.792304 ], [ -90.817338, 38.792252 ], [ -90.821245, 38.787767 ], [ -90.82744, 38.786916 ], [ -90.816149, 38.785469 ], [ -90.818161, 38.780594 ], [ -90.82696, 38.78171 ], [ -90.824322, 38.775231 ], [ -90.816856, 38.775182 ], [ -90.817224, 38.763673 ], [ -90.82222, 38.76645 ], [ -90.822265, 38.76146 ], [ -90.81463, 38.759992 ], [ -90.816004, 38.749541 ], [ -90.812998, 38.744849 ], [ -90.804389, 38.742226 ], [ -90.795696, 38.743788 ], [ -90.79286, 38.741224 ], [ -90.78254, 38.74524 ], [ -90.779456, 38.741105 ], [ -90.770979, 38.741976 ], [ -90.771209, 38.748036 ], [ -90.768266, 38.748384 ], [ -90.763999, 38.747711 ], [ -90.763127, 38.742809 ], [ -90.749159, 38.744235 ], [ -90.725301, 38.722145 ], [ -90.696869, 38.712784 ], [ -90.689943, 38.715203 ], [ -90.692685, 38.720993 ], [ -90.688393, 38.722859 ], [ -90.691732, 38.727967 ], [ -90.687383, 38.729725 ], [ -90.684051, 38.724605 ], [ -90.67944, 38.72642 ], [ -90.682973, 38.731407 ], [ -90.676936, 38.736108 ], [ -90.67878, 38.739053 ], [ -90.68845, 38.73529 ], [ -90.692237, 38.741251 ], [ -90.695, 38.740542 ], [ -90.694646, 38.744948 ], [ -90.690052, 38.746223 ], [ -90.687135, 38.74269 ], [ -90.681833, 38.746521 ], [ -90.685664, 38.74496 ], [ -90.690279, 38.749836 ], [ -90.694543, 38.748184 ], [ -90.69676, 38.75575 ], [ -90.670217, 38.747109 ], [ -90.631847, 38.757548 ], [ -90.624992, 38.762482 ], [ -90.626175, 38.765052 ], [ -90.61924, 38.76658 ], [ -90.59823, 38.767167 ], [ -90.59771, 38.7594 ], [ -90.593108, 38.7605 ], [ -90.593218, 38.757332 ], [ -90.597639, 38.757379 ], [ -90.593221, 38.757118 ], [ -90.593617, 38.749976 ], [ -90.598784, 38.750047 ], [ -90.598726, 38.746253 ], [ -90.60304, 38.74472 ], [ -90.598926, 38.744468 ], [ -90.6024, 38.74246 ], [ -90.60312, 38.73594 ], [ -90.613015, 38.739247 ], [ -90.630345, 38.73666 ], [ -90.633037, 38.730005 ], [ -90.637736, 38.728986 ], [ -90.635299, 38.724935 ], [ -90.628603, 38.728609 ], [ -90.62709, 38.723903 ], [ -90.64115, 38.72005 ], [ -90.64273, 38.70455 ], [ -90.65083, 38.70497 ], [ -90.667449, 38.698797 ], [ -90.662613, 38.687074 ], [ -90.67326, 38.680765 ], [ -90.677056, 38.66839 ], [ -90.683633, 38.663261 ], [ -90.702233, 38.657977 ], [ -90.713218, 38.64522 ], [ -90.728726, 38.642945 ], [ -90.742412, 38.634563 ], [ -90.750703, 38.625103 ], [ -90.759606, 38.606541 ], [ -90.773622, 38.594617 ], [ -90.812988, 38.585554 ], [ -90.841933, 38.565955 ], [ -90.910886, 38.535924 ], [ -90.934827, 38.535405 ], [ -90.954039, 38.541561 ], [ -90.964424, 38.549163 ] ] ] } },
{ "type": "Feature", "properties": { "district": "105", "name": "State House District 105" }, "geometry": { "type": "Polygon", "coordinates": [ [ [ -90.568738, 38.778981 ], [ -90.56831, 38.791053 ], [ -90.560087, 38.791907 ], [ -90.51946, 38.7817 ], [ -90.51528, 38.78785 ], [ -90.500281, 38.795925 ], [ -90.49276, 38.78689 ], [ -90.477188, 38.778126 ], [ -90.482989, 38.762814 ], [ -90.492846, 38.751372 ], [ -90.521808, 38.736842 ], [ -90.5288, 38.7453 ], [ -90.543747, 38.753726 ], [ -90.53979, 38.76017 ], [ -90.553178, 38.776578 ], [ -90.555872, 38.776053 ], [ -90.556552, 38.780667 ], [ -90.568738, 38.778981 ] ] ] } },
{ "type": "Feature", "properties": { "district": "106", "name": "State House District 106" }, "geometry": { "type": "Polygon", "coordinates": [ [ [ -90.570858, 38.806196 ], [ -90.55899, 38.809845 ], [ -90.558425, 38.823411 ], [ -90.548943, 38.82318 ], [ -90.54807, 38.834483 ], [ -90.530466, 38.833215 ], [ -90.53011, 38.83767 ], [ -90.51088, 38.83629 ], [ -90.49088, 38.84833 ], [ -90.47015, 38.83337 ], [ -90.492022, 38.821962 ], [ -90.48188, 38.81121 ], [ -90.482567, 38.806622 ], [ -90.467186, 38.798545 ], [ -90.473188, 38.790978 ], [ -90.477188, 38.778126 ], [ -90.49276, 38.78689 ], [ -90.500281, 38.795925 ], [ -90.51528, 38.78785 ], [ -90.51946, 38.7817 ], [ -90.547092, 38.789411 ], [ -90.56577, 38.79102 ], [ -90.56515, 38.79358 ], [ -90.569749, 38.795172 ], [ -90.568092, 38.80111 ], [ -90.570858, 38.806196 ] ] ] } },
{ "type": "Feature", "properties": { "district": "109", "name": "State House District 109" }, "geometry": { "type": "Polygon", "coordinates": [ [ [ -91.367622, 38.480272 ], [ -91.369192, 38.699324 ], [ -91.34912, 38.695435 ], [ -91.326092, 38.708057 ], [ -91.313093, 38.706715 ], [ -91.259813, 38.666601 ], [ -91.232986, 38.65134 ], [ -91.227035, 38.64171 ], [ -91.228444, 38.629823 ], [ -91.223683, 38.620149 ], [ -91.182957, 38.607896 ], [ -91.125148, 38.597704 ], [ -91.077324, 38.609343 ], [ -91.055898, 38.608267 ], [ -91.037222, 38.598576 ], [ -91.02143, 38.57352 ], [ -91.007809, 38.562345 ], [ -90.947721, 38.53894 ], [ -90.926767, 38.53429 ], [ -90.894922, 38.540963 ], [ -90.873268, 38.553893 ], [ -90.841933, 38.565955 ], [ -90.812988, 38.585554 ], [ -90.773622, 38.594617 ], [ -90.759606, 38.606541 ], [ -90.750703, 38.625103 ], [ -90.742412, 38.634563 ], [ -90.733059, 38.639295 ], [ -90.735301, 38.505245 ], [ -90.740159, 38.505313 ], [ -90.74009, 38.508975 ], [ -90.765687, 38.509948 ], [ -90.768812, 38.515028 ], [ -90.790968, 38.507159 ], [ -90.81278, 38.493684 ], [ -90.814899, 38.505512 ], [ -90.825199, 38.510283 ], [ -90.825285, 38.513452 ], [ -90.85855, 38.503458 ], [ -90.85856, 38.482697 ], [ -90.850042, 38.481058 ], [ -90.855983, 38.464963 ], [ -90.891717, 38.450658 ], [ -90.91118, 38.438709 ], [ -90.928546, 38.436046 ], [ -90.957333, 38.437873 ], [ -90.957339, 38.440521 ], [ -90.957873, 38.437791 ], [ -90.966163, 38.436712 ], [ -90.968806, 38.437372 ], [ -90.968146, 38.444829 ], [ -90.972534, 38.435851 ], [ -90.989176, 38.44924 ], [ -90.995443, 38.450299 ], [ -90.995465, 38.454667 ], [ -90.999816, 38.454759 ], [ -90.990387, 38.458071 ], [ -90.990465, 38.461722 ], [ -91.004791, 38.462396 ], [ -91.004999, 38.465534 ], [ -91.012429, 38.465958 ], [ -91.012669, 38.462281 ], [ -91.015543, 38.462234 ], [ -91.015449, 38.467019 ], [ -91.020342, 38.469735 ], [ -91.030299, 38.469721 ], [ -91.030087, 38.462085 ], [ -91.035148, 38.462044 ], [ -91.035198, 38.45051 ], [ -91.040057, 38.450529 ], [ -91.040166, 38.446299 ], [ -91.035286, 38.447496 ], [ -91.030563, 38.439431 ], [ -91.064882, 38.448434 ], [ -91.064665, 38.469336 ], [ -91.124826, 38.468606 ], [ -91.124726, 38.505489 ], [ -91.15675, 38.504986 ], [ -91.171099, 38.49835 ], [ -91.207045, 38.500797 ], [ -91.231505, 38.506367 ], [ -91.243266, 38.486747 ], [ -91.283691, 38.497523 ], [ -91.317742, 38.488493 ], [ -91.316835, 38.49969 ], [ -91.321289, 38.499928 ], [ -91.340895, 38.478363 ], [ -91.367622, 38.480272 ] ] ] } },
{ "type": "Feature", "properties": { "district": "113", "name": "State House District 113" }, "geometry": { "type": "Polygon", "coordinates": [ [ [ -90.455726, 38.326374 ], [ -90.448276, 38.327725 ], [ -90.43601, 38.34707 ], [ -90.42701, 38.35152 ], [ -90.42286, 38.358 ], [ -90.39588, 38.34848 ], [ -90.38039, 38.37439 ], [ -90.382268, 38.393891 ], [ -90.39134, 38.39732 ], [ -90.40422, 38.39705 ], [ -90.40958, 38.40147 ], [ -90.4057, 38.40669 ], [ -90.390134, 38.409849 ], [ -90.400857, 38.41269 ], [ -90.40072, 38.420705 ], [ -90.409969, 38.423482 ], [ -90.409926, 38.427272 ], [ -90.407151, 38.427274 ], [ -90.411672, 38.431935 ], [ -90.414547, 38.427347 ], [ -90.419267, 38.431525 ], [ -90.415103, 38.431036 ], [ -90.414708, 38.433942 ], [ -90.419147, 38.442151 ], [ -90.410574, 38.442048 ], [ -90.392169, 38.453129 ], [ -90.391516, 38.450399 ], [ -90.38277, 38.451349 ], [ -90.353631, 38.458217 ], [ -90.336443, 38.453978 ], [ -90.335745, 38.448195 ], [ -90.347463, 38.435216 ], [ -90.348588, 38.430079 ], [ -90.348594, 38.407069 ], [ -90.342134, 38.387285 ], [ -90.367387, 38.341126 ], [ -90.371405, 38.322969 ], [ -90.38465, 38.32329 ], [ -90.385052, 38.31969 ], [ -90.389621, 38.319752 ], [ -90.391696, 38.323433 ], [ -90.392075, 38.319095 ], [ -90.39941, 38.32358 ], [ -90.455726, 38.326374 ] ] ] } },
{ "type": "Feature", "properties": { "district": "117", "name": "State House District 117" }, "geometry": { "type": "Polygon", "coordinates": [ [ [ -90.644328, 37.769301 ], [ -90.63998, 38.076548 ], [ -90.632542, 38.07406 ], [ -90.625212, 38.076036 ], [ -90.612011, 38.069585 ], [ -90.621447, 38.047474 ], [ -90.612787, 38.015895 ], [ -90.626469, 38.011937 ], [ -90.628084, 38.007743 ], [ -90.583324, 38.003499 ], [ -90.416667, 38.04276 ], [ -90.32287, 37.981731 ], [ -90.459133, 37.878924 ], [ -90.34833, 37.793495 ], [ -90.391483, 37.780053 ], [ -90.395007, 37.784734 ], [ -90.392089, 37.786827 ], [ -90.391952, 37.794088 ], [ -90.398541, 37.794239 ], [ -90.400266, 37.798689 ], [ -90.407244, 37.794681 ], [ -90.408046, 37.797308 ], [ -90.419622, 37.796825 ], [ -90.424704, 37.800956 ], [ -90.423769, 37.805598 ], [ -90.431061, 37.804949 ], [ -90.428405, 37.80562 ], [ -90.43146, 37.806617 ], [ -90.428438, 37.809098 ], [ -90.428624, 37.815869 ], [ -90.438097, 37.818005 ], [ -90.437182, 37.823045 ], [ -90.446615, 37.824079 ], [ -90.447899, 37.816807 ], [ -90.452853, 37.816746 ], [ -90.451426, 37.81379 ], [ -90.432299, 37.811703 ], [ -90.433344, 37.804797 ], [ -90.443665, 37.799563 ], [ -90.447336, 37.80582 ], [ -90.453205, 37.805842 ], [ -90.452021, 37.813195 ], [ -90.469108, 37.813262 ], [ -90.466841, 37.798835 ], [ -90.475937, 37.798898 ], [ -90.475984, 37.796732 ], [ -90.46549, 37.795693 ], [ -90.465683, 37.792454 ], [ -90.469581, 37.792705 ], [ -90.471982, 37.778649 ], [ -90.478523, 37.77961 ], [ -90.480284, 37.770545 ], [ -90.486425, 37.771563 ], [ -90.488454, 37.762736 ], [ -90.493775, 37.762915 ], [ -90.494164, 37.755365 ], [ -90.507012, 37.75615 ], [ -90.507844, 37.763454 ], [ -90.52712, 37.762183 ], [ -90.527024, 37.767994 ], [ -90.533067, 37.771005 ], [ -90.541856, 37.771444 ], [ -90.551879, 37.764341 ], [ -90.564007, 37.767359 ], [ -90.568486, 37.764385 ], [ -90.601757, 37.764239 ], [ -90.607072, 37.767897 ], [ -90.615867, 37.768059 ], [ -90.613094, 37.778787 ], [ -90.621537, 37.773316 ], [ -90.624824, 37.775836 ], [ -90.624709, 37.780622 ], [ -90.629572, 37.775485 ], [ -90.629849, 37.76816 ], [ -90.644328, 37.769301 ] ] ] } },
{ "type": "Feature", "properties": { "district": "120", "name": "State House District 120" }, "geometry": { "type": "Polygon", "coordinates": [ [ [ -91.809105, 37.598863 ], [ -91.806219, 37.791286 ], [ -91.528797, 37.788989 ], [ -91.525025, 38.152433 ], [ -91.534384, 38.152593 ], [ -91.535332, 38.210974 ], [ -91.367482, 38.209741 ], [ -91.36763, 38.204013 ], [ -91.095765, 38.204083 ], [ -91.09394, 38.000033 ], [ -91.100017, 37.740012 ], [ -91.146521, 37.740811 ], [ -91.146972, 37.697198 ], [ -91.153345, 37.69734 ], [ -91.155073, 37.588092 ], [ -91.312458, 37.592824 ], [ -91.314236, 37.505132 ], [ -91.210984, 37.501911 ], [ -91.211863, 37.415277 ], [ -91.75504, 37.42411 ], [ -91.754795, 37.598768 ], [ -91.809105, 37.598863 ] ] ] } },
{ "type": "Feature", "properties": { "district": "121", "name": "State House District 121" }, "geometry": { "type": "Polygon", "coordinates": [ [ [ -92.273563, 37.808196 ], [ -92.273263, 37.817866 ], [ -92.255397, 37.820695 ], [ -92.242495, 37.813646 ], [ -92.242871, 37.820443 ], [ -92.227271, 37.820185 ], [ -92.22715, 37.827496 ], [ -92.222073, 37.831082 ], [ -92.236008, 37.831471 ], [ -92.235866, 37.84248 ], [ -92.240391, 37.842614 ], [ -92.232357, 37.847574 ], [ -92.22671, 37.843305 ], [ -92.217664, 37.843136 ], [ -92.212189, 37.846815 ], [ -92.208137, 37.845059 ], [ -92.208503, 37.834407 ], [ -92.194792, 37.836044 ], [ -92.195959, 37.844303 ], [ -92.214596, 37.876876 ], [ -92.203233, 37.877087 ], [ -92.171371, 37.863275 ], [ -92.159714, 37.863446 ], [ -92.156847, 37.873443 ], [ -92.163231, 37.8851 ], [ -92.110675, 37.883098 ], [ -92.095073, 37.893849 ], [ -92.092228, 37.902062 ], [ -92.083394, 37.899687 ], [ -92.075678, 37.908614 ], [ -92.08113, 37.910193 ], [ -92.081006, 37.933012 ], [ -92.07534, 37.941382 ], [ -92.041252, 37.941164 ], [ -92.032194, 37.949517 ], [ -92.021692, 37.939681 ], [ -92.029258, 37.602542 ], [ -92.249864, 37.604534 ], [ -92.249106, 37.663018 ], [ -92.231141, 37.662991 ], [ -92.230926, 37.684176 ], [ -92.23964, 37.685991 ], [ -92.239585, 37.691162 ], [ -92.236183, 37.692416 ], [ -92.237267, 37.702552 ], [ -92.235025, 37.70984 ], [ -92.2303, 37.710871 ], [ -92.23018, 37.714496 ], [ -92.225626, 37.714447 ], [ -92.225375, 37.721716 ], [ -92.216117, 37.725209 ], [ -92.215945, 37.7313 ], [ -92.224137, 37.733632 ], [ -92.224153, 37.730997 ], [ -92.229778, 37.730923 ], [ -92.231308, 37.736146 ], [ -92.23744, 37.734349 ], [ -92.237141, 37.746881 ], [ -92.243636, 37.746837 ], [ -92.243608, 37.755112 ], [ -92.23672, 37.755443 ], [ -92.236725, 37.769411 ], [ -92.246918, 37.769587 ], [ -92.246827, 37.783934 ], [ -92.236791, 37.783877 ], [ -92.236581, 37.787576 ], [ -92.240214, 37.787526 ], [ -92.239649, 37.793902 ], [ -92.244662, 37.793292 ], [ -92.24204, 37.798685 ], [ -92.260937, 37.79913 ], [ -92.260668, 37.802014 ], [ -92.264428, 37.802079 ], [ -92.264369, 37.807626 ], [ -92.273563, 37.808196 ] ] ] } },
{ "type": "Feature", "properties": { "district": "026", "name": "State House District 26" }, "geometry": { "type": "Polygon", "coordinates": [ [ [ -94.596302, 38.947956 ], [ -94.595406, 38.966933 ], [ -94.585937, 38.966527 ], [ -94.585796, 38.97383 ], [ -94.590421, 38.97401 ], [ -94.590285, 38.977698 ], [ -94.587987, 38.977695 ], [ -94.587237, 38.992042 ], [ -94.582592, 38.991849 ], [ -94.58222, 38.999119 ], [ -94.54116, 38.998258 ], [ -94.5219, 38.993929 ], [ -94.518821, 38.996344 ], [ -94.514517, 38.993643 ], [ -94.502601, 38.99552 ], [ -94.502313, 38.986101 ], [ -94.505423, 38.982388 ], [ -94.485182, 38.980658 ], [ -94.499178, 38.965942 ], [ -94.474773, 38.965013 ], [ -94.475395, 38.951052 ], [ -94.480074, 38.951263 ], [ -94.480584, 38.940875 ], [ -94.474873, 38.937829 ], [ -94.511009, 38.938434 ], [ -94.515209, 38.945431 ], [ -94.513204, 38.952594 ], [ -94.523164, 38.954778 ], [ -94.572372, 38.954248 ], [ -94.573134, 38.947897 ], [ -94.596302, 38.947956 ] ] ] } },
{ "type": "Feature", "properties": { "district": "094", "name": "State House District 94" }, "geometry": { "type": "Polygon", "coordinates": [ [ [ -90.382571, 38.491057 ], [ -90.380621, 38.502372 ], [ -90.374483, 38.510437 ], [ -90.354954, 38.496607 ], [ -90.356868, 38.492994 ], [ -90.349858, 38.492853 ], [ -90.338966, 38.502972 ], [ -90.333296, 38.518048 ], [ -90.3195, 38.525018 ], [ -90.306572, 38.519096 ], [ -90.32595, 38.505927 ], [ -90.318319, 38.50103 ], [ -90.302, 38.494721 ], [ -90.289396, 38.509134 ], [ -90.287757, 38.506043 ], [ -90.270538, 38.50154 ], [ -90.285673, 38.445663 ], [ -90.298556, 38.453267 ], [ -90.312805, 38.455699 ], [ -90.315416, 38.462434 ], [ -90.320041, 38.463599 ], [ -90.319818, 38.477953 ], [ -90.329084, 38.478055 ], [ -90.329888, 38.474965 ], [ -90.335595, 38.477526 ], [ -90.339616, 38.48522 ], [ -90.346339, 38.478067 ], [ -90.352402, 38.478367 ], [ -90.348827, 38.485458 ], [ -90.363676, 38.48591 ], [ -90.377284, 38.493927 ], [ -90.382571, 38.491057 ] ] ] } },
{ "type": "Feature", "properties": { "district": "128", "name": "State House District 128" }, "geometry": { "type": "Polygon", "coordinates": [ [ [ -93.632439, 37.742302 ], [ -93.628404, 37.829435 ], [ -93.572303, 37.827935 ], [ -93.568709, 37.914918 ], [ -93.512103, 37.913535 ], [ -93.511421, 37.927596 ], [ -93.463954, 37.926448 ], [ -93.457526, 37.926177 ], [ -93.458149, 37.911562 ], [ -93.366235, 37.90879 ], [ -93.361501, 37.995601 ], [ -93.347156, 37.995473 ], [ -93.344753, 37.990656 ], [ -93.325388, 38.000236 ], [ -93.316337, 38.001261 ], [ -93.301187, 37.994096 ], [ -93.28819, 37.993535 ], [ -93.290137, 37.96439 ], [ -93.253405, 37.963591 ], [ -93.257712, 37.891047 ], [ -93.18335, 37.889899 ], [ -93.19138, 37.730012 ], [ -93.173183, 37.72966 ], [ -93.182489, 37.417204 ], [ -93.621153, 37.427423 ], [ -93.609489, 37.741755 ], [ -93.632439, 37.742302 ] ] ] } },
{ "type": "Feature", "properties": { "district": "140", "name": "State House District 140" }, "geometry": { "type": "Polygon", "coordinates": [ [ [ -93.371021, 37.076085 ], [ -93.356241, 37.08447 ], [ -93.357603, 37.090707 ], [ -93.354401, 37.094955 ], [ -92.902922, 37.085221 ], [ -92.905114, 36.969185 ], [ -92.9233, 36.969568 ], [ -92.923056, 36.984497 ], [ -92.950235, 36.985954 ], [ -92.950132, 36.992601 ], [ -92.959191, 36.992797 ], [ -92.959327, 36.985007 ], [ -92.995951, 36.985258 ], [ -92.995869, 36.992497 ], [ -93.013814, 36.992688 ], [ -93.018691, 36.996952 ], [ -93.031898, 36.997115 ], [ -93.031185, 37.036165 ], [ -93.041173, 37.036895 ], [ -93.046638, 37.029737 ], [ -93.121676, 37.03114 ], [ -93.122674, 36.958364 ], [ -93.141078, 36.958738 ], [ -93.141438, 36.943919 ], [ -93.145751, 36.94432 ], [ -93.145666, 36.955385 ], [ -93.149808, 36.955447 ], [ -93.149803, 36.958918 ], [ -93.185739, 36.959814 ], [ -93.185993, 36.948856 ], [ -93.194736, 36.949228 ], [ -93.194746, 36.945384 ], [ -93.249007, 36.946795 ], [ -93.248137, 36.9934 ], [ -93.247756, 36.990899 ], [ -93.23107, 36.99243 ], [ -93.229416, 37.019432 ], [ -93.234126, 37.017368 ], [ -93.247475, 37.020088 ], [ -93.245944, 37.023517 ], [ -93.257831, 37.038475 ], [ -93.265321, 37.041269 ], [ -93.260695, 37.042222 ], [ -93.260539, 37.049465 ], [ -93.256748, 37.049333 ], [ -93.255848, 37.056606 ], [ -93.264955, 37.056853 ], [ -93.265145, 37.049687 ], [ -93.269946, 37.049756 ], [ -93.269218, 37.067842 ], [ -93.273715, 37.067957 ], [ -93.274469, 37.071591 ], [ -93.269094, 37.071478 ], [ -93.268995, 37.075816 ], [ -93.280037, 37.075737 ], [ -93.280336, 37.065047 ], [ -93.288331, 37.065285 ], [ -93.288449, 37.061618 ], [ -93.293863, 37.065438 ], [ -93.293769, 37.070894 ], [ -93.289286, 37.072607 ], [ -93.293967, 37.072732 ], [ -93.294036, 37.069121 ], [ -93.298534, 37.069255 ], [ -93.296462, 37.061895 ], [ -93.302937, 37.061969 ], [ -93.298249, 37.076609 ], [ -93.311842, 37.079923 ], [ -93.311994, 37.072828 ], [ -93.309823, 37.072703 ], [ -93.312146, 37.070633 ], [ -93.306689, 37.065553 ], [ -93.30947, 37.065569 ], [ -93.309564, 37.061932 ], [ -93.316999, 37.061904 ], [ -93.316876, 37.065567 ], [ -93.326065, 37.065703 ], [ -93.326301, 37.05835 ], [ -93.353646, 37.058787 ], [ -93.353312, 37.072938 ], [ -93.367245, 37.068967 ], [ -93.371021, 37.076085 ] ] ] } },
{ "type": "Feature", "properties": { "district": "068", "name": "State House District 68" }, "geometry": { "type": "Polygon", "coordinates": [ [ [ -90.378884, 38.813048 ], [ -90.369264, 38.814911 ], [ -90.358486, 38.808701 ], [ -90.350957, 38.810718 ], [ -90.341427, 38.803887 ], [ -90.338382, 38.807037 ], [ -90.332342, 38.802557 ], [ -90.338849, 38.796808 ], [ -90.323022, 38.786776 ], [ -90.316147, 38.795447 ], [ -90.309275, 38.795418 ], [ -90.30895, 38.801603 ], [ -90.298943, 38.809221 ], [ -90.292664, 38.799476 ], [ -90.278551, 38.797237 ], [ -90.276414, 38.788027 ], [ -90.270884, 38.787975 ], [ -90.267454, 38.782987 ], [ -90.254955, 38.783237 ], [ -90.255291, 38.777538 ], [ -90.262584, 38.773914 ], [ -90.271629, 38.774721 ], [ -90.274524, 38.771472 ], [ -90.307628, 38.772663 ], [ -90.301427, 38.766874 ], [ -90.302983, 38.761588 ], [ -90.31744, 38.761861 ], [ -90.318141, 38.771377 ], [ -90.329198, 38.769437 ], [ -90.328298, 38.774632 ], [ -90.337682, 38.776231 ], [ -90.339576, 38.787049 ], [ -90.343229, 38.786171 ], [ -90.357441, 38.793443 ], [ -90.353493, 38.797818 ], [ -90.378884, 38.813048 ] ] ] } },
{ "type": "Feature", "properties": { "district": "116", "name": "State House District 116" }, "geometry": { "type": "Polygon", "coordinates": [ [ [ -90.647869, 37.643046 ], [ -90.644337, 37.768371 ], [ -90.629849, 37.76816 ], [ -90.629572, 37.775485 ], [ -90.624709, 37.780622 ], [ -90.624824, 37.775836 ], [ -90.621537, 37.773316 ], [ -90.613094, 37.778787 ], [ -90.615867, 37.768059 ], [ -90.607072, 37.767897 ], [ -90.601757, 37.764239 ], [ -90.568486, 37.764385 ], [ -90.564007, 37.767359 ], [ -90.551879, 37.764341 ], [ -90.541856, 37.771444 ], [ -90.533067, 37.771005 ], [ -90.527024, 37.767994 ], [ -90.52712, 37.762183 ], [ -90.507844, 37.763454 ], [ -90.507012, 37.75615 ], [ -90.494164, 37.755365 ], [ -90.493775, 37.762915 ], [ -90.488454, 37.762736 ], [ -90.486425, 37.771563 ], [ -90.480284, 37.770545 ], [ -90.478523, 37.77961 ], [ -90.471982, 37.778649 ], [ -90.469581, 37.792705 ], [ -90.465683, 37.792454 ], [ -90.46549, 37.795693 ], [ -90.475984, 37.796732 ], [ -90.475937, 37.798898 ], [ -90.466841, 37.798835 ], [ -90.469108, 37.813262 ], [ -90.452021, 37.813195 ], [ -90.453205, 37.805842 ], [ -90.447336, 37.80582 ], [ -90.443665, 37.799563 ], [ -90.433344, 37.804797 ], [ -90.432299, 37.811703 ], [ -90.451426, 37.81379 ], [ -90.452853, 37.816746 ], [ -90.447899, 37.816807 ], [ -90.446615, 37.824079 ], [ -90.437182, 37.823045 ], [ -90.438097, 37.818005 ], [ -90.428624, 37.815869 ], [ -90.428438, 37.809098 ], [ -90.43146, 37.806617 ], [ -90.428405, 37.80562 ], [ -90.431061, 37.804949 ], [ -90.423769, 37.805598 ], [ -90.424704, 37.800956 ], [ -90.419622, 37.796825 ], [ -90.408046, 37.797308 ], [ -90.407244, 37.794681 ], [ -90.400266, 37.798689 ], [ -90.398541, 37.794239 ], [ -90.391952, 37.794088 ], [ -90.392089, 37.786827 ], [ -90.395007, 37.784734 ], [ -90.391483, 37.780053 ], [ -90.34833, 37.793495 ], [ -90.200208, 37.669628 ], [ -90.154187, 37.699766 ], [ -90.110537, 37.67134 ], [ -90.146778, 37.641699 ], [ -90.146752, 37.597127 ], [ -90.138536, 37.541219 ], [ -90.143989, 37.480923 ], [ -90.297269, 37.479662 ], [ -90.295992, 37.472412 ], [ -90.300129, 37.467722 ], [ -90.309215, 37.479295 ], [ -90.35989, 37.48002 ], [ -90.358038, 37.525459 ], [ -90.373479, 37.523141 ], [ -90.382814, 37.515727 ], [ -90.392491, 37.513051 ], [ -90.392395, 37.503487 ], [ -90.399235, 37.50459 ], [ -90.403321, 37.509014 ], [ -90.409365, 37.505147 ], [ -90.42592, 37.509353 ], [ -90.436366, 37.503903 ], [ -90.452052, 37.501647 ], [ -90.457892, 37.502484 ], [ -90.455631, 37.507554 ], [ -90.457911, 37.512018 ], [ -90.449715, 37.51851 ], [ -90.447822, 37.524519 ], [ -90.546769, 37.524407 ], [ -90.547406, 37.59841 ], [ -90.535144, 37.5984 ], [ -90.535006, 37.645019 ], [ -90.647869, 37.643046 ] ] ] } },
{ "type": "Feature", "properties": { "district": "037", "name": "State House District 37" }, "geometry": { "type": "Polygon", "coordinates": [ [ [ -94.608005, 38.919924 ], [ -94.607995, 38.93709 ], [ -94.596665, 38.940518 ], [ -94.596302, 38.947956 ], [ -94.573134, 38.947897 ], [ -94.57014, 38.954357 ], [ -94.523164, 38.954778 ], [ -94.513204, 38.952594 ], [ -94.515209, 38.945431 ], [ -94.511009, 38.938434 ], [ -94.471443, 38.937755 ], [ -94.473445, 38.92428 ], [ -94.480908, 38.917872 ], [ -94.482745, 38.908397 ], [ -94.488889, 38.901797 ], [ -94.488569, 38.907211 ], [ -94.560828, 38.910095 ], [ -94.560478, 38.917586 ], [ -94.608005, 38.919924 ] ] ] } },
{ "type": "Feature", "properties": { "district": "143", "name": "State House District 143" }, "geometry": { "type": "Polygon", "coordinates": [ [ [ -92.25298, 37.254843 ], [ -92.249463, 37.604543 ], [ -92.029258, 37.602542 ], [ -92.021165, 38.010639 ], [ -92.18537, 38.015138 ], [ -92.181372, 38.161238 ], [ -92.197773, 38.161538 ], [ -92.195675, 38.292237 ], [ -92.010452, 38.28814 ], [ -91.883986, 38.289898 ], [ -91.86312, 38.29361 ], [ -91.775346, 38.292044 ], [ -91.757318, 38.28872 ], [ -91.644729, 38.28851 ], [ -91.644893, 38.153679 ], [ -91.630554, 38.153519 ], [ -91.632431, 38.050951 ], [ -91.775063, 38.052398 ], [ -91.775177, 38.009804 ], [ -91.777521, 38.006232 ], [ -91.773367, 37.989233 ], [ -91.768214, 37.981937 ], [ -91.778503, 37.982417 ], [ -91.778628, 37.973848 ], [ -91.781566, 37.976275 ], [ -91.784089, 37.97671 ], [ -91.782227, 37.970992 ], [ -91.789538, 37.968117 ], [ -91.789274, 37.965651 ], [ -91.796886, 37.965546 ], [ -91.796169, 37.963138 ], [ -91.858956, 37.96448 ], [ -91.861085, 37.828184 ], [ -91.860588, 37.791829 ], [ -91.806219, 37.791286 ], [ -91.809105, 37.598863 ], [ -91.754795, 37.598768 ], [ -91.75504, 37.42411 ], [ -91.646626, 37.422731 ], [ -91.647691, 37.248333 ], [ -91.651579, 37.24835 ], [ -91.655607, 37.048925 ], [ -91.875149, 37.050697 ], [ -91.980803, 37.05564 ], [ -92.251359, 37.059653 ], [ -92.247175, 37.254908 ], [ -92.25298, 37.254843 ] ] ] } },
{ "type": "Feature", "properties": { "district": "020", "name": "State House District 20" }, "geometry": { "type": "Polygon", "coordinates": [ [ [ -94.460667, 39.11848 ], [ -94.430365, 39.138026 ], [ -94.402328, 39.164766 ], [ -94.399928, 39.174803 ], [ -94.409025, 39.192104 ], [ -94.402128, 39.197003 ], [ -94.389728, 39.193503 ], [ -94.378406, 39.168912 ], [ -94.369415, 39.163676 ], [ -94.363556, 39.163656 ], [ -94.332612, 39.180564 ], [ -94.329537, 39.175856 ], [ -94.334165, 39.174461 ], [ -94.334378, 39.169947 ], [ -94.329256, 39.16372 ], [ -94.344877, 39.160116 ], [ -94.343975, 39.15612 ], [ -94.351262, 39.153895 ], [ -94.351263, 39.149705 ], [ -94.345148, 39.148442 ], [ -94.353697, 39.143952 ], [ -94.353507, 39.140734 ], [ -94.358783, 39.137075 ], [ -94.349237, 39.132369 ], [ -94.31787, 39.136728 ], [ -94.268155, 39.136518 ], [ -94.258375, 39.139772 ], [ -94.215923, 39.138646 ], [ -94.218937, 39.080359 ], [ -94.255649, 39.081123 ], [ -94.255909, 39.078432 ], [ -94.265138, 39.078003 ], [ -94.275703, 39.082292 ], [ -94.27788, 39.066476 ], [ -94.269796, 39.053403 ], [ -94.315305, 39.054104 ], [ -94.312661, 39.044616 ], [ -94.305436, 39.035596 ], [ -94.331944, 39.03832 ], [ -94.33236, 39.032992 ], [ -94.33707, 39.032684 ], [ -94.337149, 39.029183 ], [ -94.327814, 39.026951 ], [ -94.331442, 39.021524 ], [ -94.332818, 39.024967 ], [ -94.360341, 39.026221 ], [ -94.341304, 39.037171 ], [ -94.339541, 39.047435 ], [ -94.344955, 39.054798 ], [ -94.344495, 39.062157 ], [ -94.356812, 39.067273 ], [ -94.363358, 39.065717 ], [ -94.370437, 39.07245 ], [ -94.376881, 39.072409 ], [ -94.376621, 39.077758 ], [ -94.362409, 39.079633 ], [ -94.361889, 39.089966 ], [ -94.356068, 39.089916 ], [ -94.360695, 39.092363 ], [ -94.361184, 39.108216 ], [ -94.39213, 39.107565 ], [ -94.3975, 39.102949 ], [ -94.416695, 39.101429 ], [ -94.416083, 39.115885 ], [ -94.422739, 39.116161 ], [ -94.431234, 39.112512 ], [ -94.432386, 39.102673 ], [ -94.45374, 39.102775 ], [ -94.453135, 39.117014 ], [ -94.45646, 39.115418 ], [ -94.460667, 39.11848 ] ] ] } },
{ "type": "Feature", "properties": { "district": "005", "name": "State House District 5" }, "geometry": { "type": "Polygon", "coordinates": [ [ [ -91.846743, 39.658513 ], [ -91.840353, 39.948235 ], [ -91.435517, 39.945222 ], [ -91.42183, 39.93297 ], [ -91.419023, 39.920309 ], [ -91.420878, 39.914865 ], [ -91.443513, 39.893583 ], [ -91.447844, 39.877951 ], [ -91.446685, 39.871642 ], [ -91.432158, 39.840308 ], [ -91.376488, 39.810033 ], [ -91.363444, 39.792804 ], [ -91.361571, 39.787548 ], [ -91.365694, 39.77491 ], [ -91.365125, 39.758723 ], [ -91.369953, 39.745042 ], [ -91.368418, 39.729738 ], [ -91.347253, 39.71048 ], [ -91.301603, 39.679068 ], [ -91.27614, 39.665759 ], [ -91.229317, 39.620853 ], [ -91.185921, 39.605119 ], [ -91.178012, 39.598196 ], [ -91.203712, 39.598355 ], [ -91.460442, 39.450722 ], [ -91.438235, 39.318716 ], [ -91.718467, 39.324505 ], [ -91.712161, 39.57145 ], [ -91.711934, 39.599095 ], [ -91.716264, 39.59945 ], [ -91.715247, 39.657644 ], [ -91.846743, 39.658513 ] ] ] } },
{ "type": "Feature", "properties": { "district": "146", "name": "State House District 146" }, "geometry": { "type": "Polygon", "coordinates": [ [ [ -89.863563, 37.310679 ], [ -89.861123, 37.599286 ], [ -89.816318, 37.599883 ], [ -89.8038, 37.601948 ], [ -89.799977, 37.606461 ], [ -89.797051, 37.602162 ], [ -89.801316, 37.592575 ], [ -89.791911, 37.592388 ], [ -89.786334, 37.598728 ], [ -89.782099, 37.591837 ], [ -89.765494, 37.591571 ], [ -89.760665, 37.587789 ], [ -89.757109, 37.592232 ], [ -89.736781, 37.590818 ], [ -89.740659, 37.599193 ], [ -89.734951, 37.601558 ], [ -89.722143, 37.595405 ], [ -89.719313, 37.587857 ], [ -89.714967, 37.588993 ], [ -89.716206, 37.594963 ], [ -89.710149, 37.599452 ], [ -89.696695, 37.594012 ], [ -89.687026, 37.595577 ], [ -89.683966, 37.592758 ], [ -89.68635, 37.588351 ], [ -89.681055, 37.584609 ], [ -89.677392, 37.584872 ], [ -89.675732, 37.591556 ], [ -89.672184, 37.58338 ], [ -89.664504, 37.590395 ], [ -89.665005, 37.598389 ], [ -89.647141, 37.59772 ], [ -89.638927, 37.603595 ], [ -89.637733, 37.597669 ], [ -89.641581, 37.592183 ], [ -89.639843, 37.587025 ], [ -89.636182, 37.586867 ], [ -89.634139, 37.590755 ], [ -89.626243, 37.588097 ], [ -89.624322, 37.593679 ], [ -89.616663, 37.592541 ], [ -89.603865, 37.603384 ], [ -89.603574, 37.592056 ], [ -89.593382, 37.583897 ], [ -89.596748, 37.579345 ], [ -89.592305, 37.574757 ], [ -89.583456, 37.58188 ], [ -89.58223, 37.576006 ], [ -89.585256, 37.574445 ], [ -89.581641, 37.57107 ], [ -89.554583, 37.576823 ], [ -89.542713, 37.566962 ], [ -89.538324, 37.568617 ], [ -89.541453, 37.572169 ], [ -89.538636, 37.574329 ], [ -89.529294, 37.564189 ], [ -89.521855, 37.566214 ], [ -89.516447, 37.535558 ], [ -89.502917, 37.51787 ], [ -89.493557, 37.496478 ], [ -89.472772, 37.468073 ], [ -89.439769, 37.4372 ], [ -89.420939, 37.393952 ], [ -89.428185, 37.356158 ], [ -89.434316, 37.345624 ], [ -89.449465, 37.340016 ], [ -89.474569, 37.338165 ], [ -89.489645, 37.332873 ], [ -89.494781, 37.340743 ], [ -89.509277, 37.341968 ], [ -89.515964, 37.338555 ], [ -89.52831, 37.338496 ], [ -89.53819, 37.341496 ], [ -89.539318, 37.354189 ], [ -89.551342, 37.352773 ], [ -89.553837, 37.360228 ], [ -89.56304, 37.359774 ], [ -89.565181, 37.352784 ], [ -89.574845, 37.352738 ], [ -89.572613, 37.36178 ], [ -89.576708, 37.362651 ], [ -89.577579, 37.367427 ], [ -89.574089, 37.372136 ], [ -89.580339, 37.370621 ], [ -89.580462, 37.373648 ], [ -89.574813, 37.373601 ], [ -89.575266, 37.376298 ], [ -89.585729, 37.380179 ], [ -89.593015, 37.377653 ], [ -89.592961, 37.382001 ], [ -89.599249, 37.382456 ], [ -89.601334, 37.379579 ], [ -89.598734, 37.377955 ], [ -89.601615, 37.376675 ], [ -89.602349, 37.383956 ], [ -89.617835, 37.38186 ], [ -89.568674, 37.278786 ], [ -89.569372, 37.260086 ], [ -89.56717, 37.258116 ], [ -89.545437, 37.26624 ], [ -89.546953, 37.262172 ], [ -89.523345, 37.262268 ], [ -89.524329, 37.274467 ], [ -89.518404, 37.289074 ], [ -89.515362, 37.278909 ], [ -89.48872, 37.251457 ], [ -89.491164, 37.24653 ], [ -89.498669, 37.24514 ], [ -89.503804, 37.247501 ], [ -89.507077, 37.243993 ], [ -89.510606, 37.246383 ], [ -89.518137, 37.243535 ], [ -89.520489, 37.247325 ], [ -89.546448, 37.247296 ], [ -89.546502, 37.240222 ], [ -89.583475, 37.240319 ], [ -89.583419, 37.232919 ], [ -89.657219, 37.231237 ], [ -89.656705, 37.246336 ], [ -89.664718, 37.246413 ], [ -89.660769, 37.24968 ], [ -89.668199, 37.253404 ], [ -89.658806, 37.260102 ], [ -89.659613, 37.268935 ], [ -89.656842, 37.267095 ], [ -89.656613, 37.316943 ], [ -89.665072, 37.317524 ], [ -89.665597, 37.320269 ], [ -89.662679, 37.338706 ], [ -89.688192, 37.339268 ], [ -89.688199, 37.317066 ], [ -89.683819, 37.315083 ], [ -89.686978, 37.311709 ], [ -89.720751, 37.313185 ], [ -89.737334, 37.318292 ], [ -89.759206, 37.315633 ], [ -89.771524, 37.318487 ], [ -89.771635, 37.311997 ], [ -89.863563, 37.310679 ] ] ] } },
{ "type": "Feature", "properties": { "district": "151", "name": "State House District 151" }, "geometry": { "type": "Polygon", "coordinates": [ [ [ -90.259918, 36.907316 ], [ -90.248657, 36.910224 ], [ -90.25755, 36.912049 ], [ -90.259287, 36.919535 ], [ -90.258563, 36.922043 ], [ -90.241782, 36.921527 ], [ -90.24164, 36.935945 ], [ -90.223603, 36.935756 ], [ -90.223203, 36.964652 ], [ -90.205175, 36.964552 ], [ -90.204884, 36.978777 ], [ -90.186577, 36.978683 ], [ -90.186327, 36.993345 ], [ -90.168461, 36.993195 ], [ -90.167874, 37.007651 ], [ -90.149447, 37.007444 ], [ -90.148518, 37.041601 ], [ -90.111096, 37.042505 ], [ -90.110354, 37.085871 ], [ -90.22323, 37.086519 ], [ -90.216843, 37.28258 ], [ -90.199033, 37.285738 ], [ -90.17611, 37.300076 ], [ -90.140695, 37.302257 ], [ -90.128347, 37.301647 ], [ -90.128386, 37.297258 ], [ -90.118997, 37.292635 ], [ -90.114628, 37.281546 ], [ -90.109084, 37.280389 ], [ -90.108427, 37.341245 ], [ -90.051189, 37.341939 ], [ -90.050954, 37.357283 ], [ -89.994057, 37.359087 ], [ -89.993872, 37.371143 ], [ -89.862363, 37.369974 ], [ -89.863563, 37.310679 ], [ -89.771635, 37.311997 ], [ -89.771524, 37.318487 ], [ -89.759206, 37.315633 ], [ -89.737334, 37.318292 ], [ -89.720751, 37.313185 ], [ -89.686978, 37.311709 ], [ -89.683819, 37.315083 ], [ -89.688199, 37.317066 ], [ -89.688192, 37.339268 ], [ -89.662679, 37.338706 ], [ -89.665597, 37.320269 ], [ -89.665072, 37.317524 ], [ -89.656613, 37.316943 ], [ -89.656842, 37.267095 ], [ -89.659613, 37.268935 ], [ -89.658325, 37.260975 ], [ -89.668186, 37.253246 ], [ -89.660769, 37.24968 ], [ -89.664718, 37.246413 ], [ -89.656705, 37.246336 ], [ -89.657219, 37.231237 ], [ -89.620256, 37.233008 ], [ -89.620457, 37.21828 ], [ -89.649659, 37.218268 ], [ -89.649464, 37.20619 ], [ -89.667422, 37.206126 ], [ -89.667426, 37.198754 ], [ -89.685996, 37.198486 ], [ -89.685862, 37.183981 ], [ -89.704168, 37.183964 ], [ -89.703797, 37.155049 ], [ -89.722045, 37.155074 ], [ -89.721783, 37.14056 ], [ -89.758515, 37.140608 ], [ -89.758224, 37.126039 ], [ -89.765211, 37.126066 ], [ -89.765567, 37.118597 ], [ -89.772887, 37.112418 ], [ -89.774112, 37.097593 ], [ -89.78688, 37.087304 ], [ -89.778079, 37.075948 ], [ -89.778953, 37.072108 ], [ -89.769383, 37.059204 ], [ -89.767787, 37.05206 ], [ -89.763294, 37.048886 ], [ -89.759371, 37.051712 ], [ -89.756965, 37.04982 ], [ -89.758591, 37.038965 ], [ -89.757241, 37.036087 ], [ -89.752573, 37.036634 ], [ -89.753858, 37.029897 ], [ -89.746139, 37.0277 ], [ -89.746524, 37.022884 ], [ -89.735642, 37.01063 ], [ -89.737028, 37.007056 ], [ -89.721176, 36.990508 ], [ -89.718847, 36.982432 ], [ -89.722478, 36.97577 ], [ -89.718023, 36.974657 ], [ -89.720566, 36.968879 ], [ -89.715573, 36.960623 ], [ -89.715236, 36.952478 ], [ -89.71219, 36.952905 ], [ -89.709467, 36.94639 ], [ -89.702774, 36.947348 ], [ -89.695581, 36.938657 ], [ -89.692249, 36.940651 ], [ -89.692416, 36.934727 ], [ -89.686687, 36.928355 ], [ -89.690048, 36.92439 ], [ -89.68469, 36.923278 ], [ -89.688525, 36.921041 ], [ -89.686488, 36.919026 ], [ -89.68969, 36.91613 ], [ -89.68711, 36.913827 ], [ -89.690802, 36.913258 ], [ -89.693774, 36.89964 ], [ -89.686636, 36.884668 ], [ -89.689823, 36.885913 ], [ -89.692078, 36.878803 ], [ -89.697389, 36.874385 ], [ -89.689813, 36.868132 ], [ -89.692586, 36.8665 ], [ -89.689415, 36.863208 ], [ -89.691603, 36.859517 ], [ -89.704833, 36.859285 ], [ -89.700129, 36.742754 ], [ -89.702677, 36.739077 ], [ -89.700952, 36.627453 ], [ -90.148798, 36.630856 ], [ -90.149628, 36.633479 ], [ -90.144146, 36.6338 ], [ -90.142298, 36.638155 ], [ -90.149361, 36.640823 ], [ -90.138798, 36.642356 ], [ -90.139698, 36.648253 ], [ -90.144399, 36.648886 ], [ -90.143098, 36.652056 ], [ -90.14699, 36.657501 ], [ -90.134327, 36.6618 ], [ -90.136844, 36.667413 ], [ -90.143297, 36.666855 ], [ -90.140398, 36.670856 ], [ -90.149326, 36.672154 ], [ -90.144398, 36.673355 ], [ -90.149088, 36.67922 ], [ -90.142071, 36.680521 ], [ -90.149195, 36.684245 ], [ -90.139758, 36.687282 ], [ -90.147091, 36.693259 ], [ -90.139851, 36.693493 ], [ -90.139871, 36.696423 ], [ -90.143391, 36.69889 ], [ -90.146741, 36.695159 ], [ -90.145662, 36.69882 ], [ -90.153303, 36.702024 ], [ -90.152674, 36.707215 ], [ -90.148377, 36.709789 ], [ -90.153557, 36.709569 ], [ -90.151692, 36.717276 ], [ -90.155981, 36.716017 ], [ -90.15805, 36.722976 ], [ -90.164474, 36.72492 ], [ -90.161268, 36.725841 ], [ -90.165038, 36.731615 ], [ -90.162453, 36.734163 ], [ -90.16922, 36.735771 ], [ -90.168141, 36.742307 ], [ -90.177702, 36.742938 ], [ -90.17809, 36.74559 ], [ -90.172378, 36.747873 ], [ -90.17661, 36.748181 ], [ -90.175308, 36.751973 ], [ -90.187813, 36.756115 ], [ -90.182697, 36.758646 ], [ -90.190574, 36.76325 ], [ -90.188658, 36.771258 ], [ -90.194861, 36.769152 ], [ -90.198594, 36.773309 ], [ -90.205715, 36.772963 ], [ -90.200997, 36.77721 ], [ -90.200163, 36.783094 ], [ -90.20351, 36.786517 ], [ -90.199709, 36.787037 ], [ -90.202706, 36.793388 ], [ -90.197645, 36.792252 ], [ -90.204165, 36.802808 ], [ -90.197911, 36.804143 ], [ -90.202268, 36.808771 ], [ -90.208965, 36.808279 ], [ -90.208056, 36.813462 ], [ -90.216299, 36.814595 ], [ -90.210349, 36.817278 ], [ -90.21233, 36.820718 ], [ -90.217612, 36.818177 ], [ -90.222101, 36.820696 ], [ -90.217599, 36.826835 ], [ -90.224606, 36.832033 ], [ -90.222428, 36.838658 ], [ -90.218956, 36.838552 ], [ -90.216321, 36.842811 ], [ -90.220982, 36.845394 ], [ -90.221931, 36.850406 ], [ -90.224158, 36.846713 ], [ -90.229805, 36.850117 ], [ -90.225133, 36.854864 ], [ -90.23147, 36.852886 ], [ -90.230464, 36.85874 ], [ -90.234837, 36.857293 ], [ -90.237558, 36.862919 ], [ -90.240907, 36.859426 ], [ -90.239589, 36.863951 ], [ -90.244471, 36.868257 ], [ -90.253279, 36.869571 ], [ -90.256794, 36.879582 ], [ -90.253152, 36.876619 ], [ -90.247879, 36.878558 ], [ -90.252999, 36.88188 ], [ -90.251891, 36.888015 ], [ -90.244603, 36.891897 ], [ -90.250113, 36.892639 ], [ -90.24736, 36.896194 ], [ -90.253266, 36.899093 ], [ -90.254846, 36.906541 ], [ -90.259918, 36.907316 ] ] ] } },
{ "type": "Feature", "properties": { "district": "160", "name": "State House District 160" }, "geometry": { "type": "Polygon", "coordinates": [ [ [ -94.568868, 37.038992 ], [ -94.568119, 37.055953 ], [ -94.20428, 37.051535 ], [ -94.211146, 36.833523 ], [ -94.336623, 36.835564 ], [ -94.336988, 36.829713 ], [ -94.346238, 36.829948 ], [ -94.35363, 36.824313 ], [ -94.348497, 36.821691 ], [ -94.36019, 36.801224 ], [ -94.38459, 36.802142 ], [ -94.396999, 36.79183 ], [ -94.393885, 36.836479 ], [ -94.482428, 36.837371 ], [ -94.479472, 37.019034 ], [ -94.497794, 37.015031 ], [ -94.497805, 37.018872 ], [ -94.505604, 37.018873 ], [ -94.505708, 37.022575 ], [ -94.516907, 37.022702 ], [ -94.511182, 37.017509 ], [ -94.511177, 37.014913 ], [ -94.516464, 37.015069 ], [ -94.515624, 37.018927 ], [ -94.522597, 37.018981 ], [ -94.5231, 37.026223 ], [ -94.527543, 37.026316 ], [ -94.533534, 37.020977 ], [ -94.533987, 37.012262 ], [ -94.562603, 37.012457 ], [ -94.568824, 37.030664 ], [ -94.557884, 37.032311 ], [ -94.557697, 37.035497 ], [ -94.568868, 37.038992 ] ] ] } },
{ "type": "Feature", "properties": { "district": "132", "name": "State House District 132" }, "geometry": { "type": "Polygon", "coordinates": [ [ [ -93.346225, 37.21951 ], [ -93.34345, 37.23048 ], [ -93.33887, 37.23041 ], [ -93.338489, 37.245079 ], [ -93.32074, 37.244781 ], [ -93.320459, 37.250662 ], [ -93.324258, 37.252179 ], [ -93.326398, 37.259499 ], [ -93.310404, 37.256056 ], [ -93.310286, 37.259143 ], [ -93.283039, 37.262528 ], [ -93.28082, 37.258874 ], [ -93.273984, 37.25889 ], [ -93.27605, 37.20268 ], [ -93.2869, 37.20213 ], [ -93.28717, 37.19367 ], [ -93.29461, 37.19386 ], [ -93.29441, 37.20234 ], [ -93.3124, 37.20251 ], [ -93.310392, 37.22231 ], [ -93.32094, 37.22254 ], [ -93.32106, 37.21915 ], [ -93.346225, 37.21951 ] ] ] } },
{ "type": "Feature", "properties": { "district": "162", "name": "State House District 162" }, "geometry": { "type": "Polygon", "coordinates": [ [ [ -94.617849, 37.056797 ], [ -94.61757, 37.36417 ], [ -94.501894, 37.360494 ], [ -94.508956, 37.189661 ], [ -94.481914, 37.188895 ], [ -94.482042, 37.179543 ], [ -94.47516, 37.181924 ], [ -94.463671, 37.18039 ], [ -94.457047, 37.174393 ], [ -94.4469, 37.180665 ], [ -94.430314, 37.179391 ], [ -94.420868, 37.175545 ], [ -94.415878, 37.165787 ], [ -94.408088, 37.161253 ], [ -94.408136, 37.155411 ], [ -94.432523, 37.155617 ], [ -94.432815, 37.148773 ], [ -94.424424, 37.148158 ], [ -94.424561, 37.141135 ], [ -94.420184, 37.141081 ], [ -94.420506, 37.133857 ], [ -94.438509, 37.134147 ], [ -94.438672, 37.130492 ], [ -94.433491, 37.130448 ], [ -94.433725, 37.119981 ], [ -94.429548, 37.119981 ], [ -94.429548, 37.115568 ], [ -94.438842, 37.115709 ], [ -94.438842, 37.120075 ], [ -94.44776, 37.120028 ], [ -94.452425, 37.126865 ], [ -94.453164, 37.112347 ], [ -94.474634, 37.109986 ], [ -94.476538, 37.101758 ], [ -94.475944, 37.11654 ], [ -94.467959, 37.11636 ], [ -94.462103, 37.120602 ], [ -94.466391, 37.120728 ], [ -94.466155, 37.123517 ], [ -94.493557, 37.12402 ], [ -94.493361, 37.127715 ], [ -94.501929, 37.127947 ], [ -94.502326, 37.117159 ], [ -94.510519, 37.117259 ], [ -94.513015, 37.109876 ], [ -94.517075, 37.110658 ], [ -94.517059, 37.113892 ], [ -94.520963, 37.113997 ], [ -94.521605, 37.110678 ], [ -94.534793, 37.111332 ], [ -94.535407, 37.09987 ], [ -94.55285, 37.100384 ], [ -94.553126, 37.09556 ], [ -94.566498, 37.095857 ], [ -94.566638, 37.092273 ], [ -94.557624, 37.091963 ], [ -94.55831, 37.080885 ], [ -94.554947, 37.080846 ], [ -94.555085, 37.077524 ], [ -94.544296, 37.077281 ], [ -94.54461, 37.055427 ], [ -94.617849, 37.056797 ] ] ] } },
{ "type": "Feature", "properties": { "district": "141", "name": "State House District 141" }, "geometry": { "type": "Polygon", "coordinates": [ [ [ -92.858586, 37.764959 ], [ -92.855384, 37.895736 ], [ -92.620181, 37.892521 ], [ -92.618678, 37.873837 ], [ -92.614378, 37.871537 ], [ -92.614679, 37.863538 ], [ -92.608678, 37.856138 ], [ -92.599177, 37.851838 ], [ -92.600077, 37.840338 ], [ -92.589676, 37.834938 ], [ -92.585376, 37.828038 ], [ -92.571576, 37.823639 ], [ -92.56458, 37.812636 ], [ -92.564338, 37.805838 ], [ -92.548934, 37.80047 ], [ -92.539605, 37.802064 ], [ -92.53121, 37.811373 ], [ -92.517474, 37.81321 ], [ -92.517545, 37.810887 ], [ -92.513509, 37.810932 ], [ -92.501467, 37.827735 ], [ -92.480241, 37.829008 ], [ -92.453469, 37.824627 ], [ -92.448248, 37.836725 ], [ -92.42659, 37.851012 ], [ -92.422236, 37.858704 ], [ -92.409226, 37.85926 ], [ -92.413669, 37.713941 ], [ -92.248865, 37.648442 ], [ -92.25298, 37.254843 ], [ -92.247175, 37.254908 ], [ -92.251359, 37.059653 ], [ -92.088708, 37.056248 ], [ -92.090922, 36.968928 ], [ -92.416898, 36.974807 ], [ -92.418427, 36.921834 ], [ -92.432605, 36.927402 ], [ -92.441345, 36.910538 ], [ -92.462313, 36.918349 ], [ -92.473317, 36.913155 ], [ -92.489939, 36.916423 ], [ -92.495659, 36.913536 ], [ -92.489825, 36.90695 ], [ -92.500735, 36.908055 ], [ -92.5105, 36.903022 ], [ -92.526665, 36.900333 ], [ -92.524547, 36.976685 ], [ -92.741991, 36.980471 ], [ -92.738977, 37.067829 ], [ -92.685867, 37.067051 ], [ -92.67897, 37.263149 ], [ -92.692303, 37.263514 ], [ -92.687207, 37.452334 ], [ -92.708603, 37.452808 ], [ -92.719043, 37.46009 ], [ -92.730893, 37.461974 ], [ -92.745539, 37.460604 ], [ -92.749552, 37.452989 ], [ -92.760134, 37.448777 ], [ -92.76675, 37.450238 ], [ -92.766612, 37.453616 ], [ -92.779706, 37.45376 ], [ -92.781718, 37.468285 ], [ -92.783953, 37.46835 ], [ -92.782509, 37.479717 ], [ -92.785748, 37.482911 ], [ -92.853481, 37.48397 ], [ -92.84977, 37.614471 ], [ -92.807697, 37.613797 ], [ -92.801158, 37.619579 ], [ -92.800801, 37.624176 ], [ -92.793423, 37.62787 ], [ -92.784325, 37.624315 ], [ -92.784307, 37.620661 ], [ -92.775007, 37.620588 ], [ -92.774874, 37.616591 ], [ -92.76991, 37.616583 ], [ -92.769967, 37.613227 ], [ -92.779611, 37.61336 ], [ -92.77948, 37.605812 ], [ -92.737547, 37.605574 ], [ -92.737526, 37.60881 ], [ -92.732149, 37.608776 ], [ -92.73219, 37.612746 ], [ -92.70471, 37.612347 ], [ -92.704624, 37.615873 ], [ -92.69525, 37.615721 ], [ -92.686147, 37.626563 ], [ -92.686164, 37.640906 ], [ -92.681109, 37.63906 ], [ -92.681111, 37.644282 ], [ -92.676592, 37.644276 ], [ -92.676786, 37.636808 ], [ -92.667847, 37.636671 ], [ -92.66786, 37.633886 ], [ -92.671712, 37.633919 ], [ -92.671752, 37.629763 ], [ -92.67725, 37.629776 ], [ -92.675666, 37.62607 ], [ -92.667966, 37.625921 ], [ -92.667771, 37.630543 ], [ -92.663375, 37.630467 ], [ -92.665419, 37.63663 ], [ -92.661132, 37.63656 ], [ -92.661218, 37.633491 ], [ -92.656802, 37.633425 ], [ -92.656675, 37.636489 ], [ -92.644662, 37.634394 ], [ -92.639337, 37.636613 ], [ -92.638488, 37.64192 ], [ -92.63128, 37.63998 ], [ -92.631216, 37.643084 ], [ -92.62234, 37.643086 ], [ -92.62231, 37.646245 ], [ -92.635791, 37.647154 ], [ -92.631239, 37.649818 ], [ -92.631367, 37.662385 ], [ -92.62647, 37.66308 ], [ -92.631486, 37.664619 ], [ -92.631997, 37.668341 ], [ -92.631683, 37.671786 ], [ -92.626351, 37.673228 ], [ -92.629684, 37.675555 ], [ -92.626719, 37.678932 ], [ -92.631728, 37.679834 ], [ -92.631329, 37.698792 ], [ -92.638811, 37.694974 ], [ -92.656077, 37.695711 ], [ -92.65, 37.706243 ], [ -92.6594, 37.706225 ], [ -92.659203, 37.710119 ], [ -92.663627, 37.710147 ], [ -92.664021, 37.717715 ], [ -92.672688, 37.717737 ], [ -92.672617, 37.709677 ], [ -92.695548, 37.706319 ], [ -92.695382, 37.699851 ], [ -92.686235, 37.694999 ], [ -92.744582, 37.692977 ], [ -92.745398, 37.719174 ], [ -92.795219, 37.720334 ], [ -92.795193, 37.730001 ], [ -92.804388, 37.732696 ], [ -92.803731, 37.764179 ], [ -92.858586, 37.764959 ] ] ] } },
{ "type": "Feature", "properties": { "district": "126", "name": "State House District 126" }, "geometry": { "type": "Polygon", "coordinates": [ [ [ -94.075182, 38.21544 ], [ -94.06502, 38.465816 ], [ -94.06782, 38.466016 ], [ -94.064317, 38.56738 ], [ -93.51103, 38.55621 ], [ -93.515122, 38.457223 ], [ -93.512007, 38.454449 ], [ -93.511942, 38.446738 ], [ -93.517303, 38.340975 ], [ -93.515316, 38.334663 ], [ -93.509838, 38.323096 ], [ -93.496621, 38.31589 ], [ -93.47536, 38.317972 ], [ -93.468297, 38.312225 ], [ -93.478094, 38.314518 ], [ -93.478014, 38.310847 ], [ -93.464283, 38.301712 ], [ -93.447317, 38.302539 ], [ -93.437835, 38.285138 ], [ -93.422879, 38.292054 ], [ -93.417396, 38.290488 ], [ -93.412115, 38.277463 ], [ -93.404864, 38.273887 ], [ -93.392149, 38.257948 ], [ -93.386687, 38.241467 ], [ -93.375163, 38.23278 ], [ -93.356504, 38.238299 ], [ -93.358467, 38.195083 ], [ -93.349963, 38.194866 ], [ -93.357127, 38.068068 ], [ -93.065199, 38.062479 ], [ -93.072447, 37.902627 ], [ -93.182648, 37.904232 ], [ -93.18335, 37.889899 ], [ -93.257712, 37.891047 ], [ -93.253405, 37.963591 ], [ -93.290137, 37.96439 ], [ -93.28819, 37.993535 ], [ -93.301187, 37.994096 ], [ -93.316337, 38.001261 ], [ -93.325388, 38.000236 ], [ -93.344753, 37.990656 ], [ -93.347156, 37.995473 ], [ -93.361501, 37.995601 ], [ -93.366235, 37.90879 ], [ -93.458149, 37.911562 ], [ -93.457526, 37.926177 ], [ -93.463954, 37.926448 ], [ -93.511421, 37.927596 ], [ -93.512103, 37.913535 ], [ -93.568709, 37.914918 ], [ -93.572303, 37.827935 ], [ -93.811402, 37.834571 ], [ -93.808648, 37.892775 ], [ -94.065675, 37.900987 ], [ -94.049895, 38.213985 ], [ -94.075182, 38.21544 ] ] ] } },
{ "type": "Feature", "properties": { "district": "127", "name": "State House District 127" }, "geometry": { "type": "Polygon", "coordinates": [ [ [ -94.617698, 37.653578 ], [ -94.073524, 37.639722 ], [ -94.071903, 37.683122 ], [ -94.068025, 37.683057 ], [ -94.068206, 37.679028 ], [ -94.064082, 37.678913 ], [ -94.064151, 37.675518 ], [ -94.05405, 37.675466 ], [ -94.053843, 37.683153 ], [ -94.035254, 37.68269 ], [ -94.030933, 37.689507 ], [ -94.020577, 37.685189 ], [ -94.016052, 37.691047 ], [ -94.018091, 37.697226 ], [ -94.00909, 37.695659 ], [ -94.012802, 37.702654 ], [ -94.00053, 37.709968 ], [ -94.005172, 37.715218 ], [ -94.000479, 37.721023 ], [ -93.992189, 37.725843 ], [ -93.981119, 37.722211 ], [ -93.967958, 37.724248 ], [ -93.968644, 37.735034 ], [ -93.962539, 37.737221 ], [ -93.968672, 37.743521 ], [ -93.962169, 37.745215 ], [ -93.958875, 37.740274 ], [ -93.958385, 37.752128 ], [ -93.939947, 37.751537 ], [ -93.942593, 37.69569 ], [ -93.817511, 37.694546 ], [ -93.816916, 37.701823 ], [ -93.812313, 37.701677 ], [ -93.810665, 37.708325 ], [ -93.808854, 37.705208 ], [ -93.802995, 37.704981 ], [ -93.802785, 37.708775 ], [ -93.781524, 37.709041 ], [ -93.766245, 37.707593 ], [ -93.766413, 37.701641 ], [ -93.751144, 37.698871 ], [ -93.745492, 37.689831 ], [ -93.743566, 37.677342 ], [ -93.612013, 37.674501 ], [ -93.625844, 37.282011 ], [ -94.052313, 37.290078 ], [ -94.059211, 37.048127 ], [ -94.259114, 37.052938 ], [ -94.258059, 37.073778 ], [ -94.250103, 37.073215 ], [ -94.250134, 37.076478 ], [ -94.247089, 37.076244 ], [ -94.246831, 37.069382 ], [ -94.240165, 37.069282 ], [ -94.239973, 37.074241 ], [ -94.221719, 37.07383 ], [ -94.221553, 37.077283 ], [ -94.216508, 37.077312 ], [ -94.216514, 37.080762 ], [ -94.204354, 37.083455 ], [ -94.206001, 37.107944 ], [ -94.226057, 37.10999 ], [ -94.227133, 37.125064 ], [ -94.219966, 37.124786 ], [ -94.219777, 37.130067 ], [ -94.22861, 37.130226 ], [ -94.228698, 37.139536 ], [ -94.219444, 37.139278 ], [ -94.219285, 37.143589 ], [ -94.209852, 37.143587 ], [ -94.209852, 37.146505 ], [ -94.182862, 37.146484 ], [ -94.182484, 37.157882 ], [ -94.177679, 37.154997 ], [ -94.173222, 37.161294 ], [ -94.170565, 37.254687 ], [ -94.252638, 37.257039 ], [ -94.270889, 37.256325 ], [ -94.271064, 37.253004 ], [ -94.270969, 37.256322 ], [ -94.306578, 37.256354 ], [ -94.305513, 37.291519 ], [ -94.311338, 37.291574 ], [ -94.310528, 37.2963 ], [ -94.361028, 37.297419 ], [ -94.36103, 37.292348 ], [ -94.357352, 37.289729 ], [ -94.357342, 37.278439 ], [ -94.362348, 37.278513 ], [ -94.362756, 37.251601 ], [ -94.39917, 37.251985 ], [ -94.400248, 37.21305 ], [ -94.404509, 37.213052 ], [ -94.404462, 37.221883 ], [ -94.428001, 37.221908 ], [ -94.428111, 37.217835 ], [ -94.43912, 37.218679 ], [ -94.436454, 37.213434 ], [ -94.437183, 37.1916 ], [ -94.434136, 37.191543 ], [ -94.434363, 37.18438 ], [ -94.427439, 37.184402 ], [ -94.429032, 37.17878 ], [ -94.446519, 37.180726 ], [ -94.457047, 37.174393 ], [ -94.463671, 37.18039 ], [ -94.47516, 37.181924 ], [ -94.482042, 37.179543 ], [ -94.481914, 37.188895 ], [ -94.508956, 37.189661 ], [ -94.501709, 37.360436 ], [ -94.61757, 37.36417 ], [ -94.617698, 37.653578 ] ] ] } },
{ "type": "Feature", "properties": { "district": "030", "name": "State House District 30" }, "geometry": { "type": "Polygon", "coordinates": [ [ [ -94.389853, 38.973424 ], [ -94.386944, 39.017623 ], [ -94.363398, 39.026312 ], [ -94.332818, 39.024967 ], [ -94.33396, 38.992875 ], [ -94.329463, 38.990071 ], [ -94.334181, 38.988149 ], [ -94.336057, 38.945659 ], [ -94.303701, 38.943543 ], [ -94.304561, 38.922863 ], [ -94.306322, 38.919401 ], [ -94.310953, 38.91954 ], [ -94.311143, 38.91604 ], [ -94.304214, 38.915885 ], [ -94.304624, 38.908491 ], [ -94.311583, 38.908712 ], [ -94.311956, 38.901472 ], [ -94.29342, 38.897395 ], [ -94.294102, 38.886356 ], [ -94.312909, 38.883272 ], [ -94.311294, 38.89421 ], [ -94.340208, 38.895077 ], [ -94.339056, 38.916865 ], [ -94.35943, 38.917503 ], [ -94.354597, 38.923946 ], [ -94.351114, 38.924112 ], [ -94.349661, 38.929887 ], [ -94.343915, 38.931325 ], [ -94.359952, 38.93159 ], [ -94.358122, 38.968017 ], [ -94.385564, 38.968784 ], [ -94.385448, 38.972839 ], [ -94.389853, 38.973424 ] ] ] } },
{ "type": "Feature", "properties": { "district": "012", "name": "State House District 12" }, "geometry": { "type": "Polygon", "coordinates": [ [ [ -94.770918, 39.209882 ], [ -94.77045, 39.25437 ], [ -94.75099, 39.254355 ], [ -94.747958, 39.254294 ], [ -94.747925, 39.242988 ], [ -94.733311, 39.243061 ], [ -94.733299, 39.225538 ], [ -94.719667, 39.225375 ], [ -94.719477, 39.229023 ], [ -94.714943, 39.229043 ], [ -94.713282, 39.223321 ], [ -94.688565, 39.224642 ], [ -94.684045, 39.216434 ], [ -94.678381, 39.218387 ], [ -94.675202, 39.211102 ], [ -94.640179, 39.210533 ], [ -94.651289, 39.225118 ], [ -94.659419, 39.225161 ], [ -94.658468, 39.233082 ], [ -94.644975, 39.232195 ], [ -94.645074, 39.225057 ], [ -94.60101, 39.224595 ], [ -94.601733, 39.159603 ], [ -94.611071, 39.160883 ], [ -94.639779, 39.153707 ], [ -94.655787, 39.15568 ], [ -94.661397, 39.162742 ], [ -94.659162, 39.174126 ], [ -94.661577, 39.177359 ], [ -94.67824, 39.184169 ], [ -94.688788, 39.183228 ], [ -94.714137, 39.170403 ], [ -94.735743, 39.169191 ], [ -94.752286, 39.17325 ], [ -94.762858, 39.179991 ], [ -94.770739, 39.190756 ], [ -94.765803, 39.196852 ], [ -94.766119, 39.208927 ], [ -94.770918, 39.209882 ] ] ] } },
{ "type": "Feature", "properties": { "district": "159", "name": "State House District 159" }, "geometry": { "type": "Polygon", "coordinates": [ [ [ -94.617859, 36.499431 ], [ -94.617849, 37.056797 ], [ -94.568119, 37.055953 ], [ -94.568871, 37.038924 ], [ -94.557697, 37.035497 ], [ -94.557884, 37.032311 ], [ -94.568824, 37.030664 ], [ -94.562603, 37.012457 ], [ -94.533987, 37.012262 ], [ -94.533534, 37.020977 ], [ -94.527543, 37.026316 ], [ -94.5231, 37.026223 ], [ -94.522597, 37.018981 ], [ -94.515624, 37.018927 ], [ -94.516464, 37.015069 ], [ -94.511177, 37.014913 ], [ -94.511182, 37.017509 ], [ -94.516907, 37.022702 ], [ -94.505708, 37.022575 ], [ -94.505604, 37.018873 ], [ -94.497805, 37.018872 ], [ -94.497794, 37.015031 ], [ -94.479472, 37.019034 ], [ -94.482428, 36.837371 ], [ -94.393885, 36.836479 ], [ -94.396999, 36.79183 ], [ -94.38459, 36.802142 ], [ -94.36019, 36.801224 ], [ -94.348497, 36.821691 ], [ -94.35363, 36.824313 ], [ -94.346238, 36.829948 ], [ -94.336988, 36.829713 ], [ -94.336623, 36.835564 ], [ -94.211146, 36.833523 ], [ -94.20428, 37.051535 ], [ -94.059223, 37.048147 ], [ -94.070757, 36.661162 ], [ -94.169652, 36.664158 ], [ -94.17038, 36.650012 ], [ -94.224752, 36.65167 ], [ -94.225263, 36.633398 ], [ -94.232318, 36.636062 ], [ -94.246996, 36.62721 ], [ -94.262134, 36.634434 ], [ -94.275221, 36.631049 ], [ -94.264066, 36.62419 ], [ -94.312939, 36.62525 ], [ -94.319732, 36.619527 ], [ -94.338853, 36.622736 ], [ -94.352564, 36.617729 ], [ -94.354426, 36.61503 ], [ -94.351068, 36.60351 ], [ -94.364663, 36.604122 ], [ -94.370464, 36.596323 ], [ -94.373823, 36.597391 ], [ -94.382672, 36.58828 ], [ -94.379276, 36.58735 ], [ -94.381269, 36.58453 ], [ -94.379448, 36.583662 ], [ -94.375768, 36.584499 ], [ -94.36964, 36.583862 ], [ -94.370907, 36.577908 ], [ -94.356998, 36.573741 ], [ -94.352028, 36.565473 ], [ -94.3366, 36.566285 ], [ -94.339315, 36.499486 ], [ -94.617859, 36.499431 ] ] ] } },
{ "type": "Feature", "properties": { "district": "059", "name": "State House District 59" }, "geometry": { "type": "Polygon", "coordinates": [ [ [ -92.494939, 38.428571 ], [ -92.394866, 38.73913 ], [ -92.360216, 38.730133 ], [ -92.344093, 38.715069 ], [ -92.343265, 38.705073 ], [ -92.362993, 38.688653 ], [ -92.357813, 38.679517 ], [ -92.339285, 38.673542 ], [ -92.29337, 38.666564 ], [ -92.275806, 38.658215 ], [ -92.262194, 38.646405 ], [ -92.245996, 38.644007 ], [ -92.229401, 38.646027 ], [ -92.208365, 38.635636 ], [ -92.202372, 38.623139 ], [ -92.202491, 38.604949 ], [ -92.207483, 38.604844 ], [ -92.218678, 38.613701 ], [ -92.234025, 38.617634 ], [ -92.234224, 38.613734 ], [ -92.237879, 38.614651 ], [ -92.235196, 38.611287 ], [ -92.237309, 38.603868 ], [ -92.234929, 38.603706 ], [ -92.235325, 38.598131 ], [ -92.266029, 38.594061 ], [ -92.262043, 38.593528 ], [ -92.261893, 38.587188 ], [ -92.268259, 38.586308 ], [ -92.231403, 38.581855 ], [ -92.2246, 38.546438 ], [ -92.222089, 38.542004 ], [ -92.21067, 38.540191 ], [ -92.210121, 38.52906 ], [ -92.204818, 38.527451 ], [ -92.202131, 38.530546 ], [ -92.195963, 38.530473 ], [ -92.200577, 38.532569 ], [ -92.201443, 38.536821 ], [ -92.205057, 38.536706 ], [ -92.20492, 38.54019 ], [ -92.195443, 38.539816 ], [ -92.195622, 38.536185 ], [ -92.182414, 38.533365 ], [ -92.181175, 38.525528 ], [ -92.164652, 38.524613 ], [ -92.16964, 38.535804 ], [ -92.166331, 38.537929 ], [ -92.165756, 38.545345 ], [ -92.132389, 38.543637 ], [ -92.136903, 38.546385 ], [ -92.122331, 38.543191 ], [ -92.122411, 38.540098 ], [ -92.090503, 38.538019 ], [ -92.085213, 38.532865 ], [ -92.068242, 38.533007 ], [ -92.03804, 38.545358 ], [ -92.037278, 38.562448 ], [ -92.008983, 38.5709 ], [ -92.0035, 38.56026 ], [ -92.018912, 38.558954 ], [ -92.027688, 38.546567 ], [ -92.027094, 38.528713 ], [ -92.008298, 38.497119 ], [ -92.012573, 38.484146 ], [ -92.026554, 38.472577 ], [ -92.043489, 38.466479 ], [ -92.073712, 38.466724 ], [ -92.110415, 38.457376 ], [ -92.12764, 38.460861 ], [ -92.147333, 38.474086 ], [ -92.159612, 38.473682 ], [ -92.167357, 38.469687 ], [ -92.168883, 38.466812 ], [ -92.157671, 38.439044 ], [ -92.149291, 38.431152 ], [ -92.121578, 38.417336 ], [ -92.114977, 38.401937 ], [ -92.121777, 38.391337 ], [ -92.13532, 38.383821 ], [ -92.160577, 38.377036 ], [ -92.180589, 38.378474 ], [ -92.193178, 38.370835 ], [ -92.194476, 38.335536 ], [ -92.224678, 38.335733 ], [ -92.232974, 38.327748 ], [ -92.250178, 38.322713 ], [ -92.291679, 38.339334 ], [ -92.302628, 38.336617 ], [ -92.408407, 38.341344 ], [ -92.403484, 38.425331 ], [ -92.494939, 38.428571 ] ] ] } },
{ "type": "Feature", "properties": { "district": "069", "name": "State House District 69" }, "geometry": { "type": "Polygon", "coordinates": [ [ [ -90.667449, 38.698797 ], [ -90.65083, 38.70497 ], [ -90.64259, 38.70468 ], [ -90.64115, 38.72005 ], [ -90.62709, 38.723903 ], [ -90.628603, 38.728609 ], [ -90.635299, 38.724935 ], [ -90.637736, 38.728986 ], [ -90.633037, 38.730005 ], [ -90.630345, 38.73666 ], [ -90.613015, 38.739247 ], [ -90.603235, 38.735835 ], [ -90.6024, 38.74246 ], [ -90.598926, 38.744468 ], [ -90.60304, 38.74472 ], [ -90.60034, 38.7459 ], [ -90.543747, 38.753726 ], [ -90.5288, 38.7453 ], [ -90.521808, 38.736842 ], [ -90.534328, 38.726667 ], [ -90.530841, 38.709006 ], [ -90.532795, 38.695751 ], [ -90.541729, 38.686209 ], [ -90.550679, 38.682354 ], [ -90.569983, 38.684073 ], [ -90.595955, 38.679917 ], [ -90.632647, 38.691078 ], [ -90.662613, 38.687074 ], [ -90.667449, 38.698797 ] ] ] } },
{ "type": "Feature", "properties": { "district": "086", "name": "State House District 86" }, "geometry": { "type": "Polygon", "coordinates": [ [ [ -90.366614, 38.658381 ], [ -90.366574, 38.660839 ], [ -90.362395, 38.66086 ], [ -90.360427, 38.676897 ], [ -90.350996, 38.683438 ], [ -90.328688, 38.682961 ], [ -90.323935, 38.680251 ], [ -90.323924, 38.676118 ], [ -90.314573, 38.675995 ], [ -90.31499, 38.673361 ], [ -90.309769, 38.670767 ], [ -90.301967, 38.670048 ], [ -90.302267, 38.664833 ], [ -90.298152, 38.664413 ], [ -90.297423, 38.661152 ], [ -90.301828, 38.655642 ], [ -90.303402, 38.646184 ], [ -90.329417, 38.647192 ], [ -90.328743, 38.651361 ], [ -90.335033, 38.653063 ], [ -90.334673, 38.656707 ], [ -90.343699, 38.655828 ], [ -90.343474, 38.65238 ], [ -90.354811, 38.657971 ], [ -90.366614, 38.658381 ] ] ] } },
{ "type": "Feature", "properties": { "district": "081", "name": "State House District 81" }, "geometry": { "type": "Polygon", "coordinates": [ [ [ -90.297022, 38.562368 ], [ -90.28377, 38.571323 ], [ -90.282518, 38.577846 ], [ -90.285375, 38.580322 ], [ -90.277042, 38.584235 ], [ -90.250656, 38.572931 ], [ -90.251396, 38.577484 ], [ -90.240559, 38.576805 ], [ -90.239435, 38.582177 ], [ -90.228212, 38.580775 ], [ -90.236822, 38.569133 ], [ -90.229176, 38.568981 ], [ -90.257782, 38.532012 ], [ -90.266872, 38.534267 ], [ -90.271035, 38.538681 ], [ -90.272338, 38.548416 ], [ -90.297022, 38.562368 ] ] ] } },
{ "type": "Feature", "properties": { "district": "071", "name": "State House District 71" }, "geometry": { "type": "Polygon", "coordinates": [ [ [ -90.494696, 38.691194 ], [ -90.486032, 38.698659 ], [ -90.475295, 38.695358 ], [ -90.47207, 38.699885 ], [ -90.465516, 38.694655 ], [ -90.454063, 38.695352 ], [ -90.448375, 38.687848 ], [ -90.447588, 38.691058 ], [ -90.432962, 38.692242 ], [ -90.428817, 38.696092 ], [ -90.419767, 38.689697 ], [ -90.415814, 38.692638 ], [ -90.420125, 38.677198 ], [ -90.40463, 38.676783 ], [ -90.404753, 38.687193 ], [ -90.394686, 38.685932 ], [ -90.394623, 38.661065 ], [ -90.405209, 38.661188 ], [ -90.405448, 38.647689 ], [ -90.443412, 38.64809 ], [ -90.443469, 38.640331 ], [ -90.467015, 38.640834 ], [ -90.467014, 38.6445 ], [ -90.469091, 38.640828 ], [ -90.481005, 38.640786 ], [ -90.482317, 38.648349 ], [ -90.479459, 38.648322 ], [ -90.479689, 38.652456 ], [ -90.484162, 38.654101 ], [ -90.481669, 38.654056 ], [ -90.477382, 38.665903 ], [ -90.482217, 38.668695 ], [ -90.481616, 38.671195 ], [ -90.491441, 38.670858 ], [ -90.489289, 38.675793 ], [ -90.492172, 38.676124 ], [ -90.485535, 38.682698 ], [ -90.491561, 38.684946 ], [ -90.494696, 38.691194 ] ] ] } },
{ "type": "Feature", "properties": { "district": "073", "name": "State House District 73" }, "geometry": { "type": "Polygon", "coordinates": [ [ [ -90.383604, 38.752646 ], [ -90.374893, 38.759273 ], [ -90.368875, 38.758982 ], [ -90.368999, 38.764495 ], [ -90.353442, 38.759333 ], [ -90.352624, 38.764804 ], [ -90.349394, 38.764718 ], [ -90.349328, 38.773859 ], [ -90.343854, 38.773297 ], [ -90.339974, 38.764874 ], [ -90.324857, 38.764737 ], [ -90.311561, 38.760508 ], [ -90.313036, 38.762558 ], [ -90.302983, 38.761588 ], [ -90.301427, 38.766874 ], [ -90.307628, 38.772663 ], [ -90.274524, 38.771472 ], [ -90.271629, 38.774721 ], [ -90.262584, 38.773914 ], [ -90.253735, 38.777443 ], [ -90.253848, 38.770924 ], [ -90.250857, 38.770902 ], [ -90.260604, 38.77086 ], [ -90.259011, 38.763944 ], [ -90.268717, 38.764094 ], [ -90.268728, 38.769052 ], [ -90.27356, 38.769113 ], [ -90.274602, 38.764531 ], [ -90.280257, 38.764234 ], [ -90.279714, 38.756319 ], [ -90.290643, 38.755085 ], [ -90.286257, 38.75398 ], [ -90.285503, 38.744038 ], [ -90.265147, 38.741988 ], [ -90.264529, 38.738435 ], [ -90.270943, 38.734634 ], [ -90.277879, 38.734667 ], [ -90.276814, 38.727324 ], [ -90.292584, 38.725079 ], [ -90.29499, 38.731687 ], [ -90.299757, 38.729311 ], [ -90.309748, 38.731366 ], [ -90.309863, 38.727344 ], [ -90.312308, 38.727351 ], [ -90.310582, 38.720817 ], [ -90.321058, 38.719072 ], [ -90.321815, 38.72174 ], [ -90.366983, 38.723909 ], [ -90.365099, 38.718794 ], [ -90.355695, 38.713677 ], [ -90.355644, 38.709784 ], [ -90.379541, 38.711651 ], [ -90.378404, 38.718547 ], [ -90.374774, 38.718123 ], [ -90.372494, 38.723598 ], [ -90.369691, 38.740275 ], [ -90.38064, 38.748617 ], [ -90.376878, 38.749632 ], [ -90.37863, 38.752281 ], [ -90.383604, 38.752646 ] ] ] } },
{ "type": "Feature", "properties": { "district": "084", "name": "State House District 84" }, "geometry": { "type": "Polygon", "coordinates": [ [ [ -90.312038, 38.615295 ], [ -90.301828, 38.655642 ], [ -90.263094, 38.704609 ], [ -90.25625, 38.701375 ], [ -90.260922, 38.697865 ], [ -90.25944, 38.69294 ], [ -90.245441, 38.686295 ], [ -90.2615, 38.663226 ], [ -90.263406, 38.652153 ], [ -90.273257, 38.653196 ], [ -90.27462, 38.645004 ], [ -90.267215, 38.644286 ], [ -90.269888, 38.643255 ], [ -90.26574, 38.639707 ], [ -90.2645, 38.628752 ], [ -90.280692, 38.630315 ], [ -90.283906, 38.622917 ], [ -90.312038, 38.615295 ] ] ] } },
{ "type": "Feature", "properties": { "district": "089", "name": "State House District 89" }, "geometry": { "type": "Polygon", "coordinates": [ [ [ -90.559347, 38.619741 ], [ -90.536736, 38.631649 ], [ -90.533237, 38.627538 ], [ -90.520674, 38.633961 ], [ -90.521766, 38.641625 ], [ -90.512799, 38.646142 ], [ -90.500851, 38.667309 ], [ -90.493862, 38.666685 ], [ -90.491722, 38.672122 ], [ -90.49465, 38.67283 ], [ -90.490653, 38.672515 ], [ -90.488004, 38.669148 ], [ -90.481616, 38.671195 ], [ -90.482217, 38.668695 ], [ -90.477382, 38.665903 ], [ -90.481669, 38.654056 ], [ -90.484162, 38.654101 ], [ -90.479689, 38.652456 ], [ -90.479459, 38.648322 ], [ -90.482317, 38.648349 ], [ -90.481005, 38.640786 ], [ -90.469091, 38.640828 ], [ -90.467014, 38.6445 ], [ -90.467015, 38.640834 ], [ -90.443469, 38.640331 ], [ -90.443412, 38.64809 ], [ -90.405448, 38.647689 ], [ -90.40616, 38.618353 ], [ -90.401156, 38.618256 ], [ -90.401467, 38.603536 ], [ -90.425255, 38.606594 ], [ -90.425261, 38.596465 ], [ -90.444111, 38.596689 ], [ -90.443442, 38.584375 ], [ -90.447297, 38.581794 ], [ -90.443326, 38.574238 ], [ -90.459399, 38.572012 ], [ -90.45929, 38.576896 ], [ -90.463741, 38.578108 ], [ -90.46159, 38.579784 ], [ -90.465981, 38.578472 ], [ -90.470728, 38.584918 ], [ -90.469548, 38.581049 ], [ -90.473943, 38.578257 ], [ -90.487051, 38.581618 ], [ -90.486589, 38.59344 ], [ -90.488046, 38.596395 ], [ -90.491132, 38.595449 ], [ -90.495088, 38.605148 ], [ -90.500771, 38.605947 ], [ -90.504652, 38.610483 ], [ -90.51034, 38.607553 ], [ -90.51049, 38.604438 ], [ -90.510984, 38.620765 ], [ -90.520226, 38.617625 ], [ -90.523249, 38.621994 ], [ -90.534968, 38.620515 ], [ -90.53846, 38.612946 ], [ -90.541247, 38.6148 ], [ -90.557206, 38.610592 ], [ -90.559347, 38.619741 ] ] ] } },
{ "type": "Feature", "properties": { "district": "091", "name": "State House District 91" }, "geometry": { "type": "Polygon", "coordinates": [ [ [ -90.380345, 38.604898 ], [ -90.378901, 38.614093 ], [ -90.363349, 38.614009 ], [ -90.362394, 38.619013 ], [ -90.355132, 38.618251 ], [ -90.357784, 38.608902 ], [ -90.351204, 38.604909 ], [ -90.343994, 38.610616 ], [ -90.335855, 38.610166 ], [ -90.334099, 38.603706 ], [ -90.326112, 38.602504 ], [ -90.33264, 38.59166 ], [ -90.335805, 38.592011 ], [ -90.339019, 38.573099 ], [ -90.332617, 38.572208 ], [ -90.334017, 38.563939 ], [ -90.338443, 38.562516 ], [ -90.334339, 38.561973 ], [ -90.33534, 38.556204 ], [ -90.328944, 38.556088 ], [ -90.326895, 38.551706 ], [ -90.332718, 38.550777 ], [ -90.332988, 38.543341 ], [ -90.34658, 38.539488 ], [ -90.356906, 38.544084 ], [ -90.366213, 38.54407 ], [ -90.360588, 38.549836 ], [ -90.362008, 38.557434 ], [ -90.353304, 38.551459 ], [ -90.349947, 38.555192 ], [ -90.352781, 38.560751 ], [ -90.349269, 38.559821 ], [ -90.359161, 38.56485 ], [ -90.368117, 38.562372 ], [ -90.377203, 38.573424 ], [ -90.377245, 38.586487 ], [ -90.375078, 38.586262 ], [ -90.372314, 38.602377 ], [ -90.380345, 38.604898 ] ] ] } },
{ "type": "Feature", "properties": { "district": "077", "name": "State House District 77" }, "geometry": { "type": "Polygon", "coordinates": [ [ [ -90.27656, 38.619597 ], [ -90.274527, 38.629718 ], [ -90.2645, 38.628752 ], [ -90.26574, 38.639707 ], [ -90.269888, 38.643255 ], [ -90.267215, 38.644286 ], [ -90.27462, 38.645004 ], [ -90.273257, 38.653196 ], [ -90.263406, 38.652153 ], [ -90.2615, 38.663226 ], [ -90.248196, 38.681844 ], [ -90.237837, 38.680772 ], [ -90.219644, 38.671557 ], [ -90.222019, 38.668197 ], [ -90.226271, 38.670048 ], [ -90.241631, 38.649591 ], [ -90.236296, 38.645403 ], [ -90.247659, 38.628193 ], [ -90.242135, 38.627109 ], [ -90.24442, 38.621287 ], [ -90.253172, 38.618882 ], [ -90.250348, 38.617743 ], [ -90.27656, 38.619597 ] ] ] } },
{ "type": "Feature", "properties": { "district": "112", "name": "State House District 112" }, "geometry": { "type": "Polygon", "coordinates": [ [ [ -90.513739, 38.325231 ], [ -90.512721, 38.450342 ], [ -90.493452, 38.453806 ], [ -90.47595, 38.47139 ], [ -90.4675, 38.47406 ], [ -90.45353, 38.46613 ], [ -90.46062, 38.46051 ], [ -90.461098, 38.449932 ], [ -90.451658, 38.456409 ], [ -90.451112, 38.453219 ], [ -90.455449, 38.450574 ], [ -90.449197, 38.449807 ], [ -90.447082, 38.453498 ], [ -90.44264, 38.45278 ], [ -90.44049, 38.45808 ], [ -90.42514, 38.46312 ], [ -90.414757, 38.462973 ], [ -90.414408, 38.456971 ], [ -90.409043, 38.452588 ], [ -90.39471, 38.458486 ], [ -90.390961, 38.456377 ], [ -90.391031, 38.450561 ], [ -90.376783, 38.452868 ], [ -90.391005, 38.450354 ], [ -90.392169, 38.453129 ], [ -90.410574, 38.442048 ], [ -90.419147, 38.442151 ], [ -90.414708, 38.433942 ], [ -90.415103, 38.431036 ], [ -90.419267, 38.431525 ], [ -90.414547, 38.427347 ], [ -90.411672, 38.431935 ], [ -90.407151, 38.427274 ], [ -90.409926, 38.427272 ], [ -90.409969, 38.423482 ], [ -90.40072, 38.420705 ], [ -90.400857, 38.41269 ], [ -90.390134, 38.409849 ], [ -90.4057, 38.40669 ], [ -90.40958, 38.40147 ], [ -90.40422, 38.39705 ], [ -90.39134, 38.39732 ], [ -90.382268, 38.393891 ], [ -90.38039, 38.37439 ], [ -90.39588, 38.34848 ], [ -90.42286, 38.358 ], [ -90.42701, 38.35152 ], [ -90.43601, 38.34707 ], [ -90.448276, 38.327725 ], [ -90.455141, 38.324471 ], [ -90.513739, 38.325231 ] ] ] } }
]
}
