{
"type": "FeatureCollection",
"name": "mo_senate_districts",
"crs": { "type": "name", "properties": { "name": "urn:ogc:def:crs:OGC:1.3:CRS84" } },
"features": [
{ "type": "Feature", "properties": { "district": "002", "name": "State Senate District 2" }, "geometry": { "type": "Polygon", "coordinates": [ [ [ -90.964424, 38.549163 ], [ -90.961794, 38.791674 ], [ -90.955366, 38.792542 ], [ -90.95528, 38.796623 ], [ -90.943278, 38.796418 ], [ -90.943172, 38.800036 ], [ -90.930115, 38.803363 ], [ -90.929847, 38.800288 ], [ -90.921819, 38.79618 ], [ -90.924771, 38.79622 ], [ -90.924819, 38.78896 ], [ -90.92017, 38.7889 ], [ -90.92013, 38.792568 ], [ -90.910898, 38.792405 ], [ -90.91093, 38.78876 ], [ -90.897141, 38.785036 ], [ -90.897103, 38.788683 ], [ -90.893744, 38.787623 ], [ -90.886194, 38.792367 ], [ -90.883036, 38.789232 ], [ -90.887752, 38.787727 ], [ -90.887732, 38.782068 ], [ -90.88289, 38.78173 ], [ -90.882936, 38.784496 ], [ -90.877113, 38.783149 ], [ -90.875554, 38.785415 ], [ -90.882655, 38.787209 ], [ -90.879394, 38.795863 ], [ -90.869177, 38.792372 ], [ -90.869188, 38.788172 ], [ -90.873849, 38.786385 ], [ -90.874758, 38.778021 ], [ -90.86915, 38.784082 ], [ -90.865652, 38.774189 ], [ -90.862092, 38.773935 ], [ -90.860061, 38.777856 ], [ -90.846749, 38.77782 ], [ -90.84785, 38.76725 ], [ -90.843074, 38.766689 ], [ -90.843032, 38.772548 ], [ -90.833402, 38.771979 ], [ -90.833288, 38.787749 ], [ -90.830086, 38.787231 ], [ -90.831238, 38.792325 ], [ -90.82652, 38.792385 ], [ -90.826598, 38.798412 ], [ -90.816674, 38.795949 ], [ -90.816614, 38.803434 ], [ -90.808242, 38.805388 ], [ -90.775837, 38.805037 ], [ -90.779647, 38.806938 ], [ -90.779478, 38.810554 ], [ -90.79375, 38.810592 ], [ -90.797458, 38.817203 ], [ -90.800947, 38.808879 ], [ -90.81014, 38.809865 ], [ -90.80843, 38.81301 ], [ -90.81144, 38.81366 ], [ -90.811491, 38.820766 ], [ -90.818426, 38.825537 ], [ -90.827411, 38.826033 ], [ -90.826389, 38.831212 ], [ -90.831333, 38.831438 ], [ -90.8295, 38.84458 ], [ -90.83173, 38.86245 ], [ -90.82381, 38.86442 ], [ -90.827055, 38.877695 ], [ -90.819687, 38.875757 ], [ -90.806493, 38.878529 ], [ -90.810283, 38.886358 ], [ -90.806926, 38.895244 ], [ -90.808241, 38.899978 ], [ -90.799706, 38.901161 ], [ -90.797541, 38.904429 ], [ -90.804418, 38.911139 ], [ -90.792678, 38.917408 ], [ -90.782656, 38.918295 ], [ -90.776406, 38.923016 ], [ -90.758792, 38.919602 ], [ -90.750955, 38.922999 ], [ -90.7442, 38.91621 ], [ -90.73204, 38.88874 ], [ -90.725941, 38.882774 ], [ -90.72694, 38.88003 ], [ -90.722239, 38.880249 ], [ -90.726615, 38.879504 ], [ -90.722531, 38.872915 ], [ -90.71452, 38.873302 ], [ -90.704118, 38.855136 ], [ -90.706448, 38.854185 ], [ -90.699321, 38.84741 ], [ -90.69927, 38.850937 ], [ -90.689332, 38.850749 ], [ -90.699179, 38.854592 ], [ -90.699087, 38.861552 ], [ -90.68927, 38.86176 ], [ -90.68934, 38.85441 ], [ -90.684472, 38.854449 ], [ -90.684592, 38.849974 ], [ -90.689338, 38.850163 ], [ -90.695015, 38.842923 ], [ -90.6594, 38.823069 ], [ -90.65103, 38.81482 ], [ -90.649, 38.80906 ], [ -90.653322, 38.799616 ], [ -90.655942, 38.802002 ], [ -90.676269, 38.802546 ], [ -90.670961, 38.79637 ], [ -90.673164, 38.795658 ], [ -90.671563, 38.790857 ], [ -90.675312, 38.791306 ], [ -90.675516, 38.788669 ], [ -90.668835, 38.787454 ], [ -90.667018, 38.782968 ], [ -90.660108, 38.782861 ], [ -90.664515, 38.787257 ], [ -90.66228, 38.785088 ], [ -90.652995, 38.786468 ], [ -90.652313, 38.781178 ], [ -90.660667, 38.77455 ], [ -90.658436, 38.770521 ], [ -90.666012, 38.768874 ], [ -90.661368, 38.764746 ], [ -90.647727, 38.767264 ], [ -90.644439, 38.764916 ], [ -90.638097, 38.773604 ], [ -90.632789, 38.77071 ], [ -90.629841, 38.774194 ], [ -90.630024, 38.769109 ], [ -90.624814, 38.762835 ], [ -90.636493, 38.756237 ], [ -90.63458, 38.7449 ], [ -90.637666, 38.744117 ], [ -90.636962, 38.741261 ], [ -90.644442, 38.740133 ], [ -90.640643, 38.732976 ], [ -90.643213, 38.724343 ], [ -90.640074, 38.725031 ], [ -90.638879, 38.721328 ], [ -90.62709, 38.723903 ], [ -90.628603, 38.728609 ], [ -90.631148, 38.725437 ], [ -90.636649, 38.725545 ], [ -90.637736, 38.728986 ], [ -90.633037, 38.730005 ], [ -90.631747, 38.734563 ], [ -90.6276, 38.729745 ], [ -90.620956, 38.731931 ], [ -90.61766, 38.7207 ], [ -90.57541, 38.71923 ], [ -90.572878, 38.724742 ], [ -90.569106, 38.725463 ], [ -90.559772, 38.725393 ], [ -90.561629, 38.722022 ], [ -90.558352, 38.720195 ], [ -90.547779, 38.723505 ], [ -90.541991, 38.716938 ], [ -90.533018, 38.720963 ], [ -90.529903, 38.702036 ], [ -90.53173, 38.695302 ], [ -90.538743, 38.687116 ], [ -90.550679, 38.682354 ], [ -90.6039, 38.681977 ], [ -90.632647, 38.691078 ], [ -90.656757, 38.689223 ], [ -90.669721, 38.684686 ], [ -90.675163, 38.680965 ], [ -90.679252, 38.665602 ], [ -90.701891, 38.658354 ], [ -90.705811, 38.647253 ], [ -90.742412, 38.634563 ], [ -90.750703, 38.625103 ], [ -90.756419, 38.610672 ], [ -90.768684, 38.597661 ], [ -90.777993, 38.592816 ], [ -90.812988, 38.585554 ], [ -90.841933, 38.565955 ], [ -90.873268, 38.553893 ], [ -90.894922, 38.540963 ], [ -90.926767, 38.53429 ], [ -90.947721, 38.53894 ], [ -90.964424, 38.549163 ] ] ] } },
{ "type": "Feature", "properties": { "district": "007", "name": "State Senate District 7" }, "geometry": { "type": "Polygon", "coordinates": [ [ [ -94.608033, 38.847207 ], [ -94.607354, 39.113444 ], [ -94.595725, 39.110004 ], [ -94.558317, 39.125757 ], [ -94.534061, 39.145908 ], [ -94.515573, 39.122449 ], [ -94.507777, 39.119428 ], [ -94.509348, 39.112126 ], [ -94.530298, 39.11285 ], [ -94.530709, 39.105623 ], [ -94.51874, 39.105194 ], [ -94.518983, 39.101458 ], [ -94.514419, 39.101285 ], [ -94.515285, 39.083118 ], [ -94.527591, 39.083533 ], [ -94.526716, 39.0942 ], [ -94.537834, 39.094165 ], [ -94.529757, 39.098083 ], [ -94.572558, 39.099563 ], [ -94.570396, 39.085821 ], [ -94.57489, 39.007327 ], [ -94.579517, 39.006961 ], [ -94.582003, 38.955523 ], [ -94.586663, 38.955557 ], [ -94.587344, 38.941207 ], [ -94.543914, 38.938549 ], [ -94.535194, 38.942581 ], [ -94.531644, 38.938826 ], [ -94.522556, 38.938466 ], [ -94.523046, 38.924898 ], [ -94.511354, 38.922662 ], [ -94.516854, 38.913017 ], [ -94.515519, 38.909271 ], [ -94.488569, 38.907211 ], [ -94.48902, 38.899884 ], [ -94.469581, 38.899258 ], [ -94.471282, 38.87068 ], [ -94.42963, 38.869173 ], [ -94.431168, 38.839615 ], [ -94.608033, 38.847207 ] ] ] } },
{ "type": "Feature", "properties": { "district": "009", "name": "State Senate District 9" }, "geometry": { "type": "Polygon", "coordinates": [ [ [ -94.587344, 38.941207 ], [ -94.586663, 38.955557 ], [ -94.582003, 38.955523 ], [ -94.579517, 39.006961 ], [ -94.57489, 39.007327 ], [ -94.570396, 39.085821 ], [ -94.572558, 39.099563 ], [ -94.529757, 39.098083 ], [ -94.537834, 39.094165 ], [ -94.526716, 39.0942 ], [ -94.527591, 39.083533 ], [ -94.523357, 39.083379 ], [ -94.52585, 39.076227 ], [ -94.522924, 39.076145 ], [ -94.522816, 39.072281 ], [ -94.511001, 39.068833 ], [ -94.503517, 39.070269 ], [ -94.490444, 39.063322 ], [ -94.476751, 39.062226 ], [ -94.436441, 39.043753 ], [ -94.433316, 39.041693 ], [ -94.437239, 39.036002 ], [ -94.437686, 39.026777 ], [ -94.425375, 39.026309 ], [ -94.425029, 39.035205 ], [ -94.387035, 39.035267 ], [ -94.385924, 39.015158 ], [ -94.389872, 38.972978 ], [ -94.385448, 38.972839 ], [ -94.386099, 38.958146 ], [ -94.395663, 38.958147 ], [ -94.395618, 38.961207 ], [ -94.406982, 38.965838 ], [ -94.404761, 38.962195 ], [ -94.410337, 38.955339 ], [ -94.414421, 38.955601 ], [ -94.410206, 38.940751 ], [ -94.447879, 38.942572 ], [ -94.450034, 38.923751 ], [ -94.475388, 38.922153 ], [ -94.483885, 38.915891 ], [ -94.484424, 38.908841 ], [ -94.487429, 38.907188 ], [ -94.515519, 38.909271 ], [ -94.516854, 38.913017 ], [ -94.511354, 38.922662 ], [ -94.523046, 38.924898 ], [ -94.522556, 38.938466 ], [ -94.531644, 38.938826 ], [ -94.535194, 38.942581 ], [ -94.543914, 38.938549 ], [ -94.587344, 38.941207 ] ] ] } },
{ "type": "Feature", "properties": { "district": "011", "name": "State Senate District 11" }, "geometry": { "type": "Polygon", "coordinates": [ [ [ -94.534061, 39.145908 ], [ -94.512679, 39.150451 ], [ -94.495411, 39.150394 ], [ -94.484616, 39.145504 ], [ -94.46159, 39.120372 ], [ -94.430365, 39.138026 ], [ -94.402328, 39.164766 ], [ -94.399928, 39.174803 ], [ -94.409025, 39.192104 ], [ -94.407228, 39.195303 ], [ -94.401632, 39.196993 ], [ -94.389728, 39.193503 ], [ -94.378494, 39.170365 ], [ -94.369415, 39.163676 ], [ -94.363556, 39.163656 ], [ -94.341476, 39.177472 ], [ -94.328155, 39.191232 ], [ -94.308932, 39.227351 ], [ -94.289873, 39.237107 ], [ -94.250046, 39.234845 ], [ -94.238429, 39.228219 ], [ -94.228759, 39.21465 ], [ -94.211468, 39.206787 ], [ -94.2042, 39.206695 ], [ -94.186271, 39.214085 ], [ -94.172255, 39.213382 ], [ -94.169423, 39.210614 ], [ -94.170239, 39.204486 ], [ -94.185056, 39.189285 ], [ -94.18584, 39.18103 ], [ -94.133664, 39.171239 ], [ -94.104823, 39.143507 ], [ -94.111478, 38.982862 ], [ -94.127867, 38.9831 ], [ -94.12787, 38.975946 ], [ -94.130488, 38.975978 ], [ -94.130323, 38.97954 ], [ -94.13782, 38.983291 ], [ -94.134406, 38.990318 ], [ -94.145209, 38.994311 ], [ -94.15301, 38.988187 ], [ -94.152953, 38.990948 ], [ -94.157659, 38.991039 ], [ -94.157363, 38.998306 ], [ -94.152537, 38.99821 ], [ -94.15261, 39.004948 ], [ -94.170238, 39.017403 ], [ -94.178337, 39.018557 ], [ -94.187353, 39.010158 ], [ -94.198468, 39.007567 ], [ -94.199039, 38.992414 ], [ -94.208262, 38.992716 ], [ -94.20861, 38.985502 ], [ -94.210782, 38.989091 ], [ -94.217778, 38.989336 ], [ -94.214118, 38.992938 ], [ -94.226927, 38.993382 ], [ -94.22709, 38.989767 ], [ -94.231724, 38.989903 ], [ -94.231021, 39.007939 ], [ -94.240361, 39.008207 ], [ -94.240161, 39.011698 ], [ -94.231829, 39.014509 ], [ -94.233566, 39.017531 ], [ -94.225951, 39.018434 ], [ -94.227052, 39.024484 ], [ -94.221662, 39.02382 ], [ -94.221457, 39.029184 ], [ -94.225966, 39.029327 ], [ -94.22585, 39.032541 ], [ -94.229773, 39.034216 ], [ -94.222861, 39.039497 ], [ -94.229627, 39.040356 ], [ -94.22949, 39.045323 ], [ -94.234133, 39.045586 ], [ -94.233913, 39.051394 ], [ -94.243122, 39.051939 ], [ -94.243257, 39.048303 ], [ -94.247863, 39.048273 ], [ -94.250454, 39.048373 ], [ -94.250312, 39.052042 ], [ -94.256859, 39.052217 ], [ -94.25822, 39.048683 ], [ -94.261311, 39.056938 ], [ -94.256666, 39.057732 ], [ -94.261269, 39.057879 ], [ -94.26336, 39.063394 ], [ -94.274199, 39.066149 ], [ -94.27728, 39.06456 ], [ -94.26981, 39.056562 ], [ -94.270813, 39.052824 ], [ -94.315305, 39.054104 ], [ -94.305426, 39.034753 ], [ -94.332202, 39.037774 ], [ -94.33236, 39.032992 ], [ -94.33707, 39.032684 ], [ -94.337149, 39.029183 ], [ -94.327814, 39.026951 ], [ -94.331442, 39.021524 ], [ -94.332818, 39.024967 ], [ -94.363398, 39.026312 ], [ -94.386924, 39.017632 ], [ -94.387035, 39.035267 ], [ -94.425029, 39.035205 ], [ -94.425375, 39.026309 ], [ -94.437686, 39.026777 ], [ -94.437239, 39.036002 ], [ -94.433316, 39.041693 ], [ -94.436441, 39.043753 ], [ -94.476751, 39.062226 ], [ -94.490444, 39.063322 ], [ -94.503517, 39.070269 ], [ -94.511001, 39.068833 ], [ -94.523069, 39.072508 ], [ -94.522924, 39.076145 ], [ -94.52585, 39.076227 ], [ -94.523357, 39.083379 ], [ -94.515285, 39.083118 ], [ -94.514419, 39.101285 ], [ -94.518983, 39.101458 ], [ -94.51874, 39.105194 ], [ -94.530709, 39.105623 ], [ -94.530298, 39.11285 ], [ -94.509348, 39.112126 ], [ -94.507746, 39.119285 ], [ -94.515573, 39.122449 ], [ -94.534061, 39.145908 ] ] ] } },
{ "type": "Feature", "properties": { "district": "013", "name": "State Senate District 13" }, "geometry": { "type": "Polygon", "coordinates": [ [ [ -90.396372, 38.823624 ], [ -90.376153, 38.822418 ], [ -90.362163, 38.82786 ], [ -90.344965, 38.849372 ], [ -90.336799, 38.88203 ], [ -90.326561, 38.889458 ], [ -90.31423, 38.891146 ], [ -90.293712, 38.885548 ], [ -90.256136, 38.852128 ], [ -90.195678, 38.821261 ], [ -90.17765, 38.818859 ], [ -90.158459, 38.828787 ], [ -90.141608, 38.829448 ], [ -90.12678, 38.821326 ], [ -90.117707, 38.805748 ], [ -90.123107, 38.798048 ], [ -90.166717, 38.772272 ], [ -90.184184, 38.774288 ], [ -90.186402, 38.761546 ], [ -90.198917, 38.74789 ], [ -90.221779, 38.730134 ], [ -90.251745, 38.718887 ], [ -90.265241, 38.7019 ], [ -90.285462, 38.711445 ], [ -90.280659, 38.718881 ], [ -90.29002, 38.717955 ], [ -90.292584, 38.725079 ], [ -90.276814, 38.727324 ], [ -90.277879, 38.734667 ], [ -90.264529, 38.738435 ], [ -90.265147, 38.741988 ], [ -90.269255, 38.743318 ], [ -90.275626, 38.741074 ], [ -90.276924, 38.749408 ], [ -90.274191, 38.748851 ], [ -90.274859, 38.753516 ], [ -90.269867, 38.758896 ], [ -90.261519, 38.757613 ], [ -90.264407, 38.764026 ], [ -90.259011, 38.763944 ], [ -90.260604, 38.77086 ], [ -90.307753, 38.772798 ], [ -90.305226, 38.769997 ], [ -90.311784, 38.766703 ], [ -90.315737, 38.771245 ], [ -90.323698, 38.771956 ], [ -90.324857, 38.764737 ], [ -90.339974, 38.764874 ], [ -90.343854, 38.773297 ], [ -90.349328, 38.773859 ], [ -90.351398, 38.764766 ], [ -90.350572, 38.776853 ], [ -90.376536, 38.782103 ], [ -90.368911, 38.780912 ], [ -90.364319, 38.785609 ], [ -90.37448, 38.790721 ], [ -90.366974, 38.799566 ], [ -90.369276, 38.801114 ], [ -90.36634, 38.805257 ], [ -90.396372, 38.823624 ] ] ] } },
{ "type": "Feature", "properties": { "district": "026", "name": "State Senate District 26" }, "geometry": { "type": "Polygon", "coordinates": [ [ [ -92.195675, 38.292237 ], [ -92.193178, 38.370835 ], [ -92.180589, 38.378474 ], [ -92.160577, 38.377036 ], [ -92.13532, 38.383821 ], [ -92.121777, 38.391337 ], [ -92.114977, 38.401937 ], [ -92.121578, 38.417336 ], [ -92.149291, 38.431152 ], [ -92.157671, 38.439044 ], [ -92.168883, 38.466812 ], [ -92.167357, 38.469687 ], [ -92.159612, 38.473682 ], [ -92.147333, 38.474086 ], [ -92.12764, 38.460861 ], [ -92.110415, 38.457376 ], [ -92.073712, 38.466724 ], [ -92.043489, 38.466479 ], [ -92.023062, 38.474622 ], [ -92.012573, 38.484146 ], [ -92.008298, 38.497119 ], [ -92.027094, 38.528713 ], [ -92.028914, 38.538104 ], [ -92.024875, 38.553627 ], [ -92.018912, 38.558954 ], [ -92.0035, 38.56026 ], [ -92.008983, 38.5709 ], [ -91.986234, 38.58538 ], [ -91.973021, 38.591246 ], [ -91.943936, 38.597075 ], [ -91.893749, 38.634087 ], [ -91.881916, 38.652713 ], [ -91.869489, 38.66394 ], [ -91.814436, 38.681835 ], [ -91.760234, 38.685 ], [ -91.734356, 38.704879 ], [ -91.726221, 38.706721 ], [ -91.695075, 38.707501 ], [ -91.665498, 38.701983 ], [ -91.637982, 38.703541 ], [ -91.619734, 38.698536 ], [ -91.587665, 38.682185 ], [ -91.55064, 38.676267 ], [ -91.502602, 38.695 ], [ -91.501074, 38.704687 ], [ -91.487792, 38.713114 ], [ -91.471771, 38.707528 ], [ -91.452691, 38.709487 ], [ -91.4576, 38.70627 ], [ -91.418637, 38.709778 ], [ -91.415832, 38.8453 ], [ -91.264927, 38.843833 ], [ -91.264287, 38.992762 ], [ -91.18839, 38.992141 ], [ -91.189348, 38.932151 ], [ -91.110187, 38.931901 ], [ -91.111251, 38.872709 ], [ -90.958536, 38.870865 ], [ -90.964469, 38.547241 ], [ -90.947721, 38.53894 ], [ -90.926767, 38.53429 ], [ -90.894922, 38.540963 ], [ -90.873268, 38.553893 ], [ -90.841933, 38.565955 ], [ -90.812988, 38.585554 ], [ -90.773622, 38.594617 ], [ -90.759606, 38.606541 ], [ -90.750703, 38.625103 ], [ -90.742412, 38.634563 ], [ -90.732328, 38.639302 ], [ -90.735573, 38.492378 ], [ -90.690361, 38.503888 ], [ -90.689993, 38.511161 ], [ -90.68075, 38.510897 ], [ -90.680414, 38.51818 ], [ -90.652907, 38.517219 ], [ -90.652742, 38.521502 ], [ -90.647903, 38.518895 ], [ -90.645854, 38.52159 ], [ -90.638466, 38.520611 ], [ -90.63863, 38.516884 ], [ -90.631011, 38.516745 ], [ -90.633898, 38.517114 ], [ -90.633627, 38.52418 ], [ -90.625877, 38.517051 ], [ -90.625618, 38.52299 ], [ -90.607977, 38.516556 ], [ -90.612856, 38.504686 ], [ -90.60661, 38.50368 ], [ -90.607602, 38.50175 ], [ -90.591101, 38.501745 ], [ -90.602652, 38.479617 ], [ -90.613685, 38.471328 ], [ -90.62639, 38.475936 ], [ -90.633623, 38.485752 ], [ -90.655561, 38.486737 ], [ -90.660703, 38.479195 ], [ -90.654602, 38.456225 ], [ -90.66381, 38.449054 ], [ -90.674537, 38.446319 ], [ -90.686546, 38.447542 ], [ -90.676907, 38.455309 ], [ -90.680546, 38.458372 ], [ -90.688669, 38.453141 ], [ -90.687408, 38.459565 ], [ -90.696561, 38.471744 ], [ -90.717805, 38.468782 ], [ -90.714213, 38.474213 ], [ -90.71712, 38.478267 ], [ -90.723544, 38.482067 ], [ -90.73203, 38.482153 ], [ -90.736311, 38.466643 ], [ -90.73763, 38.415453 ], [ -90.780185, 38.204112 ], [ -90.970187, 38.206687 ], [ -91.000138, 38.204088 ], [ -91.36763, 38.204013 ], [ -91.367482, 38.209741 ], [ -91.535332, 38.210974 ], [ -91.534384, 38.152593 ], [ -91.644893, 38.153679 ], [ -91.644729, 38.28851 ], [ -91.757318, 38.28872 ], [ -91.775346, 38.292044 ], [ -91.86312, 38.29361 ], [ -91.883986, 38.289898 ], [ -92.012094, 38.28815 ], [ -92.195675, 38.292237 ] ] ] } },
{ "type": "Feature", "properties": { "district": "001", "name": "State Senate District 1" }, "geometry": { "type": "Polygon", "coordinates": [ [ [ -90.398058, 38.54447 ], [ -90.397504, 38.567835 ], [ -90.391542, 38.567932 ], [ -90.391213, 38.582772 ], [ -90.377255, 38.582642 ], [ -90.372263, 38.601744 ], [ -90.359742, 38.600346 ], [ -90.358606, 38.609255 ], [ -90.351007, 38.604869 ], [ -90.343994, 38.610616 ], [ -90.335486, 38.610115 ], [ -90.334172, 38.603765 ], [ -90.326017, 38.601062 ], [ -90.331714, 38.596999 ], [ -90.33264, 38.59166 ], [ -90.335805, 38.592011 ], [ -90.339019, 38.573099 ], [ -90.332617, 38.572208 ], [ -90.333855, 38.567001 ], [ -90.30832, 38.564361 ], [ -90.297663, 38.55364 ], [ -90.292421, 38.558997 ], [ -90.272338, 38.548416 ], [ -90.271035, 38.538681 ], [ -90.266872, 38.534267 ], [ -90.257413, 38.531852 ], [ -90.26876, 38.507189 ], [ -90.291084, 38.43089 ], [ -90.341446, 38.388298 ], [ -90.347939, 38.405357 ], [ -90.348122, 38.430592 ], [ -90.347117, 38.435953 ], [ -90.335745, 38.448195 ], [ -90.336135, 38.453491 ], [ -90.353631, 38.458217 ], [ -90.376459, 38.452912 ], [ -90.372877, 38.464551 ], [ -90.35581, 38.485639 ], [ -90.364008, 38.486037 ], [ -90.377284, 38.493927 ], [ -90.382596, 38.49098 ], [ -90.379886, 38.504053 ], [ -90.386386, 38.504697 ], [ -90.390181, 38.50875 ], [ -90.382738, 38.514805 ], [ -90.380292, 38.513335 ], [ -90.379914, 38.544192 ], [ -90.398058, 38.54447 ] ] ] } },
{ "type": "Feature", "properties": { "district": "010", "name": "State Senate District 10" }, "geometry": { "type": "Polygon", "coordinates": [ [ [ -92.226015, 38.698554 ], [ -92.215691, 38.702487 ], [ -92.216778, 38.713578 ], [ -92.212186, 38.720117 ], [ -92.201963, 38.720859 ], [ -92.192431, 38.726132 ], [ -92.194159, 38.736647 ], [ -92.186124, 38.735888 ], [ -92.181814, 38.738616 ], [ -92.186123, 38.747878 ], [ -92.175868, 38.754059 ], [ -92.171904, 38.764423 ], [ -92.162859, 38.765206 ], [ -92.162353, 38.775972 ], [ -92.167812, 38.776786 ], [ -92.16384, 38.779803 ], [ -92.164207, 38.78387 ], [ -92.158159, 38.785089 ], [ -92.160127, 38.790059 ], [ -92.155507, 38.795181 ], [ -92.158282, 38.80205 ], [ -92.152043, 38.803771 ], [ -92.150459, 38.797496 ], [ -92.145235, 38.796269 ], [ -92.150957, 38.806043 ], [ -92.144053, 38.806443 ], [ -92.142984, 38.813032 ], [ -92.135245, 38.813894 ], [ -92.138365, 38.817783 ], [ -92.145655, 38.815016 ], [ -92.142821, 38.821772 ], [ -92.152881, 38.826288 ], [ -92.145404, 38.833128 ], [ -92.15055, 38.839203 ], [ -92.142367, 38.841378 ], [ -92.14028, 38.845301 ], [ -92.148502, 38.845594 ], [ -92.145404, 38.854305 ], [ -92.150047, 38.851455 ], [ -92.154172, 38.853504 ], [ -92.147845, 38.857306 ], [ -92.149272, 38.866238 ], [ -92.1625, 38.865585 ], [ -92.156132, 38.880652 ], [ -92.148654, 38.880283 ], [ -92.148188, 38.885533 ], [ -92.155395, 38.88445 ], [ -92.158735, 38.894567 ], [ -92.168962, 38.896578 ], [ -92.164108, 38.907026 ], [ -92.155003, 38.915546 ], [ -92.160838, 38.925438 ], [ -92.153907, 38.924315 ], [ -92.154109, 38.934491 ], [ -92.151108, 38.937461 ], [ -92.153889, 38.9384 ], [ -92.152776, 38.946638 ], [ -92.14678, 38.958706 ], [ -92.148756, 38.96146 ], [ -92.143265, 38.967854 ], [ -92.146429, 38.980732 ], [ -92.141914, 38.980352 ], [ -92.138125, 38.985316 ], [ -92.139944, 38.988556 ], [ -92.136623, 38.999633 ], [ -92.138006, 39.002725 ], [ -92.140143, 39.000741 ], [ -92.138028, 39.005694 ], [ -92.14047, 39.00683 ], [ -92.133939, 39.011004 ], [ -92.13022, 39.023642 ], [ -92.134589, 39.027377 ], [ -92.140653, 39.027382 ], [ -92.140784, 39.030135 ], [ -92.135974, 39.032397 ], [ -92.133467, 39.044652 ], [ -92.128575, 39.047832 ], [ -92.132269, 39.051533 ], [ -92.132564, 39.059465 ], [ -92.129555, 39.062605 ], [ -92.131512, 39.064484 ], [ -91.633998, 39.059057 ], [ -91.629598, 39.147853 ], [ -91.409033, 39.142542 ], [ -91.460442, 39.450722 ], [ -91.203712, 39.598355 ], [ -91.178012, 39.598196 ], [ -91.168419, 39.564928 ], [ -91.153628, 39.548248 ], [ -91.100307, 39.538695 ], [ -91.079769, 39.507728 ], [ -91.064305, 39.494643 ], [ -91.059439, 39.46886 ], [ -91.03827, 39.448435 ], [ -90.993789, 39.422959 ], [ -90.942621, 39.405071 ], [ -90.928745, 39.387544 ], [ -90.904862, 39.379403 ], [ -90.893777, 39.367343 ], [ -90.842175, 39.341932 ], [ -90.816851, 39.320496 ], [ -90.793461, 39.309498 ], [ -90.790675, 39.302908 ], [ -90.775673, 39.292811 ], [ -90.767648, 39.280025 ], [ -90.751599, 39.265432 ], [ -90.736005, 39.260386 ], [ -90.726981, 39.251173 ], [ -90.717113, 39.213912 ], [ -90.717404, 39.197414 ], [ -90.71048, 39.176366 ], [ -90.707902, 39.15086 ], [ -90.702923, 39.138749 ], [ -90.686051, 39.117785 ], [ -90.681086, 39.10059 ], [ -90.682744, 39.088348 ], [ -90.698282, 39.074649 ], [ -90.702136, 39.065568 ], [ -90.713629, 39.053977 ], [ -90.679027, 38.993867 ], [ -90.675715, 38.981066 ], [ -90.675949, 38.96214 ], [ -90.663181, 38.934224 ], [ -90.696582, 38.932784 ], [ -90.697481, 38.928151 ], [ -90.683773, 38.915986 ], [ -90.696243, 38.91563 ], [ -90.705896, 38.921543 ], [ -90.714309, 38.918164 ], [ -90.716725, 38.912851 ], [ -90.70623, 38.913506 ], [ -90.699434, 38.908411 ], [ -90.707557, 38.902652 ], [ -90.714198, 38.909892 ], [ -90.724073, 38.908825 ], [ -90.724578, 38.915181 ], [ -90.735611, 38.915832 ], [ -90.735242, 38.919291 ], [ -90.723764, 38.925175 ], [ -90.728841, 38.931141 ], [ -90.74377, 38.930118 ], [ -90.757509, 38.919673 ], [ -90.777378, 38.922796 ], [ -90.782006, 38.918559 ], [ -90.791344, 38.917895 ], [ -90.804167, 38.911491 ], [ -90.797541, 38.904429 ], [ -90.799706, 38.901161 ], [ -90.808241, 38.899978 ], [ -90.806926, 38.895244 ], [ -90.810283, 38.886358 ], [ -90.806345, 38.87871 ], [ -90.819687, 38.875757 ], [ -90.826462, 38.878435 ], [ -90.827055, 38.877695 ], [ -90.82381, 38.86442 ], [ -90.83173, 38.86245 ], [ -90.8295, 38.84458 ], [ -90.831333, 38.831438 ], [ -90.826389, 38.831212 ], [ -90.827411, 38.826033 ], [ -90.818426, 38.825537 ], [ -90.811491, 38.820766 ], [ -90.81144, 38.81366 ], [ -90.80843, 38.81301 ], [ -90.81014, 38.809865 ], [ -90.800947, 38.808879 ], [ -90.797458, 38.817203 ], [ -90.79375, 38.810592 ], [ -90.779478, 38.810554 ], [ -90.779647, 38.806938 ], [ -90.775837, 38.805037 ], [ -90.808242, 38.805388 ], [ -90.816614, 38.803434 ], [ -90.816674, 38.795949 ], [ -90.826598, 38.798412 ], [ -90.82652, 38.792385 ], [ -90.831238, 38.792325 ], [ -90.830086, 38.787231 ], [ -90.833288, 38.787749 ], [ -90.833402, 38.771979 ], [ -90.843032, 38.772548 ], [ -90.843074, 38.766689 ], [ -90.84785, 38.76725 ], [ -90.846749, 38.77782 ], [ -90.860061, 38.777856 ], [ -90.862092, 38.773935 ], [ -90.865652, 38.774189 ], [ -90.86915, 38.784082 ], [ -90.874758, 38.778021 ], [ -90.873849, 38.786385 ], [ -90.869188, 38.788172 ], [ -90.869177, 38.792372 ], [ -90.879394, 38.795863 ], [ -90.882655, 38.787209 ], [ -90.875554, 38.785415 ], [ -90.877113, 38.783149 ], [ -90.882936, 38.784496 ], [ -90.88289, 38.78173 ], [ -90.887732, 38.782068 ], [ -90.887752, 38.787727 ], [ -90.883036, 38.789232 ], [ -90.886194, 38.792367 ], [ -90.893744, 38.787623 ], [ -90.897103, 38.788683 ], [ -90.897141, 38.785036 ], [ -90.91093, 38.78876 ], [ -90.910898, 38.792405 ], [ -90.92013, 38.792568 ], [ -90.92017, 38.7889 ], [ -90.924819, 38.78896 ], [ -90.924771, 38.79622 ], [ -90.921819, 38.79618 ], [ -90.929847, 38.800288 ], [ -90.930115, 38.803363 ], [ -90.943172, 38.800036 ], [ -90.943278, 38.796418 ], [ -90.95528, 38.796623 ], [ -90.955366, 38.792542 ], [ -90.961794, 38.791674 ], [ -90.958536, 38.870865 ], [ -91.111251, 38.872709 ], [ -91.110187, 38.931901 ], [ -91.189348, 38.932151 ], [ -91.18839, 38.992141 ], [ -91.264287, 38.992762 ], [ -91.264927, 38.843833 ], [ -91.415832, 38.8453 ], [ -91.418637, 38.709778 ], [ -91.4576, 38.70627 ], [ -91.452691, 38.709487 ], [ -91.471771, 38.707528 ], [ -91.487792, 38.713114 ], [ -91.501074, 38.704687 ], [ -91.502602, 38.695 ], [ -91.55064, 38.676267 ], [ -91.587665, 38.682185 ], [ -91.619734, 38.698536 ], [ -91.637982, 38.703541 ], [ -91.665498, 38.701983 ], [ -91.702039, 38.70777 ], [ -91.732286, 38.705891 ], [ -91.760234, 38.685 ], [ -91.814436, 38.681835 ], [ -91.86057, 38.668174 ], [ -91.877356, 38.657743 ], [ -91.893749, 38.634087 ], [ -91.943936, 38.597075 ], [ -91.977454, 38.589616 ], [ -92.015617, 38.567398 ], [ -92.063906, 38.557396 ], [ -92.107211, 38.561054 ], [ -92.138648, 38.569278 ], [ -92.169328, 38.58166 ], [ -92.200721, 38.601668 ], [ -92.204751, 38.630279 ], [ -92.209829, 38.637219 ], [ -92.220661, 38.643167 ], [ -92.21846, 38.689051 ], [ -92.226015, 38.698554 ] ] ] } },
{ "type": "Feature", "properties": { "district": "028", "name": "State Senate District 28" }, "geometry": { "type": "Polygon", "coordinates": [ [ [ -94.617698, 37.653578 ], [ -94.614061, 38.060056 ], [ -94.240619, 38.050819 ], [ -94.239114, 38.043952 ], [ -94.234364, 38.047112 ], [ -94.230446, 38.045609 ], [ -94.24066, 38.039793 ], [ -94.233514, 38.032226 ], [ -94.245126, 38.030468 ], [ -94.243729, 38.02732 ], [ -94.236588, 38.025952 ], [ -94.224849, 38.027337 ], [ -94.227044, 38.035161 ], [ -94.223889, 38.040348 ], [ -94.21504, 38.034023 ], [ -94.209947, 38.043815 ], [ -94.211051, 38.050975 ], [ -94.20282, 38.054292 ], [ -94.194724, 38.052706 ], [ -94.20069, 38.046545 ], [ -94.196061, 38.033791 ], [ -94.190886, 38.045186 ], [ -94.168589, 38.049723 ], [ -94.157432, 38.057119 ], [ -94.150583, 38.053864 ], [ -94.132231, 38.05816 ], [ -94.124693, 38.05017 ], [ -94.115478, 38.048433 ], [ -94.118755, 38.042159 ], [ -94.109911, 38.03732 ], [ -94.105647, 38.037759 ], [ -94.104608, 38.046809 ], [ -94.101912, 38.048105 ], [ -94.094425, 38.039906 ], [ -94.087118, 38.04162 ], [ -94.088601, 38.035946 ], [ -94.085239, 38.032465 ], [ -94.080659, 38.031597 ], [ -94.069375, 38.03682 ], [ -94.064696, 38.031251 ], [ -94.061333, 38.031551 ], [ -94.058285, 38.036627 ], [ -94.049895, 38.213985 ], [ -94.075214, 38.214502 ], [ -94.06502, 38.465816 ], [ -94.06782, 38.466016 ], [ -94.064317, 38.56738 ], [ -93.51103, 38.55621 ], [ -93.509167, 38.644958 ], [ -93.49311, 38.899016 ], [ -93.498616, 38.8993 ], [ -93.496377, 38.942837 ], [ -93.050453, 38.928244 ], [ -93.072054, 38.442274 ], [ -93.068763, 38.442273 ], [ -93.068969, 38.433697 ], [ -93.082164, 38.186503 ], [ -93.059073, 38.185685 ], [ -93.072447, 37.902627 ], [ -92.855384, 37.895736 ], [ -92.859913, 37.721239 ], [ -92.846281, 37.721039 ], [ -92.853481, 37.48397 ], [ -93.071584, 37.487444 ], [ -93.073741, 37.414847 ], [ -93.621153, 37.427423 ], [ -93.616033, 37.572689 ], [ -94.075385, 37.58157 ], [ -94.073524, 37.639722 ], [ -94.617698, 37.653578 ] ] ] } },
{ "type": "Feature", "properties": { "district": "008", "name": "State Senate District 8" }, "geometry": { "type": "Polygon", "coordinates": [ [ [ -94.488889, 38.901797 ], [ -94.483885, 38.915891 ], [ -94.475388, 38.922153 ], [ -94.450034, 38.923751 ], [ -94.447879, 38.942572 ], [ -94.410206, 38.940751 ], [ -94.414421, 38.955601 ], [ -94.410337, 38.955339 ], [ -94.404761, 38.962195 ], [ -94.406982, 38.965838 ], [ -94.395618, 38.961207 ], [ -94.395663, 38.958147 ], [ -94.386099, 38.958146 ], [ -94.385448, 38.972839 ], [ -94.389872, 38.972978 ], [ -94.386944, 39.017623 ], [ -94.363398, 39.026312 ], [ -94.332818, 39.024967 ], [ -94.331442, 39.021524 ], [ -94.327814, 39.026951 ], [ -94.337149, 39.029183 ], [ -94.33707, 39.032684 ], [ -94.33236, 39.032992 ], [ -94.332202, 39.037774 ], [ -94.305426, 39.034753 ], [ -94.315305, 39.054104 ], [ -94.270813, 39.052824 ], [ -94.26981, 39.056562 ], [ -94.277472, 39.066233 ], [ -94.26336, 39.063394 ], [ -94.261269, 39.057879 ], [ -94.256666, 39.057732 ], [ -94.261311, 39.056938 ], [ -94.25822, 39.048683 ], [ -94.256859, 39.052217 ], [ -94.250312, 39.052042 ], [ -94.250454, 39.048373 ], [ -94.247863, 39.048273 ], [ -94.243257, 39.048303 ], [ -94.243122, 39.051939 ], [ -94.233913, 39.051394 ], [ -94.234133, 39.045586 ], [ -94.22949, 39.045323 ], [ -94.229627, 39.040356 ], [ -94.222861, 39.039497 ], [ -94.229773, 39.034216 ], [ -94.22585, 39.032541 ], [ -94.225966, 39.029327 ], [ -94.221457, 39.029184 ], [ -94.221662, 39.02382 ], [ -94.227052, 39.024484 ], [ -94.225951, 39.018434 ], [ -94.233566, 39.017531 ], [ -94.231829, 39.014509 ], [ -94.240161, 39.011698 ], [ -94.240361, 39.008207 ], [ -94.231021, 39.007939 ], [ -94.231724, 38.989903 ], [ -94.22709, 38.989767 ], [ -94.226927, 38.993382 ], [ -94.214118, 38.992938 ], [ -94.217778, 38.989336 ], [ -94.210782, 38.989091 ], [ -94.20861, 38.985502 ], [ -94.208262, 38.992716 ], [ -94.199039, 38.992414 ], [ -94.198468, 39.007567 ], [ -94.187353, 39.010158 ], [ -94.178337, 39.018557 ], [ -94.170238, 39.017403 ], [ -94.15261, 39.004948 ], [ -94.152537, 38.99821 ], [ -94.157363, 38.998306 ], [ -94.157659, 38.991039 ], [ -94.152953, 38.990948 ], [ -94.15301, 38.988187 ], [ -94.145209, 38.994311 ], [ -94.134406, 38.990318 ], [ -94.13782, 38.983291 ], [ -94.130323, 38.97954 ], [ -94.130488, 38.975978 ], [ -94.12787, 38.975946 ], [ -94.127867, 38.9831 ], [ -94.111478, 38.982862 ], [ -94.118839, 38.833187 ], [ -94.431168, 38.839615 ], [ -94.42963, 38.869173 ], [ -94.471282, 38.87068 ], [ -94.469581, 38.899258 ], [ -94.488889, 38.901797 ] ] ] } },
{ "type": "Feature", "properties": { "district": "021", "name": "State Senate District 21" }, "geometry": { "type": "Polygon", "coordinates": [ [ [ -94.600762, 39.3333 ], [ -94.600819, 39.456155 ], [ -94.210642, 39.454682 ], [ -94.208423, 39.5272 ], [ -93.759539, 39.524603 ], [ -93.758463, 39.207021 ], [ -93.738956, 39.209655 ], [ -93.71121, 39.206262 ], [ -93.702335, 39.208799 ], [ -93.695418, 39.213664 ], [ -93.685553, 39.228552 ], [ -93.661901, 39.235782 ], [ -93.656291, 39.240428 ], [ -93.657469, 39.245525 ], [ -93.652237, 39.24834 ], [ -93.644407, 39.245202 ], [ -93.636381, 39.247172 ], [ -93.627455, 39.242972 ], [ -93.585829, 39.24076 ], [ -93.568926, 39.228605 ], [ -93.563192, 39.22002 ], [ -93.551528, 39.217017 ], [ -93.528432, 39.214892 ], [ -93.500211, 39.218005 ], [ -93.489284, 39.226297 ], [ -93.486573, 39.233861 ], [ -93.496221, 39.264891 ], [ -93.49434, 39.278359 ], [ -93.485806, 39.288759 ], [ -93.473272, 39.293296 ], [ -93.458652, 39.288314 ], [ -93.450714, 39.272975 ], [ -93.444231, 39.268525 ], [ -93.413924, 39.267753 ], [ -93.404775, 39.263274 ], [ -93.404498, 39.254222 ], [ -93.41523, 39.241797 ], [ -93.415226, 39.234923 ], [ -93.411414, 39.231058 ], [ -93.396335, 39.22634 ], [ -93.373137, 39.231331 ], [ -93.353637, 39.242763 ], [ -93.334957, 39.248875 ], [ -93.329121, 39.255081 ], [ -93.328962, 39.265483 ], [ -93.34443, 39.289364 ], [ -93.344109, 39.297179 ], [ -93.336856, 39.307032 ], [ -93.324764, 39.310615 ], [ -93.294161, 39.309214 ], [ -93.277725, 39.311549 ], [ -93.266509, 39.319721 ], [ -93.267795, 39.325117 ], [ -93.263813, 39.331009 ], [ -93.252565, 39.338874 ], [ -93.241505, 39.337037 ], [ -93.230079, 39.327877 ], [ -93.221204, 39.331656 ], [ -93.189569, 39.370383 ], [ -93.189453, 39.379828 ], [ -93.19869, 39.393266 ], [ -93.200708, 39.401787 ], [ -93.193101, 39.409278 ], [ -93.180646, 39.411805 ], [ -93.164322, 39.405007 ], [ -93.151992, 39.387158 ], [ -93.139631, 39.378643 ], [ -93.125199, 39.377675 ], [ -93.106071, 39.383724 ], [ -93.087759, 39.378912 ], [ -93.077083, 39.3655 ], [ -93.078053, 39.347977 ], [ -93.074438, 39.337965 ], [ -93.065403, 39.328293 ], [ -93.052043, 39.320725 ], [ -93.023776, 39.313115 ], [ -92.971592, 39.3156 ], [ -92.959801, 39.312526 ], [ -92.953402, 39.302752 ], [ -92.957766, 39.279336 ], [ -92.947403, 39.270094 ], [ -92.923617, 39.263376 ], [ -92.916749, 39.25794 ], [ -92.919572, 39.231615 ], [ -92.906142, 39.222339 ], [ -92.886552, 39.224257 ], [ -92.862851, 39.236437 ], [ -92.850702, 39.233142 ], [ -92.849224, 39.226218 ], [ -92.790369, 39.343586 ], [ -92.430229, 39.248795 ], [ -92.513553, 39.088806 ], [ -92.560642, 39.002006 ], [ -92.56516, 38.998647 ], [ -92.562106, 38.996406 ], [ -92.565389, 38.990676 ], [ -92.563929, 38.986904 ], [ -92.557606, 38.988406 ], [ -92.556372, 38.985698 ], [ -92.570021, 38.979968 ], [ -92.566111, 38.974201 ], [ -92.559179, 38.973173 ], [ -92.540118, 38.953718 ], [ -92.514987, 38.938114 ], [ -92.498377, 38.922084 ], [ -92.616652, 38.694466 ], [ -92.617147, 38.680013 ], [ -92.726692, 38.684077 ], [ -92.950606, 38.685775 ], [ -93.059974, 38.693077 ], [ -93.050528, 38.928269 ], [ -93.496377, 38.942837 ], [ -93.497576, 38.928302 ], [ -93.834719, 38.937909 ], [ -93.836319, 38.908709 ], [ -94.114175, 38.917304 ], [ -94.104823, 39.143507 ], [ -94.133664, 39.171239 ], [ -94.18584, 39.18103 ], [ -94.185056, 39.189285 ], [ -94.170239, 39.204486 ], [ -94.170495, 39.21231 ], [ -94.186271, 39.214085 ], [ -94.2042, 39.206695 ], [ -94.211468, 39.206787 ], [ -94.228759, 39.21465 ], [ -94.238429, 39.228219 ], [ -94.250046, 39.234845 ], [ -94.289873, 39.237107 ], [ -94.308932, 39.227351 ], [ -94.328155, 39.191232 ], [ -94.341476, 39.177472 ], [ -94.363556, 39.163656 ], [ -94.369415, 39.163676 ], [ -94.378494, 39.170365 ], [ -94.389728, 39.193503 ], [ -94.401728, 39.197534 ], [ -94.418401, 39.193521 ], [ -94.420482, 39.190347 ], [ -94.429163, 39.194573 ], [ -94.43458, 39.193846 ], [ -94.446243, 39.185112 ], [ -94.448631, 39.175762 ], [ -94.45431, 39.186624 ], [ -94.445737, 39.194529 ], [ -94.456725, 39.194694 ], [ -94.456734, 39.201993 ], [ -94.470532, 39.201892 ], [ -94.470468, 39.205622 ], [ -94.479855, 39.207657 ], [ -94.473924, 39.215607 ], [ -94.465815, 39.216813 ], [ -94.465658, 39.223452 ], [ -94.469983, 39.223482 ], [ -94.456207, 39.246089 ], [ -94.454552, 39.268667 ], [ -94.447464, 39.265742 ], [ -94.445431, 39.280999 ], [ -94.437232, 39.28094 ], [ -94.437113, 39.288165 ], [ -94.421322, 39.28817 ], [ -94.42137, 39.295394 ], [ -94.444824, 39.295412 ], [ -94.444817, 39.303076 ], [ -94.459382, 39.303245 ], [ -94.45932, 39.317068 ], [ -94.469028, 39.313465 ], [ -94.473243, 39.316773 ], [ -94.473285, 39.333328 ], [ -94.600762, 39.3333 ] ] ] } },
{ "type": "Feature", "properties": { "district": "006", "name": "State Senate District 6" }, "geometry": { "type": "Polygon", "coordinates": [ [ [ -93.082087, 38.187819 ], [ -93.068969, 38.433697 ], [ -93.068763, 38.442273 ], [ -93.072054, 38.442274 ], [ -93.059974, 38.693077 ], [ -92.950512, 38.68577 ], [ -92.726692, 38.684077 ], [ -92.617147, 38.680013 ], [ -92.616652, 38.694466 ], [ -92.498377, 38.922084 ], [ -92.474586, 38.902371 ], [ -92.47964, 38.877439 ], [ -92.456717, 38.860269 ], [ -92.439906, 38.831346 ], [ -92.42118, 38.819754 ], [ -92.394089, 38.819576 ], [ -92.384391, 38.815488 ], [ -92.37958, 38.801546 ], [ -92.38298, 38.789725 ], [ -92.390782, 38.780612 ], [ -92.407078, 38.772598 ], [ -92.408636, 38.758243 ], [ -92.404738, 38.74819 ], [ -92.397456, 38.740523 ], [ -92.387808, 38.735433 ], [ -92.360216, 38.730133 ], [ -92.345722, 38.717674 ], [ -92.343265, 38.705073 ], [ -92.362993, 38.688653 ], [ -92.357813, 38.679517 ], [ -92.339285, 38.673542 ], [ -92.29337, 38.666564 ], [ -92.275806, 38.658215 ], [ -92.259091, 38.645347 ], [ -92.229401, 38.646027 ], [ -92.215746, 38.641285 ], [ -92.203072, 38.626639 ], [ -92.203492, 38.608348 ], [ -92.200721, 38.601668 ], [ -92.169328, 38.58166 ], [ -92.138775, 38.56932 ], [ -92.107211, 38.561054 ], [ -92.063906, 38.557396 ], [ -92.025774, 38.564565 ], [ -92.008983, 38.5709 ], [ -92.0035, 38.56026 ], [ -92.018912, 38.558954 ], [ -92.027688, 38.546567 ], [ -92.027094, 38.528713 ], [ -92.008298, 38.497119 ], [ -92.012573, 38.484146 ], [ -92.026554, 38.472577 ], [ -92.043489, 38.466479 ], [ -92.073712, 38.466724 ], [ -92.110415, 38.457376 ], [ -92.12764, 38.460861 ], [ -92.147333, 38.474086 ], [ -92.162001, 38.473026 ], [ -92.168883, 38.466812 ], [ -92.157671, 38.439044 ], [ -92.149291, 38.431152 ], [ -92.121578, 38.417336 ], [ -92.114977, 38.401937 ], [ -92.121777, 38.391337 ], [ -92.13532, 38.383821 ], [ -92.160577, 38.377036 ], [ -92.180589, 38.378474 ], [ -92.193178, 38.370835 ], [ -92.197773, 38.161538 ], [ -92.181372, 38.161238 ], [ -92.18537, 38.016338 ], [ -92.406275, 38.021179 ], [ -92.409231, 37.85918 ], [ -92.421761, 37.858728 ], [ -92.426478, 37.851098 ], [ -92.448937, 37.835939 ], [ -92.452953, 37.824083 ], [ -92.492196, 37.82962 ], [ -92.503573, 37.826489 ], [ -92.513509, 37.810932 ], [ -92.517545, 37.810887 ], [ -92.517474, 37.813238 ], [ -92.53168, 37.811139 ], [ -92.539605, 37.802064 ], [ -92.548934, 37.80047 ], [ -92.559275, 37.803239 ], [ -92.565315, 37.806801 ], [ -92.56458, 37.812636 ], [ -92.571576, 37.823639 ], [ -92.585376, 37.828038 ], [ -92.589676, 37.834938 ], [ -92.600077, 37.840338 ], [ -92.599177, 37.851838 ], [ -92.608678, 37.856138 ], [ -92.614679, 37.863538 ], [ -92.614378, 37.871537 ], [ -92.618678, 37.873837 ], [ -92.620181, 37.892521 ], [ -92.855384, 37.895736 ], [ -93.072447, 37.902627 ], [ -93.059073, 38.185685 ], [ -93.082087, 38.187819 ] ] ] } },
{ "type": "Feature", "properties": { "district": "014", "name": "State Senate District 14" }, "geometry": { "type": "Polygon", "coordinates": [ [ [ -90.482299, 38.764348 ], [ -90.473188, 38.790978 ], [ -90.440617, 38.82765 ], [ -90.41932, 38.829277 ], [ -90.396732, 38.8237 ], [ -90.36634, 38.805257 ], [ -90.369276, 38.801114 ], [ -90.366974, 38.799566 ], [ -90.37448, 38.790721 ], [ -90.364319, 38.785609 ], [ -90.368911, 38.780912 ], [ -90.37394, 38.782137 ], [ -90.376536, 38.782103 ], [ -90.350572, 38.776853 ], [ -90.351398, 38.764766 ], [ -90.349328, 38.773859 ], [ -90.343854, 38.773297 ], [ -90.339974, 38.764874 ], [ -90.324857, 38.764737 ], [ -90.323698, 38.771956 ], [ -90.315737, 38.771245 ], [ -90.311784, 38.766703 ], [ -90.305226, 38.769997 ], [ -90.307753, 38.772798 ], [ -90.260604, 38.77086 ], [ -90.259011, 38.763944 ], [ -90.264407, 38.764026 ], [ -90.261519, 38.757613 ], [ -90.269867, 38.758896 ], [ -90.274859, 38.753516 ], [ -90.274191, 38.748851 ], [ -90.276924, 38.749408 ], [ -90.275626, 38.741074 ], [ -90.269255, 38.743318 ], [ -90.265147, 38.741988 ], [ -90.264529, 38.738435 ], [ -90.277879, 38.734667 ], [ -90.276814, 38.727324 ], [ -90.292584, 38.725079 ], [ -90.29002, 38.717955 ], [ -90.280659, 38.718881 ], [ -90.285462, 38.711445 ], [ -90.265241, 38.7019 ], [ -90.301828, 38.655642 ], [ -90.302855, 38.649482 ], [ -90.314907, 38.651594 ], [ -90.31609, 38.645886 ], [ -90.329417, 38.647192 ], [ -90.328743, 38.651361 ], [ -90.335033, 38.653063 ], [ -90.334673, 38.656707 ], [ -90.394623, 38.661065 ], [ -90.391209, 38.698729 ], [ -90.408846, 38.707623 ], [ -90.407296, 38.722293 ], [ -90.418314, 38.72487 ], [ -90.42072, 38.729046 ], [ -90.429254, 38.729038 ], [ -90.4298, 38.737442 ], [ -90.439271, 38.743276 ], [ -90.44717, 38.741434 ], [ -90.453097, 38.743822 ], [ -90.464094, 38.736263 ], [ -90.468857, 38.741818 ], [ -90.45692, 38.751671 ], [ -90.449095, 38.751076 ], [ -90.482299, 38.764348 ] ] ] } },
{ "type": "Feature", "properties": { "district": "024", "name": "State Senate District 24" }, "geometry": { "type": "Polygon", "coordinates": [ [ [ -90.538743, 38.687116 ], [ -90.530363, 38.69863 ], [ -90.533638, 38.726871 ], [ -90.53134, 38.731178 ], [ -90.49579, 38.748256 ], [ -90.482299, 38.764348 ], [ -90.449095, 38.751076 ], [ -90.45692, 38.751671 ], [ -90.468857, 38.741818 ], [ -90.464094, 38.736263 ], [ -90.453097, 38.743822 ], [ -90.44717, 38.741434 ], [ -90.439271, 38.743276 ], [ -90.4298, 38.737442 ], [ -90.429254, 38.729038 ], [ -90.42072, 38.729046 ], [ -90.418314, 38.72487 ], [ -90.407296, 38.722293 ], [ -90.408846, 38.707623 ], [ -90.391209, 38.698729 ], [ -90.394623, 38.661065 ], [ -90.366646, 38.66085 ], [ -90.366613, 38.658136 ], [ -90.34877, 38.656209 ], [ -90.351309, 38.639148 ], [ -90.361868, 38.641138 ], [ -90.363349, 38.614009 ], [ -90.378901, 38.614093 ], [ -90.379693, 38.609264 ], [ -90.401315, 38.610897 ], [ -90.401467, 38.603536 ], [ -90.390777, 38.601835 ], [ -90.377828, 38.605301 ], [ -90.377, 38.602435 ], [ -90.372314, 38.602377 ], [ -90.377255, 38.582642 ], [ -90.391213, 38.582772 ], [ -90.391542, 38.567932 ], [ -90.397504, 38.567835 ], [ -90.398408, 38.559298 ], [ -90.398058, 38.54447 ], [ -90.379914, 38.544192 ], [ -90.380292, 38.513335 ], [ -90.382738, 38.514805 ], [ -90.390181, 38.50875 ], [ -90.386386, 38.504697 ], [ -90.379886, 38.504053 ], [ -90.382596, 38.49098 ], [ -90.377284, 38.493927 ], [ -90.364008, 38.486037 ], [ -90.35581, 38.485639 ], [ -90.372877, 38.464551 ], [ -90.376459, 38.452912 ], [ -90.391031, 38.450561 ], [ -90.39294, 38.458093 ], [ -90.407673, 38.45252 ], [ -90.414408, 38.456971 ], [ -90.422519, 38.483118 ], [ -90.413632, 38.480704 ], [ -90.407949, 38.483328 ], [ -90.405335, 38.500598 ], [ -90.510358, 38.501318 ], [ -90.511785, 38.524675 ], [ -90.5154, 38.530064 ], [ -90.511179, 38.538916 ], [ -90.514032, 38.546272 ], [ -90.520654, 38.546873 ], [ -90.520553, 38.552024 ], [ -90.515867, 38.552237 ], [ -90.515586, 38.555557 ], [ -90.514753, 38.552828 ], [ -90.507041, 38.55484 ], [ -90.50832, 38.560377 ], [ -90.50266, 38.560317 ], [ -90.49593, 38.566189 ], [ -90.484344, 38.562929 ], [ -90.478201, 38.569078 ], [ -90.481955, 38.572481 ], [ -90.480008, 38.573518 ], [ -90.474205, 38.570936 ], [ -90.465067, 38.57884 ], [ -90.466794, 38.584795 ], [ -90.462799, 38.586552 ], [ -90.465914, 38.58859 ], [ -90.467406, 38.585714 ], [ -90.467521, 38.591422 ], [ -90.471177, 38.590787 ], [ -90.467507, 38.592744 ], [ -90.467489, 38.596885 ], [ -90.474017, 38.596816 ], [ -90.471616, 38.602314 ], [ -90.458011, 38.604272 ], [ -90.45769, 38.607811 ], [ -90.448609, 38.607657 ], [ -90.448386, 38.618662 ], [ -90.429721, 38.618492 ], [ -90.429639, 38.623969 ], [ -90.433469, 38.62401 ], [ -90.433318, 38.638667 ], [ -90.467015, 38.640834 ], [ -90.467014, 38.6445 ], [ -90.469091, 38.640828 ], [ -90.481005, 38.640786 ], [ -90.482317, 38.648349 ], [ -90.479459, 38.648322 ], [ -90.479689, 38.652456 ], [ -90.484162, 38.654101 ], [ -90.481669, 38.654056 ], [ -90.477382, 38.665903 ], [ -90.482217, 38.668695 ], [ -90.481616, 38.671195 ], [ -90.491441, 38.670858 ], [ -90.489289, 38.675793 ], [ -90.492172, 38.676124 ], [ -90.485535, 38.682698 ], [ -90.491561, 38.684946 ], [ -90.495377, 38.691848 ], [ -90.530689, 38.679549 ], [ -90.538743, 38.687116 ] ] ] } },
{ "type": "Feature", "properties": { "district": "012", "name": "State Senate District 12" }, "geometry": { "type": "Polygon", "coordinates": [ [ [ -95.774704, 40.573574 ], [ -95.765645, 40.585208 ], [ -94.546014, 40.570815 ], [ -93.374386, 40.580333 ], [ -93.37484, 40.472212 ], [ -93.366859, 40.471518 ], [ -93.366935, 40.382999 ], [ -92.855313, 40.385894 ], [ -92.856191, 40.037253 ], [ -92.847477, 40.037301 ], [ -92.85792, 39.699985 ], [ -92.689331, 39.698094 ], [ -92.692147, 39.610274 ], [ -92.696592, 39.610371 ], [ -92.698389, 39.575717 ], [ -92.707367, 39.321614 ], [ -92.790369, 39.343586 ], [ -92.849224, 39.226218 ], [ -92.850702, 39.233142 ], [ -92.862851, 39.236437 ], [ -92.886552, 39.224257 ], [ -92.906142, 39.222339 ], [ -92.919572, 39.231615 ], [ -92.916749, 39.25794 ], [ -92.923617, 39.263376 ], [ -92.947403, 39.270094 ], [ -92.957766, 39.279336 ], [ -92.953402, 39.302752 ], [ -92.959801, 39.312526 ], [ -92.971592, 39.3156 ], [ -93.023776, 39.313115 ], [ -93.052043, 39.320725 ], [ -93.065403, 39.328293 ], [ -93.074438, 39.337965 ], [ -93.078053, 39.347977 ], [ -93.077083, 39.3655 ], [ -93.087759, 39.378912 ], [ -93.106071, 39.383724 ], [ -93.125199, 39.377675 ], [ -93.139631, 39.378643 ], [ -93.151992, 39.387158 ], [ -93.164322, 39.405007 ], [ -93.180646, 39.411805 ], [ -93.193101, 39.409278 ], [ -93.200708, 39.401787 ], [ -93.19869, 39.393266 ], [ -93.189453, 39.379828 ], [ -93.189569, 39.370383 ], [ -93.221204, 39.331656 ], [ -93.230079, 39.327877 ], [ -93.241505, 39.337037 ], [ -93.252565, 39.338874 ], [ -93.263813, 39.331009 ], [ -93.267795, 39.325117 ], [ -93.266509, 39.319721 ], [ -93.277725, 39.311549 ], [ -93.294161, 39.309214 ], [ -93.324764, 39.310615 ], [ -93.336856, 39.307032 ], [ -93.344109, 39.297179 ], [ -93.34443, 39.289364 ], [ -93.328962, 39.265483 ], [ -93.329121, 39.255081 ], [ -93.334957, 39.248875 ], [ -93.353637, 39.242763 ], [ -93.373137, 39.231331 ], [ -93.396335, 39.22634 ], [ -93.411414, 39.231058 ], [ -93.415226, 39.234923 ], [ -93.41523, 39.241797 ], [ -93.404498, 39.254222 ], [ -93.404775, 39.263274 ], [ -93.413924, 39.267753 ], [ -93.444231, 39.268525 ], [ -93.450714, 39.272975 ], [ -93.458652, 39.288314 ], [ -93.473272, 39.293296 ], [ -93.485806, 39.288759 ], [ -93.49434, 39.278359 ], [ -93.496221, 39.264891 ], [ -93.486573, 39.233861 ], [ -93.489284, 39.226297 ], [ -93.500211, 39.218005 ], [ -93.528432, 39.214892 ], [ -93.551528, 39.217017 ], [ -93.563192, 39.22002 ], [ -93.568926, 39.228605 ], [ -93.585829, 39.24076 ], [ -93.627455, 39.242972 ], [ -93.636381, 39.247172 ], [ -93.644407, 39.245202 ], [ -93.652237, 39.24834 ], [ -93.657469, 39.245525 ], [ -93.656291, 39.240428 ], [ -93.661901, 39.235782 ], [ -93.685553, 39.228552 ], [ -93.695418, 39.213664 ], [ -93.702335, 39.208799 ], [ -93.71121, 39.206262 ], [ -93.738956, 39.209655 ], [ -93.758463, 39.207021 ], [ -93.759183, 39.524558 ], [ -94.208423, 39.5272 ], [ -94.210642, 39.454682 ], [ -94.597879, 39.455838 ], [ -94.600819, 39.456155 ], [ -94.601215, 39.53017 ], [ -94.788435, 39.531743 ], [ -94.788649, 39.719089 ], [ -94.758978, 39.719009 ], [ -94.759145, 39.748535 ], [ -94.745105, 39.748377 ], [ -94.748035, 39.755432 ], [ -94.756768, 39.755418 ], [ -94.75897, 39.76563 ], [ -94.758749, 39.818389 ], [ -94.756381, 39.820629 ], [ -94.876558, 39.820883 ], [ -94.886504, 39.833336 ], [ -94.916766, 39.835807 ], [ -94.935487, 39.84841 ], [ -94.942567, 39.857034 ], [ -94.940671, 39.865197 ], [ -94.927826, 39.877817 ], [ -94.929064, 39.888415 ], [ -94.940002, 39.896472 ], [ -94.955178, 39.901288 ], [ -94.987059, 39.89632 ], [ -95.003819, 39.900401 ], [ -95.015135, 39.899643 ], [ -95.02524, 39.8897 ], [ -95.026747, 39.872273 ], [ -95.039403, 39.864832 ], [ -95.08156, 39.861539 ], [ -95.124529, 39.872857 ], [ -95.140601, 39.881688 ], [ -95.142838, 39.900402 ], [ -95.149657, 39.905948 ], [ -95.159834, 39.906984 ], [ -95.181222, 39.899996 ], [ -95.202745, 39.905076 ], [ -95.206063, 39.912061 ], [ -95.200382, 39.931031 ], [ -95.205266, 39.93975 ], [ -95.21644, 39.943953 ], [ -95.236761, 39.943931 ], [ -95.250254, 39.948644 ], [ -95.269886, 39.969396 ], [ -95.305803, 39.987899 ], [ -95.309332, 40.004473 ], [ -95.315271, 40.01207 ], [ -95.333731, 40.017832 ], [ -95.346573, 40.028272 ], [ -95.356876, 40.031522 ], [ -95.387195, 40.02677 ], [ -95.407261, 40.033112 ], [ -95.416825, 40.043235 ], [ -95.42164, 40.058952 ], [ -95.408715, 40.076953 ], [ -95.4101, 40.093975 ], [ -95.394216, 40.108263 ], [ -95.393347, 40.119212 ], [ -95.400266, 40.127293 ], [ -95.427409, 40.134608 ], [ -95.432165, 40.141025 ], [ -95.436348, 40.15872 ], [ -95.463831, 40.171201 ], [ -95.479193, 40.185652 ], [ -95.482319, 40.200667 ], [ -95.4699, 40.2227 ], [ -95.470349, 40.230819 ], [ -95.476241, 40.241257 ], [ -95.488999, 40.248739 ], [ -95.521035, 40.250083 ], [ -95.552473, 40.261904 ], [ -95.556275, 40.270761 ], [ -95.551488, 40.281061 ], [ -95.55162, 40.288666 ], [ -95.562157, 40.297359 ], [ -95.581787, 40.29958 ], [ -95.610439, 40.31397 ], [ -95.645329, 40.305693 ], [ -95.657328, 40.310856 ], [ -95.653729, 40.322582 ], [ -95.627648, 40.332412 ], [ -95.622684, 40.342323 ], [ -95.627124, 40.3528 ], [ -95.641027, 40.366399 ], [ -95.643935, 40.386851 ], [ -95.660602, 40.412409 ], [ -95.656575, 40.438701 ], [ -95.667714, 40.453463 ], [ -95.694651, 40.471452 ], [ -95.696756, 40.478849 ], [ -95.694823, 40.494705 ], [ -95.699969, 40.505275 ], [ -95.661681, 40.517312 ], [ -95.655674, 40.523557 ], [ -95.652269, 40.538108 ], [ -95.655848, 40.546609 ], [ -95.662107, 40.549967 ], [ -95.671776, 40.562628 ], [ -95.678715, 40.562561 ], [ -95.694147, 40.556942 ], [ -95.697377, 40.541389 ], [ -95.695495, 40.532021 ], [ -95.708591, 40.521551 ], [ -95.717537, 40.527783 ], [ -95.73725, 40.52393 ], [ -95.752743, 40.524893 ], [ -95.762857, 40.528371 ], [ -95.768693, 40.534106 ], [ -95.763833, 40.553873 ], [ -95.774704, 40.573574 ] ] ] } },
{ "type": "Feature", "properties": { "district": "017", "name": "State Senate District 17" }, "geometry": { "type": "Polygon", "coordinates": [ [ [ -94.608519, 39.116244 ], [ -94.590288, 39.138121 ], [ -94.588387, 39.148868 ], [ -94.590661, 39.154767 ], [ -94.601733, 39.159603 ], [ -94.600762, 39.3333 ], [ -94.473285, 39.333328 ], [ -94.473243, 39.316773 ], [ -94.469028, 39.313465 ], [ -94.45932, 39.317068 ], [ -94.459382, 39.303245 ], [ -94.444817, 39.303076 ], [ -94.444824, 39.295412 ], [ -94.42137, 39.295394 ], [ -94.421322, 39.28817 ], [ -94.437113, 39.288165 ], [ -94.437232, 39.28094 ], [ -94.445431, 39.280999 ], [ -94.447464, 39.265742 ], [ -94.454552, 39.268667 ], [ -94.456207, 39.246089 ], [ -94.469983, 39.223482 ], [ -94.465658, 39.223452 ], [ -94.465815, 39.216813 ], [ -94.473924, 39.215607 ], [ -94.479855, 39.207657 ], [ -94.470468, 39.205622 ], [ -94.470532, 39.201892 ], [ -94.456734, 39.201993 ], [ -94.456725, 39.194694 ], [ -94.445737, 39.194529 ], [ -94.45431, 39.186624 ], [ -94.448631, 39.175762 ], [ -94.446243, 39.185112 ], [ -94.43458, 39.193846 ], [ -94.429163, 39.194573 ], [ -94.420482, 39.190347 ], [ -94.418401, 39.193521 ], [ -94.401728, 39.197534 ], [ -94.409025, 39.192104 ], [ -94.399928, 39.174803 ], [ -94.402328, 39.164766 ], [ -94.425764, 39.141807 ], [ -94.46159, 39.120372 ], [ -94.484616, 39.145504 ], [ -94.495411, 39.150394 ], [ -94.512679, 39.150451 ], [ -94.534204, 39.145861 ], [ -94.554952, 39.127428 ], [ -94.592248, 39.111174 ], [ -94.603901, 39.110916 ], [ -94.608519, 39.116244 ] ] ] } },
{ "type": "Feature", "properties": { "district": "003", "name": "State Senate District 3" }, "geometry": { "type": "Polygon", "coordinates": [ [ [ -91.535337, 38.210763 ], [ -91.367482, 38.209741 ], [ -91.36763, 38.204013 ], [ -91.000138, 38.204088 ], [ -90.970187, 38.206687 ], [ -90.780185, 38.204112 ], [ -90.755601, 38.330052 ], [ -90.630705, 38.326448 ], [ -90.630646, 38.295669 ], [ -90.60785, 38.28969 ], [ -90.60993, 38.27999 ], [ -90.61722, 38.27559 ], [ -90.58862, 38.26222 ], [ -90.57228, 38.26198 ], [ -90.564106, 38.250152 ], [ -90.562949, 38.256917 ], [ -90.55964, 38.257942 ], [ -90.553254, 38.257768 ], [ -90.5532, 38.249718 ], [ -90.515791, 38.250592 ], [ -90.515461, 38.222033 ], [ -90.496773, 38.229427 ], [ -90.461719, 38.230805 ], [ -90.451667, 38.227284 ], [ -90.43354, 38.21388 ], [ -90.41959, 38.212146 ], [ -90.42604, 38.210151 ], [ -90.42574, 38.20424 ], [ -90.416942, 38.205317 ], [ -90.422273, 38.203422 ], [ -90.422419, 38.199207 ], [ -90.427052, 38.199394 ], [ -90.426396, 38.190615 ], [ -90.421522, 38.191374 ], [ -90.421383, 38.195179 ], [ -90.415263, 38.192442 ], [ -90.410561, 38.200771 ], [ -90.404991, 38.201827 ], [ -90.40336, 38.19837 ], [ -90.406961, 38.19352 ], [ -90.39825, 38.193856 ], [ -90.388861, 38.184711 ], [ -90.390113, 38.182659 ], [ -90.388659, 38.18459 ], [ -90.383688, 38.179865 ], [ -90.3807, 38.183217 ], [ -90.388455, 38.186038 ], [ -90.382957, 38.188794 ], [ -90.386609, 38.200586 ], [ -90.379801, 38.205869 ], [ -90.383137, 38.209058 ], [ -90.373582, 38.210866 ], [ -90.36972, 38.218733 ], [ -90.35543, 38.216306 ], [ -90.327218, 38.184311 ], [ -90.290629, 38.170363 ], [ -90.274843, 38.157559 ], [ -90.242574, 38.112125 ], [ -90.217019, 38.093466 ], [ -90.17604, 38.07066 ], [ -90.158273, 38.07495 ], [ -90.1296, 38.061436 ], [ -90.126302, 38.054432 ], [ -90.126196, 38.040706 ], [ -90.110521, 38.026549 ], [ -90.08826, 38.015772 ], [ -90.059367, 38.015543 ], [ -90.051941, 38.005432 ], [ -90.031795, 37.995126 ], [ -90.007936, 37.97011 ], [ -89.996848, 37.963219 ], [ -89.965046, 37.964393 ], [ -89.940687, 37.970874 ], [ -89.935885, 37.959581 ], [ -89.924597, 37.959849 ], [ -89.925292, 37.954187 ], [ -89.947322, 37.940283 ], [ -89.959772, 37.940083 ], [ -89.962057, 37.933918 ], [ -89.974861, 37.925981 ], [ -89.973762, 37.918016 ], [ -89.953008, 37.884037 ], [ -89.93769, 37.875098 ], [ -89.999768, 37.821744 ], [ -90.110579, 37.671282 ], [ -90.146778, 37.641618 ], [ -90.514855, 37.642648 ], [ -90.535006, 37.645019 ], [ -90.647874, 37.642809 ], [ -90.645135, 37.734813 ], [ -90.762091, 37.738517 ], [ -90.874134, 37.734196 ], [ -90.982511, 37.740339 ], [ -91.146521, 37.740811 ], [ -91.146972, 37.697198 ], [ -91.310655, 37.700048 ], [ -91.308311, 37.787186 ], [ -91.528797, 37.788989 ], [ -91.525025, 38.152433 ], [ -91.534384, 38.152593 ], [ -91.535337, 38.210763 ] ] ] } },
{ "type": "Feature", "properties": { "district": "015", "name": "State Senate District 15" }, "geometry": { "type": "Polygon", "coordinates": [ [ [ -90.735571, 38.492503 ], [ -90.732328, 38.639302 ], [ -90.70817, 38.645845 ], [ -90.704174, 38.649155 ], [ -90.701891, 38.658354 ], [ -90.679252, 38.665602 ], [ -90.675163, 38.680965 ], [ -90.669721, 38.684686 ], [ -90.656757, 38.689223 ], [ -90.632647, 38.691078 ], [ -90.6039, 38.681977 ], [ -90.588614, 38.680503 ], [ -90.569983, 38.684073 ], [ -90.554722, 38.681552 ], [ -90.54013, 38.687414 ], [ -90.530689, 38.679549 ], [ -90.497037, 38.692287 ], [ -90.491497, 38.684892 ], [ -90.485535, 38.682698 ], [ -90.492172, 38.676124 ], [ -90.489289, 38.675793 ], [ -90.491441, 38.670858 ], [ -90.481616, 38.671195 ], [ -90.482217, 38.668695 ], [ -90.477382, 38.665903 ], [ -90.481669, 38.654056 ], [ -90.484162, 38.654101 ], [ -90.479689, 38.652456 ], [ -90.479459, 38.648322 ], [ -90.482317, 38.648349 ], [ -90.481005, 38.640786 ], [ -90.469091, 38.640828 ], [ -90.467014, 38.6445 ], [ -90.467015, 38.640834 ], [ -90.433318, 38.638667 ], [ -90.433469, 38.62401 ], [ -90.429639, 38.623969 ], [ -90.429721, 38.618492 ], [ -90.448386, 38.618662 ], [ -90.448609, 38.607657 ], [ -90.457979, 38.607734 ], [ -90.458011, 38.604272 ], [ -90.467409, 38.604038 ], [ -90.473956, 38.599444 ], [ -90.473929, 38.596713 ], [ -90.467489, 38.596885 ], [ -90.467507, 38.592744 ], [ -90.471573, 38.591531 ], [ -90.467521, 38.591422 ], [ -90.467406, 38.585714 ], [ -90.462763, 38.588538 ], [ -90.466794, 38.584795 ], [ -90.465067, 38.57884 ], [ -90.474205, 38.570936 ], [ -90.481955, 38.572481 ], [ -90.478144, 38.569299 ], [ -90.484344, 38.562929 ], [ -90.49593, 38.566189 ], [ -90.50266, 38.560317 ], [ -90.50832, 38.560377 ], [ -90.507041, 38.55484 ], [ -90.514753, 38.552828 ], [ -90.514191, 38.554391 ], [ -90.515586, 38.555557 ], [ -90.515867, 38.552237 ], [ -90.520553, 38.552024 ], [ -90.520654, 38.546873 ], [ -90.514032, 38.546272 ], [ -90.511179, 38.538916 ], [ -90.5154, 38.530064 ], [ -90.511785, 38.524675 ], [ -90.510358, 38.501318 ], [ -90.607602, 38.50175 ], [ -90.60661, 38.50368 ], [ -90.612856, 38.504686 ], [ -90.607977, 38.516556 ], [ -90.625618, 38.52299 ], [ -90.625877, 38.517051 ], [ -90.633627, 38.52418 ], [ -90.633898, 38.517114 ], [ -90.631011, 38.516745 ], [ -90.63863, 38.516884 ], [ -90.638466, 38.520611 ], [ -90.645854, 38.52159 ], [ -90.647903, 38.518895 ], [ -90.652742, 38.521502 ], [ -90.652907, 38.517219 ], [ -90.680414, 38.51818 ], [ -90.68075, 38.510897 ], [ -90.689993, 38.511161 ], [ -90.690361, 38.503888 ], [ -90.735571, 38.492503 ] ] ] } },
{ "type": "Feature", "properties": { "district": "029", "name": "State Senate District 29" }, "geometry": { "type": "Polygon", "coordinates": [ [ [ -94.617859, 36.499431 ], [ -94.618307, 36.76656 ], [ -94.068898, 36.747818 ], [ -94.052313, 37.290078 ], [ -93.605095, 37.281482 ], [ -93.608899, 37.098153 ], [ -93.294786, 37.094451 ], [ -92.902922, 37.085221 ], [ -92.909336, 36.809178 ], [ -93.342041, 36.817301 ], [ -93.337451, 36.992494 ], [ -93.610126, 36.99581 ], [ -93.612929, 36.820562 ], [ -93.5738, 36.820032 ], [ -93.584262, 36.499167 ], [ -94.617859, 36.499431 ] ] ] } },
{ "type": "Feature", "properties": { "district": "005", "name": "State Senate District 5" }, "geometry": { "type": "Polygon", "coordinates": [ [ [ -90.283145, 38.666868 ], [ -90.278842, 38.672863 ], [ -90.282017, 38.674509 ], [ -90.279402, 38.678131 ], [ -90.282753, 38.679688 ], [ -90.251745, 38.718887 ], [ -90.221779, 38.730134 ], [ -90.208147, 38.739799 ], [ -90.186402, 38.761546 ], [ -90.184184, 38.774288 ], [ -90.166717, 38.772272 ], [ -90.176301, 38.754478 ], [ -90.205177, 38.7322 ], [ -90.21191, 38.71795 ], [ -90.209202, 38.702779 ], [ -90.186402, 38.674779 ], [ -90.181102, 38.659579 ], [ -90.178002, 38.633779 ], [ -90.184502, 38.61158 ], [ -90.196003, 38.59448 ], [ -90.224204, 38.57508 ], [ -90.257782, 38.532012 ], [ -90.266872, 38.534267 ], [ -90.271392, 38.539328 ], [ -90.272338, 38.548416 ], [ -90.279957, 38.551845 ], [ -90.265777, 38.553428 ], [ -90.267603, 38.557002 ], [ -90.265122, 38.559799 ], [ -90.253323, 38.56332 ], [ -90.247633, 38.569318 ], [ -90.251834, 38.571545 ], [ -90.249065, 38.574846 ], [ -90.254352, 38.577587 ], [ -90.255778, 38.575634 ], [ -90.259706, 38.589933 ], [ -90.251067, 38.591458 ], [ -90.250761, 38.595622 ], [ -90.240541, 38.595168 ], [ -90.237233, 38.604346 ], [ -90.241868, 38.604912 ], [ -90.240014, 38.613429 ], [ -90.259891, 38.618594 ], [ -90.257887, 38.629915 ], [ -90.264643, 38.629706 ], [ -90.264785, 38.643906 ], [ -90.27462, 38.645004 ], [ -90.272556, 38.657532 ], [ -90.278341, 38.658106 ], [ -90.276154, 38.663094 ], [ -90.283145, 38.666868 ] ] ] } },
{ "type": "Feature", "properties": { "district": "004", "name": "State Senate District 4" }, "geometry": { "type": "Polygon", "coordinates": [ [ [ -90.401315, 38.610897 ], [ -90.379693, 38.609264 ], [ -90.378901, 38.614093 ], [ -90.363349, 38.614009 ], [ -90.361868, 38.641138 ], [ -90.351309, 38.639148 ], [ -90.34877, 38.656209 ], [ -90.353814, 38.656952 ], [ -90.334673, 38.656707 ], [ -90.335033, 38.653063 ], [ -90.328743, 38.651361 ], [ -90.329417, 38.647192 ], [ -90.31609, 38.645886 ], [ -90.314907, 38.651594 ], [ -90.302855, 38.649482 ], [ -90.301828, 38.655642 ], [ -90.282753, 38.679688 ], [ -90.279402, 38.678131 ], [ -90.282017, 38.674509 ], [ -90.278842, 38.672863 ], [ -90.283145, 38.666868 ], [ -90.276154, 38.663094 ], [ -90.278341, 38.658106 ], [ -90.272556, 38.657532 ], [ -90.27462, 38.645004 ], [ -90.264785, 38.643906 ], [ -90.265897, 38.631853 ], [ -90.257887, 38.629915 ], [ -90.257316, 38.621716 ], [ -90.260677, 38.619812 ], [ -90.240014, 38.613429 ], [ -90.241868, 38.604912 ], [ -90.237233, 38.604346 ], [ -90.240541, 38.595168 ], [ -90.250761, 38.595622 ], [ -90.251067, 38.591458 ], [ -90.259706, 38.589933 ], [ -90.255778, 38.575634 ], [ -90.254352, 38.577587 ], [ -90.249065, 38.574846 ], [ -90.251834, 38.571545 ], [ -90.247633, 38.569318 ], [ -90.253323, 38.56332 ], [ -90.265122, 38.559799 ], [ -90.267603, 38.557002 ], [ -90.265777, 38.553428 ], [ -90.279957, 38.551845 ], [ -90.292421, 38.558997 ], [ -90.297663, 38.55364 ], [ -90.30832, 38.564361 ], [ -90.333855, 38.567001 ], [ -90.332617, 38.572208 ], [ -90.339019, 38.573099 ], [ -90.335805, 38.592011 ], [ -90.33264, 38.59166 ], [ -90.331714, 38.596999 ], [ -90.326017, 38.601062 ], [ -90.334172, 38.603765 ], [ -90.335403, 38.610083 ], [ -90.343994, 38.610616 ], [ -90.351007, 38.604869 ], [ -90.358606, 38.609255 ], [ -90.359742, 38.600346 ], [ -90.377, 38.602435 ], [ -90.377828, 38.605301 ], [ -90.390777, 38.601835 ], [ -90.401467, 38.603536 ], [ -90.401315, 38.610897 ] ] ] } },
{ "type": "Feature", "properties": { "district": "025", "name": "State Senate District 25" }, "geometry": { "type": "Polygon", "coordinates": [ [ [ -91.677974, 36.60675 ], [ -91.674237, 36.787832 ], [ -91.660017, 36.787531 ], [ -91.658111, 36.888724 ], [ -91.22283, 36.883857 ], [ -91.21715, 37.086197 ], [ -91.10974, 37.084057 ], [ -91.109651, 37.086667 ], [ -91.065418, 37.088495 ], [ -91.066736, 37.093775 ], [ -91.036046, 37.093684 ], [ -90.99989, 37.100404 ], [ -90.999991, 37.097649 ], [ -90.963562, 37.09736 ], [ -90.964466, 37.053584 ], [ -90.779553, 37.050324 ], [ -90.779025, 37.13792 ], [ -90.756799, 37.137739 ], [ -90.75587, 37.166722 ], [ -90.737146, 37.166413 ], [ -90.735453, 37.27104 ], [ -90.661775, 37.274767 ], [ -90.642761, 37.272216 ], [ -90.550603, 37.272608 ], [ -90.549729, 37.317594 ], [ -90.217657, 37.314967 ], [ -90.22323, 37.086519 ], [ -90.110354, 37.085871 ], [ -90.111247, 37.041205 ], [ -89.99572, 37.04011 ], [ -89.995852, 37.054734 ], [ -89.959196, 37.05438 ], [ -89.959576, 37.127353 ], [ -89.765211, 37.126066 ], [ -89.765567, 37.118597 ], [ -89.772887, 37.112418 ], [ -89.774112, 37.097593 ], [ -89.785261, 37.090257 ], [ -89.78606, 37.083767 ], [ -89.778079, 37.075948 ], [ -89.778953, 37.072108 ], [ -89.769383, 37.059204 ], [ -89.767758, 37.052024 ], [ -89.763175, 37.048868 ], [ -89.758027, 37.05155 ], [ -89.758591, 37.038965 ], [ -89.757241, 37.036087 ], [ -89.752573, 37.036634 ], [ -89.753858, 37.029897 ], [ -89.746139, 37.0277 ], [ -89.746524, 37.022884 ], [ -89.735642, 37.01063 ], [ -89.737028, 37.007056 ], [ -89.721176, 36.990508 ], [ -89.718847, 36.982432 ], [ -89.722478, 36.97577 ], [ -89.718023, 36.974657 ], [ -89.720566, 36.968879 ], [ -89.715573, 36.960623 ], [ -89.715236, 36.952478 ], [ -89.71219, 36.952905 ], [ -89.709467, 36.94639 ], [ -89.702774, 36.947348 ], [ -89.695581, 36.938657 ], [ -89.692249, 36.940651 ], [ -89.692416, 36.934727 ], [ -89.686687, 36.928355 ], [ -89.690048, 36.92439 ], [ -89.684694, 36.922804 ], [ -89.688525, 36.921041 ], [ -89.686488, 36.919026 ], [ -89.68969, 36.91613 ], [ -89.68711, 36.913827 ], [ -89.690802, 36.913258 ], [ -89.693774, 36.89964 ], [ -89.686636, 36.884668 ], [ -89.689823, 36.885913 ], [ -89.692078, 36.878803 ], [ -89.697389, 36.874385 ], [ -89.689723, 36.867923 ], [ -89.692586, 36.866728 ], [ -89.689421, 36.863364 ], [ -89.691603, 36.859517 ], [ -89.605893, 36.861661 ], [ -89.604596, 36.866218 ], [ -89.56757, 36.870909 ], [ -89.519809, 36.869617 ], [ -89.519865, 36.876937 ], [ -89.501515, 36.876926 ], [ -89.501526, 36.906262 ], [ -89.465233, 36.906239 ], [ -89.465393, 36.935776 ], [ -89.42995, 36.935609 ], [ -89.429899, 36.950263 ], [ -89.411479, 36.950135 ], [ -89.411289, 36.964787 ], [ -89.375064, 36.964947 ], [ -89.374308, 36.994285 ], [ -89.347303, 37.001977 ], [ -89.347205, 37.00911 ], [ -89.313324, 37.009499 ], [ -89.29213, 36.992189 ], [ -89.278628, 36.98867 ], [ -89.274198, 36.990495 ], [ -89.263527, 37.00005 ], [ -89.257608, 37.015496 ], [ -89.260003, 37.023288 ], [ -89.277715, 37.03614 ], [ -89.304752, 37.047565 ], [ -89.310819, 37.057897 ], [ -89.307726, 37.069654 ], [ -89.259935, 37.06407 ], [ -89.25493, 37.072014 ], [ -89.234053, 37.037277 ], [ -89.200793, 37.016164 ], [ -89.192097, 36.979995 ], [ -89.185491, 36.973518 ], [ -89.170009, 36.970298 ], [ -89.125352, 36.983529 ], [ -89.1092, 36.976451 ], [ -89.099331, 36.962575 ], [ -89.101644, 36.940728 ], [ -89.117115, 36.888685 ], [ -89.138109, 36.847323 ], [ -89.152681, 36.847105 ], [ -89.159005, 36.842729 ], [ -89.170443, 36.84184 ], [ -89.176544, 36.837121 ], [ -89.179201, 36.829896 ], [ -89.179133, 36.810893 ], [ -89.170563, 36.797538 ], [ -89.157137, 36.789569 ], [ -89.12438, 36.785826 ], [ -89.116569, 36.77451 ], [ -89.117076, 36.765769 ], [ -89.125967, 36.751809 ], [ -89.169785, 36.759641 ], [ -89.18532, 36.753349 ], [ -89.197856, 36.739772 ], [ -89.2014, 36.725881 ], [ -89.199311, 36.715624 ], [ -89.170462, 36.690048 ], [ -89.167971, 36.679089 ], [ -89.171884, 36.672598 ], [ -89.159118, 36.666354 ], [ -89.197753, 36.628971 ], [ -89.202771, 36.601665 ], [ -89.211184, 36.584058 ], [ -89.219035, 36.575057 ], [ -89.236308, 36.566881 ], [ -89.26349, 36.566269 ], [ -89.294675, 36.593779 ], [ -89.314657, 36.621844 ], [ -89.324637, 36.631023 ], [ -89.343902, 36.631888 ], [ -89.365797, 36.625126 ], [ -89.376144, 36.614132 ], [ -89.38271, 36.583722 ], [ -89.395833, 36.559325 ], [ -89.398626, 36.542276 ], [ -89.417275, 36.499011 ], [ -89.443735, 36.469161 ], [ -89.464433, 36.457747 ], [ -89.486193, 36.462114 ], [ -89.493947, 36.473559 ], [ -89.486687, 36.494992 ], [ -89.473256, 36.512416 ], [ -89.465913, 36.530015 ], [ -89.46782, 36.546974 ], [ -89.47993, 36.569087 ], [ -89.530638, 36.58171 ], [ -89.551119, 36.578074 ], [ -89.567004, 36.565048 ], [ -89.571025, 36.550201 ], [ -89.560412, 36.524406 ], [ -89.519922, 36.477053 ], [ -89.523427, 36.456572 ], [ -89.543406, 36.43877 ], [ -89.545255, 36.427079 ], [ -89.513956, 36.384891 ], [ -89.509722, 36.373626 ], [ -89.519, 36.3486 ], [ -89.531822, 36.339246 ], [ -89.545006, 36.336809 ], [ -89.581636, 36.342357 ], [ -89.605668, 36.342234 ], [ -89.615841, 36.336085 ], [ -89.620255, 36.323006 ], [ -89.611819, 36.309088 ], [ -89.578492, 36.288317 ], [ -89.554296, 36.277753 ], [ -89.544797, 36.280458 ], [ -89.539487, 36.277368 ], [ -89.536441, 36.272827 ], [ -89.534676, 36.252771 ], [ -89.544743, 36.247484 ], [ -89.562206, 36.250909 ], [ -89.577544, 36.242262 ], [ -89.602374, 36.238106 ], [ -89.651407, 36.250683 ], [ -89.678043, 36.248287 ], [ -89.695235, 36.252766 ], [ -89.701821, 36.246004 ], [ -89.70525, 36.236568 ], [ -89.69263, 36.224959 ], [ -89.607004, 36.171179 ], [ -89.593583, 36.154005 ], [ -89.591632, 36.142135 ], [ -89.593549, 36.128138 ], [ -89.601936, 36.11947 ], [ -89.628305, 36.106853 ], [ -89.666598, 36.095802 ], [ -89.678821, 36.084636 ], [ -89.688577, 36.029238 ], [ -89.706932, 36.000981 ], [ -90.3779, 35.995745 ], [ -90.351782, 36.025057 ], [ -90.354284, 36.030325 ], [ -90.348275, 36.035051 ], [ -90.348208, 36.041573 ], [ -90.336874, 36.047238 ], [ -90.333345, 36.067476 ], [ -90.320621, 36.07132 ], [ -90.318238, 36.076134 ], [ -90.319612, 36.08957 ], [ -90.300185, 36.097719 ], [ -90.29306, 36.11443 ], [ -90.272977, 36.116811 ], [ -90.260862, 36.127257 ], [ -90.253267, 36.127312 ], [ -90.245556, 36.136188 ], [ -90.235445, 36.139395 ], [ -90.23123, 36.15359 ], [ -90.235347, 36.15954 ], [ -90.231208, 36.163761 ], [ -90.229613, 36.173156 ], [ -90.220346, 36.18454 ], [ -90.211359, 36.183099 ], [ -90.204415, 36.186855 ], [ -90.200238, 36.196459 ], [ -90.196456, 36.196372 ], [ -90.18813, 36.205461 ], [ -90.177634, 36.207266 ], [ -90.169472, 36.214124 ], [ -90.155716, 36.213822 ], [ -90.149016, 36.221789 ], [ -90.145718, 36.220849 ], [ -90.141852, 36.227654 ], [ -90.13241, 36.226432 ], [ -90.126257, 36.229214 ], [ -90.1248, 36.235263 ], [ -90.130883, 36.241372 ], [ -90.124002, 36.243145 ], [ -90.118374, 36.253273 ], [ -90.117068, 36.263487 ], [ -90.096298, 36.271305 ], [ -90.083529, 36.272122 ], [ -90.07572, 36.281053 ], [ -90.079015, 36.289868 ], [ -90.071502, 36.293206 ], [ -90.064193, 36.302502 ], [ -90.069487, 36.313254 ], [ -90.082382, 36.321997 ], [ -90.075459, 36.334345 ], [ -90.078323, 36.337709 ], [ -90.074188, 36.34337 ], [ -90.078032, 36.349293 ], [ -90.068038, 36.356538 ], [ -90.063467, 36.367082 ], [ -90.062779, 36.377163 ], [ -90.066745, 36.378006 ], [ -90.063504, 36.384081 ], [ -90.068126, 36.385149 ], [ -90.065849, 36.387452 ], [ -90.068998, 36.388234 ], [ -90.070537, 36.39352 ], [ -90.074194, 36.392985 ], [ -90.08152, 36.401096 ], [ -90.098434, 36.404011 ], [ -90.101551, 36.40197 ], [ -90.10434, 36.405429 ], [ -90.110322, 36.404165 ], [ -90.110825, 36.407744 ], [ -90.115597, 36.405816 ], [ -90.113645, 36.409562 ], [ -90.118504, 36.409429 ], [ -90.118886, 36.412513 ], [ -90.128745, 36.411446 ], [ -90.127404, 36.416736 ], [ -90.138503, 36.413726 ], [ -90.134403, 36.422877 ], [ -90.139303, 36.42132 ], [ -90.144312, 36.426018 ], [ -90.143011, 36.430948 ], [ -90.137948, 36.431563 ], [ -90.138896, 36.435107 ], [ -90.13426, 36.436454 ], [ -90.137268, 36.450189 ], [ -90.133953, 36.453781 ], [ -90.140962, 36.458538 ], [ -90.143007, 36.46796 ], [ -90.145032, 36.462851 ], [ -90.150499, 36.465464 ], [ -90.155407, 36.463795 ], [ -90.152985, 36.470771 ], [ -90.145662, 36.469055 ], [ -90.142392, 36.471399 ], [ -90.144181, 36.476196 ], [ -90.159544, 36.480244 ], [ -90.157206, 36.484311 ], [ -90.160099, 36.487504 ], [ -90.156151, 36.489097 ], [ -90.160067, 36.494378 ], [ -90.15345, 36.493048 ], [ -90.152307, 36.497982 ], [ -91.406872, 36.497062 ], [ -91.672334, 36.499392 ], [ -91.672018, 36.606214 ], [ -91.677974, 36.60675 ] ] ] } },
{ "type": "Feature", "properties": { "district": "027", "name": "State Senate District 27" }, "geometry": { "type": "Polygon", "coordinates": [ [ [ -91.314236, 37.505132 ], [ -91.312458, 37.592824 ], [ -91.155073, 37.588092 ], [ -91.153345, 37.69734 ], [ -91.146972, 37.697198 ], [ -91.146521, 37.740811 ], [ -90.982511, 37.740339 ], [ -90.874134, 37.734196 ], [ -90.762091, 37.738517 ], [ -90.645135, 37.734813 ], [ -90.647874, 37.642809 ], [ -90.535006, 37.645019 ], [ -90.514855, 37.642648 ], [ -90.146778, 37.641618 ], [ -90.110579, 37.671282 ], [ -89.999768, 37.821744 ], [ -89.938608, 37.874304 ], [ -89.917544, 37.869895 ], [ -89.898753, 37.87078 ], [ -89.879688, 37.880736 ], [ -89.861877, 37.897684 ], [ -89.842638, 37.905197 ], [ -89.799329, 37.881516 ], [ -89.797696, 37.874392 ], [ -89.800353, 37.868626 ], [ -89.797542, 37.862128 ], [ -89.786326, 37.851689 ], [ -89.781991, 37.855053 ], [ -89.754099, 37.846353 ], [ -89.739875, 37.846921 ], [ -89.717442, 37.825723 ], [ -89.669644, 37.799922 ], [ -89.66038, 37.786296 ], [ -89.66119, 37.775732 ], [ -89.667993, 37.759484 ], [ -89.663352, 37.750052 ], [ -89.64953, 37.745496 ], [ -89.617278, 37.74972 ], [ -89.615744, 37.742725 ], [ -89.597481, 37.733477 ], [ -89.583316, 37.713261 ], [ -89.52573, 37.698441 ], [ -89.514255, 37.689923 ], [ -89.51204, 37.680985 ], [ -89.516146, 37.667975 ], [ -89.517718, 37.641217 ], [ -89.506563, 37.62505 ], [ -89.485792, 37.607157 ], [ -89.475932, 37.592998 ], [ -89.477548, 37.585885 ], [ -89.486062, 37.580853 ], [ -89.513943, 37.584815 ], [ -89.519808, 37.582747 ], [ -89.521925, 37.560735 ], [ -89.517051, 37.537278 ], [ -89.475525, 37.471388 ], [ -89.439769, 37.4372 ], [ -89.426522, 37.408998 ], [ -89.420542, 37.388007 ], [ -89.432836, 37.347056 ], [ -89.447556, 37.340475 ], [ -89.474569, 37.338165 ], [ -89.489005, 37.333368 ], [ -89.51076, 37.312744 ], [ -89.51802, 37.28419 ], [ -89.489915, 37.251315 ], [ -89.470525, 37.253357 ], [ -89.458827, 37.248661 ], [ -89.458302, 37.240368 ], [ -89.467631, 37.2182 ], [ -89.456105, 37.18812 ], [ -89.42558, 37.138235 ], [ -89.41173, 37.122507 ], [ -89.38805, 37.107481 ], [ -89.377113, 37.090765 ], [ -89.375712, 37.080505 ], [ -89.385373, 37.056186 ], [ -89.381644, 37.04301 ], [ -89.362397, 37.030156 ], [ -89.331164, 37.019936 ], [ -89.313324, 37.009499 ], [ -89.347205, 37.00911 ], [ -89.347303, 37.001977 ], [ -89.374308, 36.994285 ], [ -89.375064, 36.964947 ], [ -89.411289, 36.964787 ], [ -89.411479, 36.950135 ], [ -89.429899, 36.950263 ], [ -89.42995, 36.935609 ], [ -89.465393, 36.935776 ], [ -89.465233, 36.906239 ], [ -89.501526, 36.906262 ], [ -89.501515, 36.876926 ], [ -89.519865, 36.876937 ], [ -89.519809, 36.869617 ], [ -89.56757, 36.870909 ], [ -89.604596, 36.866218 ], [ -89.605893, 36.861661 ], [ -89.691603, 36.859517 ], [ -89.689421, 36.863364 ], [ -89.692586, 36.866728 ], [ -89.689723, 36.867923 ], [ -89.697389, 36.874385 ], [ -89.692078, 36.878803 ], [ -89.689823, 36.885913 ], [ -89.686636, 36.884668 ], [ -89.693774, 36.89964 ], [ -89.690802, 36.913258 ], [ -89.68711, 36.913827 ], [ -89.68969, 36.91613 ], [ -89.686488, 36.919026 ], [ -89.688525, 36.921041 ], [ -89.684694, 36.922804 ], [ -89.690048, 36.92439 ], [ -89.686687, 36.928355 ], [ -89.692416, 36.934727 ], [ -89.692249, 36.940651 ], [ -89.695581, 36.938657 ], [ -89.702774, 36.947348 ], [ -89.709467, 36.94639 ], [ -89.71219, 36.952905 ], [ -89.715236, 36.952478 ], [ -89.715573, 36.960623 ], [ -89.720566, 36.968879 ], [ -89.718023, 36.974657 ], [ -89.722478, 36.97577 ], [ -89.718847, 36.982432 ], [ -89.721176, 36.990508 ], [ -89.737028, 37.007056 ], [ -89.735642, 37.01063 ], [ -89.746524, 37.022884 ], [ -89.746139, 37.0277 ], [ -89.753858, 37.029897 ], [ -89.752573, 37.036634 ], [ -89.757241, 37.036087 ], [ -89.758591, 37.038965 ], [ -89.758027, 37.05155 ], [ -89.763175, 37.048868 ], [ -89.767758, 37.052024 ], [ -89.769383, 37.059204 ], [ -89.778953, 37.072108 ], [ -89.778079, 37.075948 ], [ -89.78606, 37.083767 ], [ -89.785261, 37.090257 ], [ -89.774112, 37.097593 ], [ -89.772887, 37.112418 ], [ -89.765567, 37.118597 ], [ -89.765211, 37.126066 ], [ -89.959576, 37.127353 ], [ -89.959196, 37.05438 ], [ -89.995852, 37.054734 ], [ -89.99572, 37.04011 ], [ -90.111247, 37.041205 ], [ -90.110354, 37.085871 ], [ -90.22323, 37.086519 ], [ -90.217657, 37.314967 ], [ -90.236355, 37.316315 ], [ -90.346243, 37.314577 ], [ -90.549729, 37.317594 ], [ -90.550603, 37.272608 ], [ -90.642761, 37.272216 ], [ -90.661775, 37.274767 ], [ -90.735453, 37.27104 ], [ -90.737146, 37.166413 ], [ -90.75587, 37.166722 ], [ -90.756799, 37.137739 ], [ -90.779025, 37.13792 ], [ -90.779553, 37.050324 ], [ -90.964466, 37.053584 ], [ -90.963562, 37.09736 ], [ -90.999991, 37.097649 ], [ -90.99989, 37.100404 ], [ -91.017766, 37.095677 ], [ -91.016904, 37.143549 ], [ -91.035138, 37.140181 ], [ -91.034346, 37.169343 ], [ -91.071046, 37.162712 ], [ -91.070634, 37.177573 ], [ -91.088865, 37.174179 ], [ -91.08826, 37.203193 ], [ -91.107186, 37.203247 ], [ -91.107284, 37.199201 ], [ -91.126028, 37.19948 ], [ -91.123152, 37.254504 ], [ -91.159323, 37.254936 ], [ -91.158429, 37.312917 ], [ -91.176158, 37.312592 ], [ -91.175405, 37.414805 ], [ -91.211863, 37.415277 ], [ -91.210984, 37.501911 ], [ -91.314236, 37.505132 ] ] ] } },
{ "type": "Feature", "properties": { "district": "022", "name": "State Senate District 22" }, "geometry": { "type": "Polygon", "coordinates": [ [ [ -90.755495, 38.330558 ], [ -90.73763, 38.415453 ], [ -90.736311, 38.466643 ], [ -90.731615, 38.482447 ], [ -90.723544, 38.482067 ], [ -90.715487, 38.476705 ], [ -90.717805, 38.468782 ], [ -90.696233, 38.471523 ], [ -90.687408, 38.459565 ], [ -90.688669, 38.453141 ], [ -90.685446, 38.452908 ], [ -90.682048, 38.457985 ], [ -90.677487, 38.456653 ], [ -90.679104, 38.451411 ], [ -90.686546, 38.447542 ], [ -90.678775, 38.445877 ], [ -90.664219, 38.448864 ], [ -90.654602, 38.456225 ], [ -90.660703, 38.479195 ], [ -90.655561, 38.486737 ], [ -90.633623, 38.485752 ], [ -90.62639, 38.475936 ], [ -90.613685, 38.471328 ], [ -90.602652, 38.479617 ], [ -90.590725, 38.501753 ], [ -90.405335, 38.500598 ], [ -90.407949, 38.483328 ], [ -90.413632, 38.480704 ], [ -90.422519, 38.483118 ], [ -90.411164, 38.4534 ], [ -90.402788, 38.453219 ], [ -90.39471, 38.458486 ], [ -90.390961, 38.456377 ], [ -90.391031, 38.450561 ], [ -90.353631, 38.458217 ], [ -90.336135, 38.453491 ], [ -90.335745, 38.448195 ], [ -90.347117, 38.435953 ], [ -90.348122, 38.430592 ], [ -90.347939, 38.405357 ], [ -90.341446, 38.388298 ], [ -90.371476, 38.330897 ], [ -90.372422, 38.283725 ], [ -90.365139, 38.240724 ], [ -90.35543, 38.216306 ], [ -90.36972, 38.218733 ], [ -90.373582, 38.210866 ], [ -90.383137, 38.209058 ], [ -90.379801, 38.205869 ], [ -90.386609, 38.200586 ], [ -90.382957, 38.188794 ], [ -90.388455, 38.186038 ], [ -90.3807, 38.183217 ], [ -90.383688, 38.179865 ], [ -90.388659, 38.18459 ], [ -90.389369, 38.182968 ], [ -90.390113, 38.182659 ], [ -90.388861, 38.184711 ], [ -90.39825, 38.193856 ], [ -90.406961, 38.19352 ], [ -90.40336, 38.19837 ], [ -90.404991, 38.201827 ], [ -90.410561, 38.200771 ], [ -90.415263, 38.192442 ], [ -90.421383, 38.195179 ], [ -90.421522, 38.191374 ], [ -90.426396, 38.190615 ], [ -90.427052, 38.199394 ], [ -90.422419, 38.199207 ], [ -90.422273, 38.203422 ], [ -90.417569, 38.203292 ], [ -90.416942, 38.205317 ], [ -90.42574, 38.20424 ], [ -90.42604, 38.210151 ], [ -90.41959, 38.212146 ], [ -90.43354, 38.21388 ], [ -90.451667, 38.227284 ], [ -90.461851, 38.230832 ], [ -90.496446, 38.229455 ], [ -90.515461, 38.222033 ], [ -90.515791, 38.250592 ], [ -90.5532, 38.249718 ], [ -90.553254, 38.257768 ], [ -90.55964, 38.257942 ], [ -90.562949, 38.256917 ], [ -90.564106, 38.250152 ], [ -90.57228, 38.26198 ], [ -90.58862, 38.26222 ], [ -90.61706, 38.27548 ], [ -90.60993, 38.27999 ], [ -90.60785, 38.28969 ], [ -90.630646, 38.295669 ], [ -90.630705, 38.326448 ], [ -90.66325, 38.325499 ], [ -90.755495, 38.330558 ] ] ] } },
{ "type": "Feature", "properties": { "district": "031", "name": "State Senate District 31" }, "geometry": { "type": "Polygon", "coordinates": [ [ [ -94.614061, 38.060056 ], [ -94.613356, 38.457967 ], [ -94.608033, 38.847207 ], [ -94.287593, 38.835084 ], [ -94.120778, 38.833006 ], [ -94.118721, 38.83331 ], [ -94.113306, 38.917481 ], [ -93.836319, 38.908709 ], [ -93.834719, 38.937909 ], [ -93.497278, 38.92843 ], [ -93.498616, 38.8993 ], [ -93.49311, 38.899016 ], [ -93.509167, 38.644958 ], [ -93.51103, 38.55621 ], [ -94.064317, 38.56738 ], [ -94.06782, 38.466016 ], [ -94.06502, 38.465816 ], [ -94.075214, 38.214502 ], [ -94.049895, 38.213985 ], [ -94.058285, 38.036627 ], [ -94.061333, 38.031551 ], [ -94.064696, 38.031251 ], [ -94.069375, 38.03682 ], [ -94.080659, 38.031597 ], [ -94.085239, 38.032465 ], [ -94.088601, 38.035946 ], [ -94.087118, 38.04162 ], [ -94.094425, 38.039906 ], [ -94.101912, 38.048105 ], [ -94.104608, 38.046809 ], [ -94.105647, 38.037759 ], [ -94.109911, 38.03732 ], [ -94.118755, 38.042159 ], [ -94.115478, 38.048433 ], [ -94.124693, 38.05017 ], [ -94.132231, 38.05816 ], [ -94.150583, 38.053864 ], [ -94.157432, 38.057119 ], [ -94.168589, 38.049723 ], [ -94.190886, 38.045186 ], [ -94.196061, 38.033791 ], [ -94.20069, 38.046545 ], [ -94.194724, 38.052706 ], [ -94.20282, 38.054292 ], [ -94.211051, 38.050975 ], [ -94.209947, 38.043815 ], [ -94.21504, 38.034023 ], [ -94.223889, 38.040348 ], [ -94.227044, 38.035161 ], [ -94.224849, 38.027337 ], [ -94.236588, 38.025952 ], [ -94.243729, 38.02732 ], [ -94.245126, 38.030468 ], [ -94.233514, 38.032226 ], [ -94.24066, 38.039793 ], [ -94.230446, 38.045609 ], [ -94.234364, 38.047112 ], [ -94.239114, 38.043952 ], [ -94.240619, 38.050819 ], [ -94.614061, 38.060056 ] ] ] } },
{ "type": "Feature", "properties": { "district": "016", "name": "State Senate District 16" }, "geometry": { "type": "Polygon", "coordinates": [ [ [ -92.859913, 37.721362 ], [ -92.855384, 37.895736 ], [ -92.620181, 37.892521 ], [ -92.618678, 37.873837 ], [ -92.614378, 37.871537 ], [ -92.614679, 37.863538 ], [ -92.608678, 37.856138 ], [ -92.599177, 37.851838 ], [ -92.600077, 37.840338 ], [ -92.589676, 37.834938 ], [ -92.585376, 37.828038 ], [ -92.571576, 37.823639 ], [ -92.56458, 37.812636 ], [ -92.564166, 37.805709 ], [ -92.548934, 37.80047 ], [ -92.539605, 37.802064 ], [ -92.53168, 37.811139 ], [ -92.517474, 37.813238 ], [ -92.517545, 37.810887 ], [ -92.513509, 37.810932 ], [ -92.501467, 37.827735 ], [ -92.480354, 37.829018 ], [ -92.452494, 37.824284 ], [ -92.449459, 37.835359 ], [ -92.426478, 37.851098 ], [ -92.421761, 37.858728 ], [ -92.409231, 37.85918 ], [ -92.406275, 38.021179 ], [ -92.18537, 38.016338 ], [ -92.181372, 38.161238 ], [ -92.197773, 38.161538 ], [ -92.195675, 38.292237 ], [ -92.010452, 38.28814 ], [ -91.883986, 38.289898 ], [ -91.86312, 38.29361 ], [ -91.775346, 38.292044 ], [ -91.757318, 38.28872 ], [ -91.644729, 38.28851 ], [ -91.644893, 38.153679 ], [ -91.525025, 38.152433 ], [ -91.528797, 37.788989 ], [ -91.308311, 37.787186 ], [ -91.310655, 37.700048 ], [ -91.153345, 37.69734 ], [ -91.155073, 37.588092 ], [ -91.312458, 37.592824 ], [ -91.314236, 37.505132 ], [ -91.210984, 37.501911 ], [ -91.211863, 37.415277 ], [ -91.427139, 37.418039 ], [ -91.75504, 37.42411 ], [ -91.754795, 37.598768 ], [ -92.249463, 37.604543 ], [ -92.25298, 37.254843 ], [ -92.247175, 37.254908 ], [ -92.251359, 37.059653 ], [ -92.685867, 37.067051 ], [ -92.67897, 37.263149 ], [ -92.692303, 37.263514 ], [ -92.686671, 37.481545 ], [ -92.853481, 37.48397 ], [ -92.846281, 37.721039 ], [ -92.859913, 37.721362 ] ] ] } },
{ "type": "Feature", "properties": { "district": "032", "name": "State Senate District 32" }, "geometry": { "type": "Polygon", "coordinates": [ [ [ -94.618307, 36.76656 ], [ -94.61757, 37.36417 ], [ -94.082083, 37.349291 ], [ -94.083833, 37.290851 ], [ -94.052313, 37.290078 ], [ -94.068898, 36.747818 ], [ -94.618307, 36.76656 ] ] ] } },
{ "type": "Feature", "properties": { "district": "018", "name": "State Senate District 18" }, "geometry": { "type": "Polygon", "coordinates": [ [ [ -93.37484, 40.472212 ], [ -93.374386, 40.580333 ], [ -93.370202, 40.580527 ], [ -92.659409, 40.590341 ], [ -91.947709, 40.605471 ], [ -91.729115, 40.61364 ], [ -91.716769, 40.59853 ], [ -91.686357, 40.580875 ], [ -91.691561, 40.564867 ], [ -91.6887, 40.55739 ], [ -91.681714, 40.553035 ], [ -91.621902, 40.542292 ], [ -91.618028, 40.53403 ], [ -91.621353, 40.510072 ], [ -91.612821, 40.502377 ], [ -91.590817, 40.492292 ], [ -91.576013, 40.466767 ], [ -91.556805, 40.4595 ], [ -91.527581, 40.458948 ], [ -91.523864, 40.456331 ], [ -91.524053, 40.448437 ], [ -91.533623, 40.43832 ], [ -91.529132, 40.434272 ], [ -91.519134, 40.432822 ], [ -91.527043, 40.418214 ], [ -91.524612, 40.410765 ], [ -91.498093, 40.401926 ], [ -91.488481, 40.404317 ], [ -91.490912, 40.39298 ], [ -91.485255, 40.384657 ], [ -91.480251, 40.381783 ], [ -91.463554, 40.385547 ], [ -91.465891, 40.378365 ], [ -91.463895, 40.375659 ], [ -91.448742, 40.376804 ], [ -91.441243, 40.386255 ], [ -91.419422, 40.378264 ], [ -91.444862, 40.363143 ], [ -91.46214, 40.342414 ], [ -91.471826, 40.31734 ], [ -91.489868, 40.286048 ], [ -91.493061, 40.275262 ], [ -91.490524, 40.259498 ], [ -91.506501, 40.236304 ], [ -91.504282, 40.224299 ], [ -91.507269, 40.209338 ], [ -91.504477, 40.198262 ], [ -91.511073, 40.188794 ], [ -91.513079, 40.178537 ], [ -91.508224, 40.157665 ], [ -91.51159, 40.149269 ], [ -91.510839, 40.126137 ], [ -91.489606, 40.057435 ], [ -91.494878, 40.036453 ], [ -91.469247, 39.995327 ], [ -91.465315, 39.983995 ], [ -91.458852, 39.979015 ], [ -91.44156, 39.951299 ], [ -91.425782, 39.937765 ], [ -91.41936, 39.927717 ], [ -91.420878, 39.914865 ], [ -91.443513, 39.893583 ], [ -91.446922, 39.883034 ], [ -91.446685, 39.871642 ], [ -91.436529, 39.847078 ], [ -91.430402, 39.838902 ], [ -91.383707, 39.8146 ], [ -91.367966, 39.800403 ], [ -91.361571, 39.787548 ], [ -91.365396, 39.777266 ], [ -91.365125, 39.758723 ], [ -91.369839, 39.745702 ], [ -91.370009, 39.732524 ], [ -91.355314, 39.716985 ], [ -91.302485, 39.679631 ], [ -91.27614, 39.665759 ], [ -91.229317, 39.620853 ], [ -91.185921, 39.605119 ], [ -91.178012, 39.598196 ], [ -91.203712, 39.598355 ], [ -91.460442, 39.450722 ], [ -91.409033, 39.142542 ], [ -91.629598, 39.147853 ], [ -91.633998, 39.059057 ], [ -92.110387, 39.064204 ], [ -92.104374, 39.239809 ], [ -92.430291, 39.248797 ], [ -92.707367, 39.321614 ], [ -92.698389, 39.575717 ], [ -92.696592, 39.610371 ], [ -92.692147, 39.610274 ], [ -92.689331, 39.698094 ], [ -92.85792, 39.699985 ], [ -92.847477, 40.037301 ], [ -92.856191, 40.037253 ], [ -92.855313, 40.385894 ], [ -93.366935, 40.382999 ], [ -93.366859, 40.471518 ], [ -93.37484, 40.472212 ] ] ] } },
{ "type": "Feature", "properties": { "district": "034", "name": "State Senate District 34" }, "geometry": { "type": "Polygon", "coordinates": [ [ [ -95.113605, 39.554877 ], [ -95.107474, 39.573743 ], [ -95.101286, 39.578802 ], [ -95.089515, 39.581028 ], [ -95.067095, 39.576502 ], [ -95.056897, 39.580567 ], [ -95.05059, 39.587563 ], [ -95.046445, 39.601606 ], [ -95.055152, 39.621657 ], [ -95.049518, 39.637876 ], [ -95.027644, 39.665454 ], [ -95.018318, 39.672869 ], [ -94.984149, 39.67785 ], [ -94.971317, 39.68641 ], [ -94.968453, 39.707402 ], [ -94.971206, 39.729305 ], [ -94.962662, 39.741337 ], [ -94.955286, 39.745689 ], [ -94.947541, 39.745337 ], [ -94.918342, 39.728797 ], [ -94.901044, 39.724058 ], [ -94.881343, 39.727894 ], [ -94.865048, 39.738591 ], [ -94.859035, 39.754116 ], [ -94.860639, 39.762983 ], [ -94.867143, 39.771694 ], [ -94.882161, 39.771043 ], [ -94.899162, 39.761255 ], [ -94.912293, 39.759338 ], [ -94.934506, 39.772862 ], [ -94.9357, 39.780621 ], [ -94.932725, 39.786283 ], [ -94.925605, 39.789754 ], [ -94.89318, 39.790915 ], [ -94.884652, 39.793997 ], [ -94.876344, 39.806894 ], [ -94.876558, 39.820883 ], [ -94.756763, 39.820964 ], [ -94.75897, 39.76563 ], [ -94.756768, 39.755418 ], [ -94.748035, 39.755432 ], [ -94.745105, 39.748377 ], [ -94.759145, 39.748535 ], [ -94.758978, 39.719009 ], [ -94.788649, 39.719089 ], [ -94.788435, 39.531743 ], [ -94.601215, 39.53017 ], [ -94.601733, 39.159603 ], [ -94.611071, 39.160883 ], [ -94.639779, 39.153707 ], [ -94.655787, 39.15568 ], [ -94.661397, 39.162742 ], [ -94.659162, 39.174126 ], [ -94.661577, 39.177359 ], [ -94.67824, 39.184169 ], [ -94.688788, 39.183228 ], [ -94.714137, 39.170403 ], [ -94.740777, 39.169987 ], [ -94.762858, 39.179991 ], [ -94.776398, 39.20181 ], [ -94.782951, 39.207162 ], [ -94.811543, 39.206906 ], [ -94.831679, 39.215938 ], [ -94.834896, 39.223842 ], [ -94.825663, 39.241729 ], [ -94.830553, 39.255135 ], [ -94.84632, 39.268481 ], [ -94.884093, 39.284512 ], [ -94.898516, 39.29845 ], [ -94.906126, 39.314721 ], [ -94.910017, 39.352543 ], [ -94.902497, 39.360383 ], [ -94.887145, 39.365431 ], [ -94.88136, 39.370383 ], [ -94.879281, 39.37978 ], [ -94.885026, 39.389801 ], [ -94.900132, 39.393333 ], [ -94.922994, 39.384883 ], [ -94.942039, 39.389499 ], [ -94.946227, 39.395648 ], [ -94.947864, 39.408604 ], [ -94.972952, 39.421705 ], [ -94.978798, 39.436241 ], [ -94.984788, 39.442703 ], [ -95.022025, 39.455453 ], [ -95.04078, 39.466387 ], [ -95.047671, 39.477536 ], [ -95.052177, 39.499996 ], [ -95.0593, 39.506473 ], [ -95.082714, 39.516712 ], [ -95.101302, 39.531668 ], [ -95.108065, 39.539919 ], [ -95.113605, 39.554877 ] ] ] } },
{ "type": "Feature", "properties": { "district": "033", "name": "State Senate District 33" }, "geometry": { "type": "Polygon", "coordinates": [ [ [ -93.612927, 36.82222 ], [ -93.610126, 36.99581 ], [ -93.337451, 36.992494 ], [ -93.342041, 36.817301 ], [ -92.909336, 36.809178 ], [ -92.903273, 37.070651 ], [ -92.251359, 37.059653 ], [ -92.247175, 37.254908 ], [ -92.25298, 37.254843 ], [ -92.249463, 37.604543 ], [ -91.754795, 37.598768 ], [ -91.75504, 37.42411 ], [ -91.175405, 37.414805 ], [ -91.176158, 37.312592 ], [ -91.158429, 37.312917 ], [ -91.159323, 37.254936 ], [ -91.123152, 37.254504 ], [ -91.126028, 37.19948 ], [ -91.107284, 37.199201 ], [ -91.107186, 37.203247 ], [ -91.08826, 37.203193 ], [ -91.088865, 37.174179 ], [ -91.070634, 37.177573 ], [ -91.071046, 37.162712 ], [ -91.034346, 37.169343 ], [ -91.035138, 37.140181 ], [ -91.016904, 37.143549 ], [ -91.017766, 37.095677 ], [ -91.066736, 37.093775 ], [ -91.065418, 37.088495 ], [ -91.109651, 37.086667 ], [ -91.10974, 37.084057 ], [ -91.21715, 37.086197 ], [ -91.22283, 36.883857 ], [ -91.658111, 36.888724 ], [ -91.660017, 36.787531 ], [ -91.674237, 36.787832 ], [ -91.678333, 36.62506 ], [ -91.677974, 36.60675 ], [ -91.672018, 36.606214 ], [ -91.672334, 36.499392 ], [ -92.370252, 36.497264 ], [ -93.584262, 36.499167 ], [ -93.5738, 36.820032 ], [ -93.612927, 36.82222 ] ] ] } },
{ "type": "Feature", "properties": { "district": "020", "name": "State Senate District 20" }, "geometry": { "type": "Polygon", "coordinates": [ [ [ -94.617698, 37.653578 ], [ -94.073746, 37.639754 ], [ -94.075385, 37.58157 ], [ -93.616033, 37.572689 ], [ -93.621153, 37.427423 ], [ -93.073741, 37.414847 ], [ -93.071584, 37.487444 ], [ -92.686671, 37.481545 ], [ -92.692303, 37.263514 ], [ -92.67897, 37.263149 ], [ -92.685867, 37.067051 ], [ -92.903273, 37.070651 ], [ -92.902922, 37.085221 ], [ -93.218115, 37.092197 ], [ -93.218348, 37.098304 ], [ -93.20926, 37.09807 ], [ -93.209244, 37.099196 ], [ -93.21378, 37.099367 ], [ -93.213726, 37.102255 ], [ -93.218271, 37.102393 ], [ -93.218098, 37.106762 ], [ -93.222604, 37.107543 ], [ -93.222413, 37.126168 ], [ -93.214032, 37.135239 ], [ -93.214556, 37.13905 ], [ -93.208512, 37.139245 ], [ -93.208414, 37.142522 ], [ -93.211661, 37.140643 ], [ -93.211574, 37.143353 ], [ -93.221991, 37.146865 ], [ -93.221817, 37.157724 ], [ -93.212785, 37.157677 ], [ -93.217089, 37.161392 ], [ -93.216861, 37.168957 ], [ -93.213886, 37.168942 ], [ -93.213957, 37.165281 ], [ -93.208022, 37.165118 ], [ -93.208038, 37.159485 ], [ -93.20354, 37.16493 ], [ -93.2124, 37.168906 ], [ -93.213802, 37.17627 ], [ -93.21676, 37.17635 ], [ -93.215856, 37.181825 ], [ -93.212137, 37.181269 ], [ -93.212055, 37.18354 ], [ -93.211983, 37.187449 ], [ -93.216501, 37.187372 ], [ -93.216343, 37.194644 ], [ -93.207265, 37.194391 ], [ -93.210291, 37.201824 ], [ -93.20485, 37.20154 ], [ -93.209418, 37.209138 ], [ -93.21997, 37.20943 ], [ -93.220561, 37.216769 ], [ -93.216087, 37.216635 ], [ -93.215753, 37.225857 ], [ -93.209175, 37.223722 ], [ -93.208956, 37.231064 ], [ -93.206738, 37.230991 ], [ -93.20667, 37.234643 ], [ -93.2156, 37.2351 ], [ -93.21559, 37.23827 ], [ -93.201323, 37.238498 ], [ -93.188021, 37.24746 ], [ -93.188204, 37.238295 ], [ -93.1836, 37.23999 ], [ -93.178837, 37.242579 ], [ -93.178617, 37.252194 ], [ -93.174012, 37.25549 ], [ -93.187835, 37.256069 ], [ -93.187968, 37.24987 ], [ -93.199894, 37.247944 ], [ -93.212205, 37.249822 ], [ -93.212091, 37.256718 ], [ -93.21974, 37.260676 ], [ -93.223327, 37.248249 ], [ -93.228844, 37.260928 ], [ -93.236846, 37.25974 ], [ -93.235604, 37.253773 ], [ -93.238098, 37.253946 ], [ -93.23794, 37.26122 ], [ -93.242515, 37.261392 ], [ -93.244025, 37.257806 ], [ -93.243917, 37.261423 ], [ -93.24918, 37.26605 ], [ -93.25099, 37.26351 ], [ -93.248214, 37.257938 ], [ -93.262683, 37.258466 ], [ -93.260311, 37.262866 ], [ -93.264769, 37.26296 ], [ -93.269434, 37.262243 ], [ -93.269563, 37.258568 ], [ -93.289453, 37.262539 ], [ -93.29674, 37.261455 ], [ -93.296788, 37.259043 ], [ -93.310286, 37.259143 ], [ -93.310404, 37.256056 ], [ -93.326398, 37.259499 ], [ -93.324258, 37.252179 ], [ -93.320459, 37.250662 ], [ -93.32074, 37.244781 ], [ -93.342881, 37.245133 ], [ -93.342743, 37.248683 ], [ -93.349122, 37.245213 ], [ -93.38062, 37.26928 ], [ -93.39377, 37.27331 ], [ -93.39691, 37.27735 ], [ -93.41042, 37.27723 ], [ -93.411417, 37.256792 ], [ -93.40696, 37.256719 ], [ -93.410148, 37.234936 ], [ -93.403354, 37.23489 ], [ -93.40376, 37.22483 ], [ -93.412991, 37.224566 ], [ -93.413181, 37.220338 ], [ -93.403987, 37.220267 ], [ -93.404209, 37.212369 ], [ -93.387791, 37.212139 ], [ -93.389972, 37.208922 ], [ -93.387183, 37.211411 ], [ -93.387345, 37.21215 ], [ -93.388359, 37.212648 ], [ -93.384973, 37.21264 ], [ -93.386073, 37.206268 ], [ -93.378693, 37.205257 ], [ -93.378901, 37.199722 ], [ -93.359208, 37.199428 ], [ -93.35926, 37.190298 ], [ -93.365662, 37.188649 ], [ -93.35988, 37.18792 ], [ -93.360782, 37.175757 ], [ -93.356295, 37.175711 ], [ -93.363567, 37.168681 ], [ -93.364418, 37.159216 ], [ -93.371131, 37.16093 ], [ -93.37315, 37.172249 ], [ -93.377611, 37.172261 ], [ -93.377939, 37.160317 ], [ -93.395934, 37.16131 ], [ -93.392249, 37.166581 ], [ -93.396718, 37.166566 ], [ -93.401602, 37.160389 ], [ -93.39986, 37.15773 ], [ -93.392432, 37.159876 ], [ -93.392587, 37.155214 ], [ -93.406334, 37.15024 ], [ -93.40654, 37.14316 ], [ -93.403272, 37.143153 ], [ -93.403317, 37.139533 ], [ -93.401992, 37.143141 ], [ -93.392954, 37.143055 ], [ -93.393071, 37.139373 ], [ -93.374117, 37.139043 ], [ -93.369547, 37.142565 ], [ -93.368989, 37.153516 ], [ -93.356519, 37.14722 ], [ -93.35534, 37.15012 ], [ -93.35934, 37.1521 ], [ -93.35527, 37.15199 ], [ -93.35381, 37.1564 ], [ -93.34547, 37.15319 ], [ -93.34529, 37.15636 ], [ -93.323057, 37.156583 ], [ -93.3232, 37.15292 ], [ -93.326324, 37.152843 ], [ -93.323282, 37.150234 ], [ -93.327786, 37.150258 ], [ -93.327986, 37.145692 ], [ -93.333757, 37.147148 ], [ -93.332089, 37.141176 ], [ -93.340719, 37.142347 ], [ -93.344495, 37.13653 ], [ -93.323656, 37.138144 ], [ -93.325278, 37.134702 ], [ -93.314693, 37.134661 ], [ -93.314944, 37.126151 ], [ -93.319422, 37.129415 ], [ -93.319547, 37.12578 ], [ -93.301253, 37.127226 ], [ -93.30276, 37.116324 ], [ -93.29797, 37.11625 ], [ -93.29308, 37.10887 ], [ -93.27919, 37.10751 ], [ -93.27908, 37.11087 ], [ -93.26827, 37.110419 ], [ -93.270194, 37.098236 ], [ -93.273021, 37.099076 ], [ -93.275719, 37.097272 ], [ -93.271187, 37.096823 ], [ -93.272108, 37.093851 ], [ -93.608899, 37.098153 ], [ -93.605095, 37.281482 ], [ -94.083833, 37.290851 ], [ -94.082083, 37.349291 ], [ -94.61757, 37.36417 ], [ -94.617698, 37.653578 ] ] ] } },
{ "type": "Feature", "properties": { "district": "023", "name": "State Senate District 23" }, "geometry": { "type": "Polygon", "coordinates": [ [ [ -90.750955, 38.922999 ], [ -90.74377, 38.930118 ], [ -90.728841, 38.931141 ], [ -90.723764, 38.925175 ], [ -90.735242, 38.919291 ], [ -90.735611, 38.915832 ], [ -90.724578, 38.915181 ], [ -90.724073, 38.908825 ], [ -90.714198, 38.909892 ], [ -90.707557, 38.902652 ], [ -90.699434, 38.908411 ], [ -90.70623, 38.913506 ], [ -90.716725, 38.912851 ], [ -90.714309, 38.918164 ], [ -90.705896, 38.921543 ], [ -90.696243, 38.91563 ], [ -90.683773, 38.915986 ], [ -90.697481, 38.928151 ], [ -90.696582, 38.932784 ], [ -90.663181, 38.934224 ], [ -90.663018, 38.926283 ], [ -90.636994, 38.905123 ], [ -90.623356, 38.887149 ], [ -90.583388, 38.86903 ], [ -90.561021, 38.869476 ], [ -90.546831, 38.874009 ], [ -90.516963, 38.898818 ], [ -90.507451, 38.902767 ], [ -90.487058, 38.925862 ], [ -90.482725, 38.934712 ], [ -90.483071, 38.94307 ], [ -90.471729, 38.959186 ], [ -90.451279, 38.967731 ], [ -90.439203, 38.967287 ], [ -90.392721, 38.959071 ], [ -90.309454, 38.92412 ], [ -90.277471, 38.923716 ], [ -90.250248, 38.919344 ], [ -90.223041, 38.907389 ], [ -90.19761, 38.887648 ], [ -90.166409, 38.876348 ], [ -90.113327, 38.849306 ], [ -90.109107, 38.837448 ], [ -90.117707, 38.805748 ], [ -90.12678, 38.821326 ], [ -90.141608, 38.829448 ], [ -90.15511, 38.829722 ], [ -90.174138, 38.820021 ], [ -90.188927, 38.81851 ], [ -90.256136, 38.852128 ], [ -90.293712, 38.885548 ], [ -90.312109, 38.890948 ], [ -90.323828, 38.890436 ], [ -90.336799, 38.88203 ], [ -90.344965, 38.849372 ], [ -90.364601, 38.826439 ], [ -90.382268, 38.821942 ], [ -90.430975, 38.829806 ], [ -90.440617, 38.82765 ], [ -90.448117, 38.82205 ], [ -90.473188, 38.790978 ], [ -90.485205, 38.759229 ], [ -90.49579, 38.748256 ], [ -90.529566, 38.73275 ], [ -90.533638, 38.726871 ], [ -90.533018, 38.720963 ], [ -90.541991, 38.716938 ], [ -90.547779, 38.723505 ], [ -90.558352, 38.720195 ], [ -90.561629, 38.722022 ], [ -90.559772, 38.725393 ], [ -90.569106, 38.725463 ], [ -90.572878, 38.724742 ], [ -90.57541, 38.71923 ], [ -90.61766, 38.7207 ], [ -90.620956, 38.731931 ], [ -90.6276, 38.729745 ], [ -90.631747, 38.734563 ], [ -90.633037, 38.730005 ], [ -90.637736, 38.728986 ], [ -90.636649, 38.725545 ], [ -90.631148, 38.725437 ], [ -90.628603, 38.728609 ], [ -90.62709, 38.723903 ], [ -90.638879, 38.721328 ], [ -90.640074, 38.725031 ], [ -90.643213, 38.724343 ], [ -90.640643, 38.732976 ], [ -90.644442, 38.740133 ], [ -90.636962, 38.741261 ], [ -90.637666, 38.744117 ], [ -90.63458, 38.7449 ], [ -90.636493, 38.756237 ], [ -90.624814, 38.762835 ], [ -90.630024, 38.769109 ], [ -90.629841, 38.774194 ], [ -90.632789, 38.77071 ], [ -90.638097, 38.773604 ], [ -90.644439, 38.764916 ], [ -90.647727, 38.767264 ], [ -90.661368, 38.764746 ], [ -90.666012, 38.768874 ], [ -90.658436, 38.770521 ], [ -90.660667, 38.77455 ], [ -90.652313, 38.781178 ], [ -90.652995, 38.786468 ], [ -90.66228, 38.785088 ], [ -90.664515, 38.787257 ], [ -90.660108, 38.782861 ], [ -90.667018, 38.782968 ], [ -90.668835, 38.787454 ], [ -90.675516, 38.788669 ], [ -90.675312, 38.791306 ], [ -90.671563, 38.790857 ], [ -90.673164, 38.795658 ], [ -90.670961, 38.79637 ], [ -90.676269, 38.802546 ], [ -90.655942, 38.802002 ], [ -90.653322, 38.799616 ], [ -90.649625, 38.812712 ], [ -90.658842, 38.822711 ], [ -90.695015, 38.842923 ], [ -90.689338, 38.850163 ], [ -90.684592, 38.849974 ], [ -90.684472, 38.854449 ], [ -90.68934, 38.85441 ], [ -90.68927, 38.86176 ], [ -90.699087, 38.861552 ], [ -90.699179, 38.854592 ], [ -90.689332, 38.850749 ], [ -90.69927, 38.850937 ], [ -90.699321, 38.84741 ], [ -90.706448, 38.854185 ], [ -90.704118, 38.855136 ], [ -90.71452, 38.873302 ], [ -90.722531, 38.872915 ], [ -90.726615, 38.879504 ], [ -90.722239, 38.880249 ], [ -90.72694, 38.88003 ], [ -90.725941, 38.882774 ], [ -90.73204, 38.88874 ], [ -90.7442, 38.91621 ], [ -90.750955, 38.922999 ] ] ] } },
{ "type": "Feature", "properties": { "district": "030", "name": "State Senate District 30" }, "geometry": { "type": "Polygon", "coordinates": [ [ [ -93.413007, 37.224204 ], [ -93.40378, 37.22442 ], [ -93.403354, 37.23489 ], [ -93.410148, 37.234936 ], [ -93.40696, 37.256719 ], [ -93.411417, 37.256792 ], [ -93.41042, 37.27723 ], [ -93.39691, 37.27735 ], [ -93.39377, 37.27331 ], [ -93.38062, 37.26928 ], [ -93.349122, 37.245213 ], [ -93.342743, 37.248683 ], [ -93.342881, 37.245133 ], [ -93.32074, 37.244781 ], [ -93.320459, 37.250662 ], [ -93.324258, 37.252179 ], [ -93.326398, 37.259499 ], [ -93.310404, 37.256056 ], [ -93.310286, 37.259143 ], [ -93.296788, 37.259043 ], [ -93.29674, 37.261455 ], [ -93.289453, 37.262539 ], [ -93.269563, 37.258568 ], [ -93.269434, 37.262243 ], [ -93.264769, 37.26296 ], [ -93.260311, 37.262866 ], [ -93.262683, 37.258466 ], [ -93.248214, 37.257938 ], [ -93.25099, 37.26351 ], [ -93.24918, 37.26605 ], [ -93.243917, 37.261423 ], [ -93.244025, 37.257806 ], [ -93.242515, 37.261392 ], [ -93.23794, 37.26122 ], [ -93.238098, 37.253946 ], [ -93.235604, 37.253773 ], [ -93.236846, 37.25974 ], [ -93.228844, 37.260928 ], [ -93.223327, 37.248249 ], [ -93.21974, 37.260676 ], [ -93.212091, 37.256718 ], [ -93.212205, 37.249822 ], [ -93.199894, 37.247944 ], [ -93.187968, 37.24987 ], [ -93.187835, 37.256069 ], [ -93.174012, 37.25549 ], [ -93.178617, 37.252194 ], [ -93.178837, 37.242579 ], [ -93.1836, 37.23999 ], [ -93.188204, 37.238295 ], [ -93.188021, 37.24746 ], [ -93.201323, 37.238498 ], [ -93.21559, 37.23827 ], [ -93.2156, 37.2351 ], [ -93.20667, 37.234643 ], [ -93.206738, 37.230991 ], [ -93.208956, 37.231064 ], [ -93.209175, 37.223722 ], [ -93.215753, 37.225857 ], [ -93.216087, 37.216635 ], [ -93.220561, 37.216769 ], [ -93.21997, 37.20943 ], [ -93.209418, 37.209138 ], [ -93.20485, 37.20154 ], [ -93.210291, 37.201824 ], [ -93.207265, 37.194391 ], [ -93.216343, 37.194644 ], [ -93.216501, 37.187372 ], [ -93.211983, 37.187449 ], [ -93.212055, 37.18354 ], [ -93.212137, 37.181269 ], [ -93.215856, 37.181825 ], [ -93.21676, 37.17635 ], [ -93.213802, 37.17627 ], [ -93.2124, 37.168906 ], [ -93.20354, 37.16493 ], [ -93.208038, 37.159485 ], [ -93.208022, 37.165118 ], [ -93.213957, 37.165281 ], [ -93.213886, 37.168942 ], [ -93.216861, 37.168957 ], [ -93.217089, 37.161392 ], [ -93.212785, 37.157677 ], [ -93.221817, 37.157724 ], [ -93.221991, 37.146865 ], [ -93.211574, 37.143353 ], [ -93.211661, 37.140643 ], [ -93.208414, 37.142522 ], [ -93.208512, 37.139245 ], [ -93.214556, 37.13905 ], [ -93.214032, 37.135239 ], [ -93.222413, 37.126168 ], [ -93.222604, 37.107543 ], [ -93.218098, 37.106762 ], [ -93.218271, 37.102393 ], [ -93.213726, 37.102255 ], [ -93.21378, 37.099367 ], [ -93.209244, 37.099196 ], [ -93.218348, 37.098304 ], [ -93.218115, 37.092197 ], [ -93.272108, 37.093851 ], [ -93.271187, 37.096823 ], [ -93.275719, 37.097272 ], [ -93.270194, 37.098236 ], [ -93.26827, 37.110419 ], [ -93.27908, 37.11087 ], [ -93.27919, 37.10751 ], [ -93.29308, 37.10887 ], [ -93.29797, 37.11625 ], [ -93.30276, 37.116324 ], [ -93.301253, 37.127226 ], [ -93.319547, 37.12578 ], [ -93.319422, 37.129415 ], [ -93.314944, 37.126151 ], [ -93.314693, 37.134661 ], [ -93.325278, 37.134702 ], [ -93.323656, 37.138144 ], [ -93.344495, 37.13653 ], [ -93.340719, 37.142347 ], [ -93.332089, 37.141176 ], [ -93.333757, 37.147148 ], [ -93.327986, 37.145692 ], [ -93.327786, 37.150258 ], [ -93.323282, 37.150234 ], [ -93.326324, 37.152843 ], [ -93.3232, 37.15292 ], [ -93.323057, 37.156583 ], [ -93.34529, 37.15636 ], [ -93.34547, 37.15319 ], [ -93.35381, 37.1564 ], [ -93.35527, 37.15199 ], [ -93.35934, 37.1521 ], [ -93.35534, 37.15012 ], [ -93.356519, 37.14722 ], [ -93.368989, 37.153516 ], [ -93.369547, 37.142565 ], [ -93.374117, 37.139043 ], [ -93.393071, 37.139373 ], [ -93.392954, 37.143055 ], [ -93.401992, 37.143141 ], [ -93.403317, 37.139533 ], [ -93.403272, 37.143153 ], [ -93.40654, 37.14316 ], [ -93.406334, 37.15024 ], [ -93.392587, 37.155214 ], [ -93.392432, 37.159876 ], [ -93.39986, 37.15773 ], [ -93.401529, 37.163042 ], [ -93.392249, 37.166581 ], [ -93.39714, 37.161839 ], [ -93.377939, 37.160317 ], [ -93.377611, 37.172261 ], [ -93.37315, 37.172249 ], [ -93.371131, 37.16093 ], [ -93.364418, 37.159216 ], [ -93.363567, 37.168681 ], [ -93.356295, 37.175711 ], [ -93.360782, 37.175757 ], [ -93.35988, 37.18792 ], [ -93.365662, 37.188649 ], [ -93.35926, 37.190298 ], [ -93.359208, 37.199428 ], [ -93.378901, 37.199722 ], [ -93.378693, 37.205257 ], [ -93.386073, 37.206268 ], [ -93.384973, 37.21264 ], [ -93.388359, 37.212648 ], [ -93.387345, 37.21215 ], [ -93.387183, 37.211411 ], [ -93.388112, 37.210296 ], [ -93.389972, 37.208922 ], [ -93.387791, 37.212139 ], [ -93.404209, 37.212369 ], [ -93.403987, 37.220267 ], [ -93.413181, 37.220338 ], [ -93.413007, 37.224204 ] ] ] } },
{ "type": "Feature", "properties": { "district": "019", "name": "State Senate District 19" }, "geometry": { "type": "Polygon", "coordinates": [ [ [ -92.570156, 38.979728 ], [ -92.556495, 38.985426 ], [ -92.557606, 38.988406 ], [ -92.563929, 38.986904 ], [ -92.565389, 38.990676 ], [ -92.562106, 38.996406 ], [ -92.56516, 38.998647 ], [ -92.560642, 39.002006 ], [ -92.513553, 39.088806 ], [ -92.430229, 39.248795 ], [ -92.104374, 39.239809 ], [ -92.110387, 39.064204 ], [ -92.131512, 39.064484 ], [ -92.129555, 39.062605 ], [ -92.132564, 39.059465 ], [ -92.132269, 39.051533 ], [ -92.128575, 39.047832 ], [ -92.133467, 39.044652 ], [ -92.135974, 39.032397 ], [ -92.140784, 39.030135 ], [ -92.140653, 39.027382 ], [ -92.134589, 39.027377 ], [ -92.13022, 39.023642 ], [ -92.133939, 39.011004 ], [ -92.14047, 39.00683 ], [ -92.138028, 39.005694 ], [ -92.140143, 39.000741 ], [ -92.138006, 39.002725 ], [ -92.136623, 38.999633 ], [ -92.139944, 38.988556 ], [ -92.138125, 38.985316 ], [ -92.141914, 38.980352 ], [ -92.146429, 38.980732 ], [ -92.143265, 38.967854 ], [ -92.148756, 38.96146 ], [ -92.14678, 38.958706 ], [ -92.152776, 38.946638 ], [ -92.153889, 38.9384 ], [ -92.151108, 38.937461 ], [ -92.154109, 38.934491 ], [ -92.153907, 38.924315 ], [ -92.160838, 38.925438 ], [ -92.155003, 38.915546 ], [ -92.164108, 38.907026 ], [ -92.168962, 38.896578 ], [ -92.158735, 38.894567 ], [ -92.155395, 38.88445 ], [ -92.148188, 38.885533 ], [ -92.148654, 38.880283 ], [ -92.156132, 38.880652 ], [ -92.1625, 38.865585 ], [ -92.149272, 38.866238 ], [ -92.147845, 38.857306 ], [ -92.154172, 38.853504 ], [ -92.150047, 38.851455 ], [ -92.145404, 38.854305 ], [ -92.148502, 38.845594 ], [ -92.14028, 38.845301 ], [ -92.142367, 38.841378 ], [ -92.15055, 38.839203 ], [ -92.145404, 38.833128 ], [ -92.152881, 38.826288 ], [ -92.142821, 38.821772 ], [ -92.145655, 38.815016 ], [ -92.138365, 38.817783 ], [ -92.135196, 38.814128 ], [ -92.142984, 38.813032 ], [ -92.144053, 38.806443 ], [ -92.150957, 38.806043 ], [ -92.145235, 38.796269 ], [ -92.150459, 38.797496 ], [ -92.152043, 38.803771 ], [ -92.158282, 38.80205 ], [ -92.155507, 38.795181 ], [ -92.160127, 38.790059 ], [ -92.158159, 38.785089 ], [ -92.164207, 38.78387 ], [ -92.16384, 38.779803 ], [ -92.167812, 38.776786 ], [ -92.162353, 38.775972 ], [ -92.162859, 38.765206 ], [ -92.171904, 38.764423 ], [ -92.175868, 38.754059 ], [ -92.186123, 38.747878 ], [ -92.181814, 38.738616 ], [ -92.186124, 38.735888 ], [ -92.194159, 38.736647 ], [ -92.192431, 38.726132 ], [ -92.201963, 38.720859 ], [ -92.212186, 38.720117 ], [ -92.216778, 38.713578 ], [ -92.215691, 38.702487 ], [ -92.226015, 38.698554 ], [ -92.21846, 38.689051 ], [ -92.220661, 38.643167 ], [ -92.229401, 38.646027 ], [ -92.259091, 38.645347 ], [ -92.275806, 38.658215 ], [ -92.29337, 38.666564 ], [ -92.345315, 38.674882 ], [ -92.36091, 38.681848 ], [ -92.363606, 38.68621 ], [ -92.36143, 38.69204 ], [ -92.343265, 38.705073 ], [ -92.344093, 38.715069 ], [ -92.360216, 38.730133 ], [ -92.387808, 38.735433 ], [ -92.397456, 38.740523 ], [ -92.404738, 38.74819 ], [ -92.408636, 38.758243 ], [ -92.407078, 38.772598 ], [ -92.390782, 38.780612 ], [ -92.38298, 38.789725 ], [ -92.37958, 38.801546 ], [ -92.384391, 38.815488 ], [ -92.394089, 38.819576 ], [ -92.42118, 38.819754 ], [ -92.439906, 38.831346 ], [ -92.456717, 38.860269 ], [ -92.47964, 38.877439 ], [ -92.474451, 38.898604 ], [ -92.477749, 38.906282 ], [ -92.570156, 38.979728 ] ] ] } }
]
}
